Albedo,Building_Density,LST_Celsius,NDVI,NDWI,total_precipitation_hourly,u_component_of_wind_10m,v_component_of_wind_10m,Longitude,Latitude,Rn_NetRadiation,G_SoilHeatFlux,H_SensibleHeatFlux
0.10534254625,0,37.43347748000002,0.4440354311861788,-0.4252979187236664,0.00013992699419169697,0.707304318745931,0.08461403846740723,77.26734914882023,28.5910964547889,205.14483833920787,33.82775567213726,102.03106906176035
0.12387734,4678,44.17210391000003,0.28045325779036834,-0.3091749792186202,0.00015226489729356117,0.7993351618448893,0.09926128387451172,77.31148164705641,28.419533527726035,148.30393977449296,30.711236144745985,91.42884593077244
0.11528845750000001,755,42.23579558000006,0.5131203941753931,-0.5121383438643168,8.431705107650853e-05,0.7819669246673584,0.12369108200073242,77.05072866235452,28.50195870540487,163.31895872225152,29.916335563174297,70.0931182742421
0.1426574475,4741,45.61792637000002,0.22347704377391583,-0.26307988551902484,0.00014912515112592523,0.7314157485961914,0.06677722930908203,77.31025755319,28.45066526449778,124.47386291454438,27.504235663484476,80.82954547675789
0.10156480250000001,0,40.56780182,0.5114296003760018,-0.4867724232344216,8.895342588428118e-05,0.6211264928181965,0.1589803695678711,77.07519384743595,28.84370617495959,185.76180218849004,32.000775298309286,79.93960043178492
0.14679441000000001,0,34.329915320000055,0.37759888690121246,-0.40886499232622203,0.00015186386745350924,0.5615221659342449,0.1089315414428711,77.26026940933686,28.87972480886559,193.4346237606881,31.801345111917065,106.35499968001575
0.10481368,2,44.45067254000003,0.18071113743663,-0.15796577735633058,9.186525787501725e-05,0.6743142604827881,0.1063375473022461,77.07203533386905,28.726842250471876,163.91357266141495,33.3034474431716,114.31225409464129
0.11348058,0,40.64641628000004,0.1352465607227966,-0.14640033660340598,3.897853951489846e-05,0.6287641525268555,0.1431746482849121,76.89949925572206,28.82953840251558,183.96718624683103,34.68289737812461,137.41885369353156
0.11619755250000002,0,42.85787521999998,0.3330767444175321,-0.3262998052355329,3.897853951489846e-05,0.6287641525268555,0.1431746482849121,76.89647656077707,28.767170913773008,162.355418448798,32.033202139189406,92.51970481970572
0.11424491499999997,2119,43.54489724000001,0.3237511532885199,-0.3285667041470996,8.036239547384044e-05,0.675431489944458,0.08529806137084961,77.04834546698872,28.7091820805826,159.3780777496729,31.892530267023226,92.08123149913301
0.11348195499999998,691,42.62544986,0.2797281340897964,-0.2892238284168304,0.00013992699419169697,0.707304318745931,0.08461403846740723,77.2559382903112,28.59815689586622,167.33164671395025,32.89496657383885,103.7286873925672
0.13892314,4166,41.03948858000001,0.20323293376676152,-0.2354156752563542,0.00015456825503671703,0.6664888858795166,0.1231832504272461,77.18336356525164,28.73997307324453,159.47385278041065,31.54531049945113,108.83777854861081
0.14695081624999998,5228,44.09007143000002,0.20073415474417425,-0.24051899930369045,0.00013992699419169697,0.707304318745931,0.08461403846740723,77.3432979913719,28.64413159684761,132.2476445245868,28.452357497302078,88.86966451013137
0.1060012675,11,40.687432520000016,0.49889765849519935,-0.5113135256271235,3.897853951489846e-05,0.6287641525268555,0.1431746482849121,76.94909191456478,28.84684948010022,181.67491330134885,31.83006912632846,79.92969511020385
0.13954915,4412,44.69335196000003,0.20875166850443974,-0.25714492657399646,8.617081325312803e-05,0.9222345352172852,0.10440381368001302,76.99309788324952,28.414519807823858,133.7863479426967,28.842461865580525,90.74351917103277
0.08288945625000001,280,38.81435756000002,0.6815583341077439,-0.6196583664418368,0.00014912515112592523,0.7314157485961914,0.06677722930908203,77.28279771783163,28.46865118704406,208.86389843890709,28.212940420284404,61.7518918750882
0.10125974500000001,0,39.11172529999999,0.6076851634272159,-0.5728376410829036,8.895342588428118e-05,0.6211264928181965,0.1589803695678711,77.12060718509046,28.81565046282909,193.75669093351075,29.868136300491503,68.41824166572744
0.09521794,0,40.57805588000002,0.1715238610766731,-0.16049019692632346,8.37094887439586e-05,0.5485732555389404,0.15003156661987305,76.88993857815903,28.881016580940496,198.23778832873631,36.204836872097445,141.87495182440998
0.138750275,0,46.74758198000001,0.33963415298462735,-0.4050517920092329,8.296685417903404e-05,0.9189741611480713,0.16247224807739258,76.87829419255448,28.44299332628852,116.84031827692809,26.019952764036073,65.57165942637344
0.08697641,481,41.8461413,0.5887758776995393,-0.5500266550353786,8.974528618691458e-05,0.8087546030680339,0.14197254180908203,76.97617923080126,28.51230396959853,186.96496337138387,30.67157338912408,69.54909116961616
0.11037320375000001,3,43.19967722000001,0.4524732812855302,-0.4610983353564436,0.0001552692533234929,0.6322150230407715,0.1382284164428711,77.31246439084192,28.759395041195173,161.94239342938874,30.97150346747895,76.35077720228283
0.11661756000000002,2,42.32124608000004,0.3818747796057832,-0.39937569649244864,3.897853951489846e-05,0.6287641525268555,0.1431746482849121,76.94602093522235,28.791834954463205,164.61365244249657,31.80828955008086,87.38401526860899
0.12748116,65,33.07892000000004,0.63474685214667,-0.6253100056710936,0.00015456825503671703,0.6664888858795166,0.1231832504272461,77.1996149792631,28.714310430276576,211.66821635687324,27.928357064214538,71.66022874591728
0.1526743775,4867,41.063414720000026,0.18993931891410354,-0.23651861336026306,0.0001581757076809691,0.6417844772338868,0.1521444320678711,77.1890671088895,28.762412512783726,148.60547892271484,30.044434522917676,102.37627820679842
0.10556517249999998,0,41.66498624000002,0.4366188103173734,-0.39998492235010297,8.37094887439586e-05,0.5485732555389404,0.15003156661987305,76.89358808626665,28.866852982091178,176.7327070140061,32.53239854299211,85.86000540343828
0.10820184500000002,4205,39.262118180000016,0.49914964915153887,-0.4619736478393071,9.208205715746468e-05,0.7053788503011068,0.10391569137573242,77.23384222025489,28.605489611437488,189.5353258594787,32.15358406421859,84.44483980072856
0.11217845499999998,0,41.097594920000006,0.4266488224037223,-0.4159342569144447,7.711288683433435e-05,0.7397317886352539,0.15915775299072266,76.861814152443,28.582513895295527,175.53652892992352,32.31765059760963,88.32800413495336
0.133101665,15,41.01556244000005,0.3272707399715816,-0.37770945252182603,8.467832677738762e-05,0.8969619274139404,0.1082615852355957,77.08465358861106,28.405826942544895,161.55175965661192,31.349301000570765,95.5046037270335
0.1529135175,0,47.49612836000006,0.27046342761339637,-0.26934488929034917,0.0001581757076809691,0.6417844772338868,0.1521444320678711,77.17070392334006,28.790347663347294,101.79390944933664,23.71815525929625,60.71598212994398
0.090330255,0,39.145905500000026,0.6360298075427916,-0.5621391656911172,8.895342588428118e-05,0.6211264928181965,0.1589803695678711,77.14001853528647,28.767454491995647,201.65880011901402,29.617290755882436,66.6327309722165
0.10185421250000001,3159,39.29971640000002,0.4980454879882281,-0.4711274463606949,0.00014912515112592523,0.7314157485961914,0.06677722930908203,77.31794567090351,28.548203352175427,194.38505011034295,32.68954789210012,87.12492419238663
0.12896417999999998,502,45.57861914,0.3595240686327857,-0.3839137900262791,9.186525787501725e-05,0.6743142604827881,0.1063375473022461,77.12203036415166,28.747082370198616,132.52101306697227,28.246585975666715,71.34433889803071
0.1118644875,4194,42.885219380000024,0.31799524882411806,-0.33427968963188587,0.0001456475671880576,0.7663278579711914,0.07316907246907552,77.23598445061664,28.518611193179012,165.97453508940168,32.60989674519189,97.95717579390057
0.14289383750000004,91,44.454090560000054,0.3071070617551343,-0.35949199781628016,8.340164291130814e-05,0.6686423619588217,0.11760425567626953,76.94348226873474,28.666704237683163,130.50878082717122,27.935349948859237,75.89755425211175
0.10068477500000002,1290,40.12345922000003,0.45567215853214954,-0.439882737024452,9.208205715746468e-05,0.7053788503011068,0.10391569137573242,77.24159457067856,28.60161820682173,190.69703315644142,33.30691242450226,91.78015845846532
0.11087723749999999,3682,44.491688780000004,0.37297461581810015,-0.3813449189685047,9.330361674741994e-05,0.712843656539917,0.1165914535522461,77.12485699303265,28.561557411916798,154.3383517736786,31.126165223074263,82.83757345332357
0.17498166250000005,3392,43.82517488000002,0.178993506329178,-0.213726338166869,8.340164291130814e-05,0.6686423619588217,0.11760425567626953,76.85614014533827,28.734563766954352,112.15607103802108,25.017388280080876,76.3984146860954
0.10087246250000001,939,40.998472340000035,0.46410441885326187,-0.4451766995444292,8.431705107650853e-05,0.7819669246673584,0.12369108200073242,77.13135587393177,28.512124090989808,184.42829829628738,32.814028250729386,87.68184580262631
0.1408579025,2595,45.06933416000004,0.3010086948712048,-0.3314261751713283,8.605784747293756e-05,0.720656156539917,0.1136617660522461,77.03379075565877,28.60652624453794,127.9650253452636,27.702585803395657,75.19554891798747
0.08777861250000002,2687,39.98673842000005,0.6281569180750238,-0.5775915359010938,9.208205715746468e-05,0.7053788503011068,0.10391569137573242,77.2094403975379,28.554470096533986,198.18317999557462,29.881234153797795,67.04395553870766
0.1134885825,4400,42.55025341999999,0.3831207365941697,-0.38919749293351363,8.431705107650853e-05,0.7819669246673584,0.12369108200073242,77.09200723582177,28.48484686474131,165.51298373808834,31.986526940458518,88.89082250874662
0.09962426499999999,3797,42.14692706000005,0.5245090440817008,-0.5065277843238911,8.991754130804885e-05,0.5436716079711914,0.14101839065551758,77.09940325533671,28.86123550816258,176.20844130471073,31.197004201831895,72.82438263115064
0.07657998,243,37.84705789999998,0.5258937920718025,-0.46305991021356546,8.031308860090292e-05,0.8098287582397461,0.1892242431640625,76.90430054395142,28.528902255290117,223.69312026265243,34.19784410567069,97.31243236188193
0.158281545,0,47.420931920000044,0.30252479711451763,-0.3765051349377748,8.296685417903404e-05,0.9189741611480713,0.16247224807739258,76.86691793289809,28.443604876628466,97.27157374579485,22.742849754179314,56.83302631546123
0.09678934500000003,0,36.88317626000003,0.6179803808424696,-0.5300864915009141,0.0001520350962984842,0.547762393951416,0.12106871604919434,77.20808408727305,28.853741563046544,211.9515294529166,30.259242198749398,73.30379838090178
0.12201515,0,43.02194018,0.4442126984479183,-0.4685867713586264,8.031308860090292e-05,0.8098287582397461,0.1892242431640625,76.86928117170358,28.484238170652915,154.05051383873274,29.979443746448148,74.69188946788668
0.11360545750000002,0,41.33685632000004,0.4094133522986306,-0.4268729461285678,8.397091838929782e-05,0.6301561991373699,0.1371140480041504,76.96138396758425,28.763042533675886,173.1469297553649,32.30042151635999,88.54648566460044
0.17025127750000002,0,43.50388099999998,0.19820508843522858,-0.23481913034851107,0.0001581757076809691,0.6417844772338868,0.1521444320678711,77.20180762663198,28.789958735800738,117.72022416337859,25.873798049042144,78.4992171482763
0.11345495,0,42.25630369999999,0.4496000751142851,-0.4546236128572565,0.0001552692533234929,0.6322150230407715,0.1382284164428711,77.32198291121504,28.784036824857576,166.06986799668653,31.254412110526474,79.00442509503952
0.0740149175,0,37.512091940000005,0.30915065492218513,-0.26901433374623973,8.031308860090292e-05,0.8098287582397461,0.1892242431640625,76.93121504892409,28.512142779179083,232.53923152529035,37.585725170698616,145.88434802536864
0.1071161175,1542,43.38083228000005,0.3859098489027537,-0.3976073097900802,8.467832677738762e-05,0.8969619274139404,0.1082615852355957,77.10444667723291,28.419437138339067,164.80317452251245,32.120624128785636,88.84044947747907
0.1167602025,0,45.226563080000005,0.4939741662830618,-0.4940653148156365,8.340164291130814e-05,0.6686423619588217,0.11760425567626953,76.91342468619158,28.651320815653428,141.64026339380416,28.133943047682084,61.33657168155174
0.09174118375,0,40.005537530000026,0.568340255940803,-0.5419151962864059,0.00014912515112592523,0.7314157485961914,0.06677722930908203,77.24973378206194,28.461422460013363,196.19013971671643,31.558982674942804,76.28404094543204
0.13269934,701,44.39256620000003,0.36696826295493146,-0.4051929084789686,8.296685417903404e-05,0.9189741611480713,0.16247224807739258,76.91839110040723,28.442157922332438,137.71406298830357,28.714952083165617,75.43914615577866
0.136885115,1998,43.78757666000001,0.31440739728523276,-0.34515811370668414,8.036239547384044e-05,0.675431489944458,0.08529806137084961,76.95185618815795,28.70982235041831,139.79434663413804,29.17916676927833,80.99989968708248
0.1445308025,3460,48.20365850000002,0.25107136841973937,-0.2514148441643528,8.895342588428118e-05,0.6211264928181965,0.1589803695678711,77.13640171530722,28.757177697665064,103.86941154505132,24.286225119003685,63.423515207371516
0.24241545750000001,850,48.96929498000003,0.06624501337162629,-0.13675790741178742,9.330361674741994e-05,0.712843656539917,0.1165914535522461,77.11578553811832,28.56686286153413,24.522669905795624,6.717321225277397,17.82674277408883
0.11950527999999999,2057,44.02000201999999,0.4260228520690702,-0.4290531245426606,3.897853951489846e-05,0.6287641525268555,0.1431746482849121,76.92561124538054,28.770214817419358,149.51928174992588,29.836267737453152,73.12519537076241
0.16250703,0,36.52086614000001,0.31027290448343087,-0.3627231350923965,8.991754130804885e-05,0.5436716079711914,0.14101839065551758,77.06261102249725,28.876190425107005,168.17780958822544,30.446607492832747,100.33256600479672
0.090589085,2761,41.72992862000001,0.5243588667953129,-0.49492608540632466,9.330361674741994e-05,0.712843656539917,0.1165914535522461,77.13111393227692,28.617544788814357,186.3126018922968,32.18122675863223,78.6066049416152
0.1507361225,0,50.302322780000054,0.32159055508915313,-0.3973092167699435,8.296685417903404e-05,0.9189741611480713,0.16247224807739258,76.88678503231179,28.446889911809535,81.84089758046616,20.02374100725233,45.85104469088708
0.1432971525,4545,40.424244980000026,0.1592915328457942,-0.2037397383231455,0.00015456825503671703,0.6664888858795166,0.1231832504272461,77.18994251367225,28.741377836431234,161.07261064589977,31.627249567070105,116.20177335777691
0.0999052325,3625,38.78017736000004,0.48474626285116457,-0.4561718529042272,0.00015456825503671703,0.6664888858795166,0.1231832504272461,77.22626286962034,28.68612389008113,199.70719803061115,33.253130736515715,91.57910717499598
0.09108040000000003,0,39.750895040000046,0.4553431885637268,-0.4057879683940085,8.37094887439586e-05,0.5485732555389404,0.15003156661987305,76.85938461057667,28.87622225413158,200.89851498666098,34.22363539788368,95.94348042869188
0.11431314249999999,40,42.82711304000003,0.5049757675444629,-0.4974547604190614,8.397091838929782e-05,0.6301561991373699,0.1371140480041504,76.9724407653485,28.79369774321034,160.1886845828459,29.841843102670037,68.68605786117604
0.12189267875000002,151,40.16960248999999,0.4189793042103776,-0.41463049287588827,0.00013992699419169697,0.707304318745931,0.08461403846740723,77.29224486138234,28.58729414079445,174.22111251011722,31.912732262064743,88.57409615539164
0.1042568325,110,42.68013818000003,0.4467334565379503,-0.4465270979077653,8.397091838929782e-05,0.6301561991373699,0.1371140480041504,76.96687641112536,28.842334820810336,170.56759221098298,31.980855133003608,81.620208325547
0.11574512249999998,0,39.91496000000001,0.10213670432934341,-0.1141099484334008,7.711288683433435e-05,0.7397317886352539,0.15915775299072266,76.8500495800946,28.648554836712005,187.75718656347055,34.89368630863758,147.63572401793272
0.127768315,0,38.56142408000005,0.44796216624519697,-0.46053743077831955,0.0001581757076809691,0.6417844772338868,0.1521444320678711,77.19895790028143,28.842243362780124,179.66252796708943,31.579501351807657,87.13926515694732
0.158323125,0,36.15171998000005,0.17963179264697698,-0.23565157102989406,8.895342588428118e-05,0.6211264928181965,0.1589803695678711,77.13830774237034,28.836359307605342,176.625205997767,31.712733747859495,126.50367378928085
0.10358764750000002,0,40.00724653999998,0.4047439934492147,-0.36002578150177256,8.991754130804885e-05,0.5436716079711914,0.14101839065551758,77.09713761580365,28.875763302181706,190.26973038357517,33.84712889188134,98.34121848605976
0.0775543325,40,39.04336490000003,0.652667289829589,-0.5912266347787777,8.431705107650853e-05,0.7819669246673584,0.12369108200073242,77.12743533693616,28.48866479895705,212.21168824402298,29.795434368756165,68.37520573987528
0.10061244999999999,0,39.49796156000002,0.5769610905992616,-0.5488002856329951,8.431705107650853e-05,0.7819669246673584,0.12369108200073242,77.1377703991901,28.51800533356952,192.33684881873126,30.77521792880511,73.75780276979846
0.1645596575,0,42.020460319999984,0.23486431624464468,-0.28476766209168985,8.974528618691458e-05,0.8087546030680339,0.14197254180908203,76.9737837088955,28.487254836379783,131.61427806202596,27.667832107612657,86.06377022278089
0.1257707975,0,42.73824452000002,0.373816155988858,-0.3830366827729022,8.031308860090292e-05,0.8098287582397461,0.1892242431640625,76.88187970427695,28.540565967460953,154.60115124698734,30.65941219178435,84.06471439335571
0.12644342000000003,0,33.56427884000004,0.5122573190289772,-0.5290959726439942,0.0001552692533234929,0.6322150230407715,0.1382284164428711,77.32877330554014,28.832958423471588,211.8662641472863,31.403603511078348,93.71551231992181
0.08390356,20,38.53749793999998,0.6317843342971928,-0.5874361320114759,9.208205715746468e-05,0.7053788503011068,0.10391569137573242,77.15738214434313,28.627469226046465,210.97863060392785,30.33221197048888,71.2594398037243
0.12411054000000002,4545,43.63376576000002,0.37226476375619344,-0.37729316867727897,0.00015226489729356117,0.7993351618448893,0.09926128387451172,77.31332119494775,28.420647925690847,149.76079234690576,30.252805258893833,81.06199537697518
0.1465060725,4242,47.92679887999998,0.1620376335180039,-0.20404816090931055,9.330361674741994e-05,0.712843656539917,0.1165914535522461,77.08196861169077,28.601101539529914,106.43315025983145,24.89719231793521,73.25921716545933
0.15230942500000003,3,40.63616222000002,0.3872540760196244,-0.39264411046271575,8.895342588428118e-05,0.6211264928181965,0.1589803695678711,77.11221457950138,28.7753635285446,147.4317167441743,28.86790098766718,77.30741467938567
0.06879418,113,37.58387035999999,0.7422815379726723,-0.6622182878693255,8.958636967903999e-05,0.8544745445251465,0.11635112762451172,77.1500947457059,28.427973812805195,227.08759937467255,25.835666966625087,56.339082751594304
0.1011249125,6,41.80170704,0.2649013115718498,-0.24782000535698348,3.897853951489846e-05,0.6287641525268555,0.1431746482849121,76.87997147833049,28.77328563130373,183.18036865168233,34.65959750972381,116.21783029542256
0.13466086000000002,3838,48.11820799999998,0.18529649459541364,-0.22829102329233192,8.605784747293756e-05,0.720656156539917,0.1136617660522461,76.99082536672073,28.612865918280896,113.97174756179402,26.274121164174545,76.66012391995227
0.09768381,0,39.59024810000005,0.09972627578150885,-0.0959430110329251,3.897853951489846e-05,0.6287641525268555,0.1431746482849121,76.88681838463788,28.77523276104388,204.4110975975052,36.59853978920427,160.81959040121632
0.16074543500000002,0,53.24181998000006,0.31016474531927074,-0.3628699608777003,8.031308860090292e-05,0.8098287582397461,0.1892242431640625,76.88116063894083,28.51939104943491,52.10703056409454,13.716734664847397,28.685415381740736
0.13292692999999997,0,42.27339380000001,0.25697152527407846,-0.29209184477401223,8.340164291130814e-05,0.6686423619588217,0.11760425567626953,76.87128726216358,28.73691031958257,154.69908380845573,31.14979819216652,98.03303767120566
0.1124533725,0,38.558006060000025,-0.07916774429451794,0.08589337252332818,3.897853951489846e-05,0.6287641525268555,0.1431746482849121,76.88420245807663,28.833468890840397,182.79394373907473,32.64821523543785,172.48123667078966
0.0850293,498,37.922254339999995,0.5764595983185428,-0.5311691930811455,8.397091838929782e-05,0.6301561991373699,0.1371140480041504,77.03933067976646,28.814780398911445,215.36149798647477,32.25875493853453,82.55270626640703
0.11896218250000001,3816,43.309053860000006,0.3875477861334961,-0.38864440572629466,0.00015226489729356117,0.7993351618448893,0.09926128387451172,77.32617710087496,28.409235379251825,155.78733094910388,30.88003561321312,82.66161089165784
0.09917835250000001,762,40.950620060000006,0.5053536438143421,-0.5046507961532397,8.958636967903999e-05,0.8544745445251465,0.11635112762451172,77.17107416560356,28.444616332429867,185.19879441615421,32.187513172105746,82.21336946466278
0.14868382500000002,7106,48.00199531999999,0.1448326796719808,-0.18268579358971826,9.186525787501725e-05,0.6743142604827881,0.1063375473022461,77.07138344022736,28.672522037240416,104.56590774570611,24.585624191082882,73.06559536147749
0.10437493125,0,40.97112818000005,0.5032709985485601,-0.49344701787068374,0.00015186386745350924,0.5615221659342449,0.1089315414428711,77.33828288709107,28.86147342548076,180.94766228363096,31.766779534501843,78.34106245558499
0.13773701,6650,43.249238510000055,0.25380996185643717,-0.29469812017110253,0.00015226489729356117,0.7993351618448893,0.09926128387451172,77.29347004463695,28.43003987565015,144.2222176515869,29.937850642152554,92.14677179889155
0.15020773750000002,6633,47.72513570000001,0.14850946872451593,-0.19215720699255096,9.330361674741994e-05,0.712843656539917,0.1165914535522461,77.09106108688128,28.610111410094692,105.24372611383433,24.657767548330167,73.57457805023822
0.07485507,348,37.23523232000002,0.6791035927433697,-0.612278460195575,8.031308860090292e-05,0.8098287582397461,0.1892242431640625,76.8892096491311,28.46592488449876,225.88905611320706,28.987926888042058,68.43958375873984
0.12484187499999999,2764,43.93796954000004,0.46229045967667254,-0.47945590554870143,8.605784747293756e-05,0.720656156539917,0.1136617660522461,76.9812588565687,28.590110324211874,144.99229759389857,28.746955996078484,67.06646149479737
0.08275293249999999,0,36.61998872000004,0.6035787845906945,-0.5539339142698836,8.397091838929782e-05,0.6301561991373699,0.1371140480041504,77.0321792945435,28.816422387671317,225.21306018792347,31.657050503344518,81.67801398644757
0.0849921475,2593,41.610297919999994,0.4129987428836808,-0.37473610407821445,7.711288683433435e-05,0.7397317886352539,0.15915775299072266,76.86141723532647,28.576714909630486,194.09126049289978,34.749169126278375,100.61135190361014
0.1464129575,1920,41.96235397999999,0.23272729428363104,-0.250503629136524,0.0001456475671880576,0.7663278579711914,0.07316907246907552,77.2483010838548,28.545101331273383,146.57513843148456,29.950018489032793,96.37181014449621
0.18193498250000004,0,42.895473440000046,0.21762693751759205,-0.2887764531228697,7.711288683433435e-05,0.7397317886352539,0.15915775299072266,76.9315065014345,28.568048837779575,112.11857292767138,24.696191323622564,73.57223729472273
0.14293195250000001,1397,45.995617580000044,0.30865091321405574,-0.37991928195744057,8.031308860090292e-05,0.8098287582397461,0.1892242431640625,76.90874687527379,28.472794234481142,119.58479975291971,26.48152066372026,69.7198860343774
0.1280266775,447,42.885219380000024,0.3045700221079595,-0.3246465841234714,8.895342588428118e-05,0.6211264928181965,0.1589803695678711,77.1488068574118,28.769595864589306,153.34852632392233,30.95743426311922,90.57154346002719
0.1838871525,726,44.48143472000004,0.2357044528595729,-0.26989011198384316,8.617081325312803e-05,0.9222345352172852,0.10440381368001302,76.97664006605508,28.44832942608954,99.17126840667572,22.69671925374996,63.87397194401217
0.15495332999999997,5064,43.55173328000001,0.17816208479933204,-0.21745399869359994,8.991754130804885e-05,0.5436716079711914,0.14101839065551758,77.1290220435911,28.878995971670502,130.08572353657235,27.997396174774472,88.61241155689608
0.1514836275,0,41.34027434000001,0.29201338383968184,-0.37108043394075585,3.897853951489846e-05,0.6287641525268555,0.1431746482849121,76.94149791283589,28.848656957072016,145.42568577161376,29.373802695139418,87.4615479422607
0.07237963000000001,0,37.39929728000004,0.5261239164034675,-0.4298126185398254,0.0001520350962984842,0.547762393951416,0.12106871604919434,77.20509253088797,28.873304806677364,230.00829558733972,34.49505683782341,97.84649656750341
0.132041375,2770,44.16355886000002,0.3256271809865132,-0.3419859171738871,8.340164291130814e-05,0.6686423619588217,0.11760425567626953,76.94930988655092,28.655402436011247,140.79354315744547,29.376497665292053,80.2376978156085
0.101929975,1553,43.196259199999986,0.48397153945666244,-0.4539704670764941,8.409465144421091e-05,0.7554222742716472,0.2055816650390625,76.84013215103418,28.592882708001106,168.00528383445726,31.274304702616888,76.08096417257116
0.1448532675,5934,44.70702404000002,0.15756248312280594,-0.20753937451486087,8.617081325312803e-05,0.9222345352172852,0.10440381368001302,77.01038422963214,28.44800739630581,130.63270971330735,28.435766099406028,94.08519199713561
0.08095635749999998,76,34.21370264000001,0.7007605482555773,-0.6300874846604951,0.0001552692533234929,0.6322150230407715,0.1382284164428711,77.31386651837583,28.84257870695392,240.30267970822052,27.620426750914984,67.76157144414897
0.15758612500000002,0,45.29492348000002,0.24713755933009696,-0.297039889804065,7.711288683433435e-05,0.7397317886352539,0.15915775299072266,76.92107400825873,28.617881446710943,114.25107013531658,25.605775497235538,71.78748845403555
0.07857912,0,35.529640340000014,0.6504821358140547,-0.5661336740356446,9.330361674741994e-05,0.712843656539917,0.1165914535522461,77.14874485924145,28.60958544091351,234.70920625795065,30.12702779754769,76.6700519773332
0.1390716125,6566,44.82323672000001,0.15305895014360227,-0.19865217333739352,8.974528618691458e-05,0.8087546030680339,0.14197254180908203,77.02013288044182,28.459272188390134,134.55255876378442,29.10920990576488,96.63726703696514
0.08849288375000001,481,40.53533063000003,0.4634138967100662,-0.4380064619155494,0.00013992699419169697,0.707304318745931,0.08461403846740723,77.3305359476952,28.552720097960375,197.49436341153478,34.051431366734285,93.94857934182029
0.10319789000000001,0,34.75716782000001,0.35259961487187086,-0.3466751220375477,0.00013992699419169697,0.707304318745931,0.08461403846740723,77.26925403732055,28.63176925774252,226.097149781991,35.3202824043585,132.30715116721174
0.11147803,4466,44.21824718000005,0.3858986310779648,-0.41161183922837624,8.958636967903999e-05,0.8544745445251465,0.11635112762451172,77.19138935192989,28.42717428133612,155.47570846512303,31.10479522474967,82.9627368903777
0.1409095475,4617,45.424808240000004,0.18790300273534746,-0.22577985259232014,9.186525787501725e-05,0.6743142604827881,0.1063375473022461,77.05885634797596,28.727475503775917,128.0624321455383,28.136771610401787,86.68896624988069
0.10134428000000002,0,42.52974530000006,0.4578412269190492,-0.3578571781322534,8.991754130804885e-05,0.5436716079711914,0.14101839065551758,77.07100689423919,28.875013427845968,173.68674369811936,32.16251795077487,81.03815999414333
0.1565650225,2234,41.30267612,0.19154181788992672,-0.23557040595495732,9.186525787501725e-05,0.6743142604827881,0.1063375473022461,77.14374661857245,28.658226872557023,143.84355611577666,29.420684299466018,98.82101175829277
0.11011045500000001,0,41.788034960000005,0.4362859757957896,-0.4177494745427737,8.340164291130814e-05,0.6686423619588217,0.11760425567626953,76.88307767743116,28.660172765704637,172.26100719331555,32.040009513852006,84.4109243943945
0.13121764000000002,405,43.72605229999999,0.3841191622802106,-0.41141806470769626,0.0001581757076809691,0.6417844772338868,0.1521444320678711,77.16051405936453,28.761561009011338,143.16174296634222,29.2288506423447,74.79724166028925
0.16445462125,10,44.541250070000046,0.2920261263599541,-0.37634883190015983,0.0001552692533234929,0.6322150230407715,0.1382284164428711,77.32494062407623,28.7817115612348,112.99889040332755,25.07097586711467,66.27921719842064
0.09798075499999999,103,35.67319717999999,0.6281796721600812,-0.5905451567366028,0.0001456475671880576,0.7663278579711914,0.07316907246907552,77.19827252450015,28.520631245099935,218.71267775317392,29.91763721843382,75.60175457544875
0.11548425749999999,4059,39.610756219999985,0.4434333749419591,-0.4309045151031486,0.00015456825503671703,0.6664888858795166,0.1231832504272461,77.20629386232063,28.694145228244803,182.57600069281114,32.386333840239224,89.25613092588138
0.1311121775,0,35.300633000000005,0.2820746079097381,-0.3089518663040004,0.0001581757076809691,0.6417844772338868,0.1521444320678711,77.23255770951596,28.785965059934757,201.73544230682694,33.75990438671133,128.54794034775708
0.122022905,0,39.66202652000004,0.04842329381977216,-0.07696968353541837,3.897853951489846e-05,0.6287641525268555,0.1431746482849121,76.88826029179832,28.774428055780856,185.57870422666963,34.6156794466269,152.91648661613593
0.1343792325,0,42.70064630000002,0.3465852142605171,-0.39238175744136367,7.711288683433435e-05,0.7397317886352539,0.15915775299072266,76.90960462892106,28.587200291517014,148.58838208653526,29.98949445099278,83.35794770517357
0.1428997225,7482,41.48383118000004,0.12664846298473936,-0.16840292131734866,0.00014701965174594988,0.6609047651290894,0.12557220458984375,77.27109218661349,28.68341340015575,154.993661003601,31.224272710087657,115.36598824306792
0.1080502375,2993,43.51755308000003,0.3314307986021655,-0.34808403619897393,8.431705107650853e-05,0.7819669246673584,0.12369108200073242,77.10038208450901,28.502963231398596,164.3483355886858,32.50731369981353,95.12317884250857
0.12849148250000003,0,42.94332572000002,0.36652038922519203,-0.38198955696017495,8.397091838929782e-05,0.6301561991373699,0.1371140480041504,77.00090706357285,28.778344707492764,151.17367607903577,30.296503375145598,81.5114380082872
0.10501444375000002,0,41.68720337000002,0.5119191894523797,-0.49277087735055747,0.00014701965174594988,0.6609047651290894,0.12557220458984375,77.33844938097324,28.669135014748345,175.34320202049764,31.204952340533534,75.0838328846746
0.08264315250000001,20,41.78461693999998,0.46974831121877675,-0.4290227778924223,8.031308860090292e-05,0.8098287582397461,0.1892242431640625,76.88256620555738,28.501243545477205,193.51168829155915,33.968869101788194,91.63336184763791
0.08488646500000002,0,42.10249280000005,0.6843572449473772,-0.5561642639660385,3.897853951489846e-05,0.6287641525268555,0.1431746482849121,76.9060050555667,28.844786488893835,184.724488366777,27.036307980541995,52.98279769823993
0.1088433375,3249,40.82415332000005,0.4315682451432726,-0.42110676027007865,9.186525787501725e-05,0.6743142604827881,0.1063375473022461,77.1051307274697,28.674225419796368,179.95491176269184,32.68369468347089,89.4283255137541
0.10842608000000001,335,42.61177778000001,0.542656189900544,-0.524321448156413,8.605784747293756e-05,0.720656156539917,0.1136617660522461,77.0340059042969,28.567577152030903,165.54205111047713,29.706242213703202,66.65598826578046
0.0830108825,774,44.358385999999996,0.42006379559304613,-0.38174919430376736,8.036239547384044e-05,0.675431489944458,0.08529806137084961,77.02684429204847,28.699310073720685,176.48040348700442,33.502257680712844,88.56324290131577
0.168232035,32,44.71386008000002,0.21883669898595426,-0.2947664060053091,8.467832677738762e-05,0.8969619274139404,0.1082615852355957,77.11851182178503,28.415874501121504,110.46339657438057,24.862076356296054,72.9100001189132
0.13684821,5068,45.00780980000002,0.26564013054861496,-0.2928425757446237,8.617081325312803e-05,0.9222345352172852,0.10440381368001302,76.99879035632888,28.434574496706322,132.42715305114461,28.544810431598233,83.36741572796971
0.1205596025,0,41.31976622000002,0.50818639137147,-0.506402641302609,0.0001552692533234929,0.6322150230407715,0.1382284164428711,77.33778802228227,28.807308179672162,165.50933706840624,29.991303914780374,70.96284163076326
0.11041556749999999,2791,37.720591160000026,0.40842641531788304,-0.4070002169896305,0.00015456825503671703,0.6664888858795166,0.1231832504272461,77.21709347525525,28.69711184791402,199.95007002551085,33.87344869836586,104.90546605144635
0.08086272,0,38.18715089,0.6614546166427745,-0.6060078868012061,0.00015226489729356117,0.7993351618448893,0.09926128387451172,77.26134551773218,28.439363968453275,215.12162443302213,29.35390663812118,67.95649836654695
0.1057314925,0,38.48964566000001,0.5180645599057446,-0.4219646499373082,0.0001552692533234929,0.6322150230407715,0.1382284164428711,77.26166374422154,28.819889087600245,196.26941898265966,32.17338260232391,84.20159569232568
0.15965250250000002,0,44.25242738000003,0.2783590839604019,-0.32359404373460093,8.508044841351844e-05,0.9663112958272297,0.19684696197509766,76.84764958304494,28.425128440101595,119.17229205613467,26.115810262742766,73.7757429434025
0.13579364000000002,2871,49.170958160000055,0.2449984160635523,-0.27770622585122484,8.036239547384044e-05,0.675431489944458,0.08529806137084961,77.00827841731827,28.678928815530195,103.9867075874289,24.481175339674174,64.11340466185102
0.08696840750000001,0,37.43689549999999,0.6111540155349474,-0.5650066026447778,0.0001456475671880576,0.7663278579711914,0.07316907246907552,77.2189568870704,28.487506024699304,216.29471469367263,31.062012639124557,77.57172410075796
0.1004038625,0,42.04096844000003,0.46951951277427306,-0.4418341067796718,8.605784747293756e-05,0.720656156539917,0.1136617660522461,76.95910478749268,28.592015431959634,177.54667151279114,32.29494840399809,82.67473277984597
0.1029345225,0,38.85879182000002,0.5798373469122475,-0.5228450177868089,8.991754130804885e-05,0.5436716079711914,0.14101839065551758,77.07023376527822,28.87012784251238,194.7151269240053,30.692178458238637,72.78708976714587
0.1464472775,4416,40.06535287999998,0.19056753338698645,-0.23435970789731228,9.330361674741994e-05,0.712843656539917,0.1165914535522461,77.09643752727301,28.64538583304484,160.2659393067288,31.31831459429431,111.91351793023307
0.14105155749999998,6162,40.509695480000005,0.23913818240725748,-0.26852404643449423,0.00015456825503671703,0.6664888858795166,0.1231832504272461,77.22468626758905,28.702839582258115,160.54455803599683,31.401108887757054,104.92017707961651
0.08717661000000002,43,39.74747702000002,0.37836931741987395,-0.3490172917281885,8.717988434341351e-05,0.668123722076416,0.16960620880126953,76.84499979691375,28.683914498020968,205.71792052573983,35.616557672744165,113.02906181228924
0.08612171,0,41.059996700000056,0.6109192298514211,-0.5673941734284876,7.711288683433435e-05,0.7397317886352539,0.15915775299072266,76.92575188493305,28.60564812808976,192.56418368462698,30.295009882888436,67.91304950806254
0.1579060325,1464,36.40807147999999,0.37110230736946964,-0.43608917228220173,0.0001552692533234929,0.6322150230407715,0.1382284164428711,77.29443114738581,28.77647619468654,171.32248600479033,30.41513244750689,94.35111268312099
0.0998066175,191,40.33879448000005,0.522724973969954,-0.5039253478751411,8.431705107650853e-05,0.7819669246673584,0.12369108200073242,77.13415172530263,28.489216743924935,188.4755036235805,31.981435524305702,80.60389314199385
0.08251651500000001,3429,40.605400040000006,0.5856701126697011,-0.5414535344999968,8.605784747293756e-05,0.720656156539917,0.1136617660522461,77.04818634673401,28.590597850021016,199.11314636568272,31.548480071686456,74.49220004040357
0.15259471,1973,40.625908159999994,0.26294132816091315,-0.30794686607370947,0.00015456825503671703,0.6664888858795166,0.1231832504272461,77.22291452261179,28.716416971690514,150.00584202003984,29.898441192203762,94.5263029067414
0.13990797,3,42.686974220000025,0.32542040816326545,-0.36228171251496283,8.974528618691458e-05,0.8087546030680339,0.14197254180908203,77.03768354662468,28.543970227305394,144.73721097054033,29.546177309944042,84.08608636934233
0.095352195,0,40.28410616000002,0.2217020353566394,-0.13967017401861587,8.37094887439586e-05,0.5485732555389404,0.15003156661987305,76.92760768399823,28.878293039883594,198.9990751927047,36.033676762262566,134.0490303937545
0.15084738749999999,308,37.559944220000034,0.3236044862704654,-0.3811063701567385,0.0001552692533234929,0.6322150230407715,0.1382284164428711,77.29177525828592,28.779803549804633,170.4545094378558,31.136990050719856,100.33208051326127
0.1565917525,0,43.05270236000001,0.14801667826503936,-0.21765019662328963,8.397091838929782e-05,0.6301561991373699,0.1371140480041504,76.98165927014188,28.767716584135023,132.8913934030212,28.35748307894196,94.80470910518989
0.13218216125,6933,43.05953840000001,0.21429022826979943,-0.24475781979856384,0.00013992699419169697,0.707304318745931,0.08461403846740723,77.31480453919603,28.588964724145775,150.86947118548005,30.976470811865298,100.91149373165845
0.13325977625,2393,40.46013419000002,0.2781810820917433,-0.3052479431433378,0.00013992699419169697,0.707304318745931,0.08461403846740723,77.32246218509772,28.608226974570808,166.25420916665257,32.00571577347032,103.80597031719951
0.09738859750000001,0,34.16243234000001,0.6083771631930216,-0.5572246104683076,8.895342588428118e-05,0.6211264928181965,0.1589803695678711,77.0972700376769,28.788150664549526,229.3558138138564,30.665768810279552,82.80044448200344
0.077551005,4,39.395420960000024,0.5660915770139071,-0.421348356416191,8.37094887439586e-05,0.5485732555389404,0.15003156661987305,76.92444997143599,28.872165771671128,211.7124994345927,32.80893806547398,82.04260587736522
0.13154038,0,43.78074062000002,0.35117753204090124,-0.3859168298036425,7.711288683433435e-05,0.7397317886352539,0.15915775299072266,76.8698746339505,28.58529986252577,143.27625829658757,29.496002122854538,79.40909162901258
0.1092077675,0,39.58341206,0.11005515891019357,-0.10579522839178244,3.897853951489846e-05,0.6287641525268555,0.1431746482849121,76.86555602562709,28.83393712700091,195.01309710050123,35.5664067890159,151.04923099030694
0.0689339075,0,38.16835178000002,0.4644185071911976,-0.38881748071979433,8.974528618691458e-05,0.8087546030680339,0.14197254180908203,76.9953729421482,28.52515323846483,228.98796761625113,35.953382593830696,111.87497558761974
0.13914786999999998,6199,46.49464850000004,0.18778260923427614,-0.23123844257242665,8.340164291130814e-05,0.6686423619588217,0.11760425567626953,76.93441527228697,28.687570891286235,121.92492912763885,27.345481838273443,82.03436484971091
0.11330836125,4552,39.90299693000003,0.35640083266102934,-0.36859630375286,0.00014912515112592523,0.7314157485961914,0.06677722930908203,77.30320505586418,28.51448907938414,184.2474245362272,33.56301480442096,104.10315844109445
0.09543631750000002,1462,43.98923983999998,0.5275250578257517,-0.48418028675469504,9.330361674741994e-05,0.712843656539917,0.1165914535522461,77.10384867571202,28.595088314760364,166.66096301809148,30.52924799018172,68.9646723914944
0.14213778,157,49.95368474000003,0.24962856458183558,-0.2929115116653856,0.0001581757076809691,0.6417844772338868,0.1521444320678711,77.1694190944566,28.799872442331317,93.07055553315217,22.471323358287467,56.46977262437776
0.13960640500000002,3232,44.204575100000056,0.35327576824748197,-0.3972236798168202,8.617081325312803e-05,0.9222345352172852,0.10440381368001302,77.01615344890389,28.43027155087957,133.81918651353135,28.15333618331374,74.6791651773674
0.071414765,2,38.035049000000015,0.7069805742673164,-0.6151232596755651,8.431705107650853e-05,0.7819669246673584,0.12369108200073242,77.13966040068291,28.47768658064935,222.72755633802228,27.69107384463901,61.673940432643626
0.09366859,1844,42.881801360000054,0.5332765146767604,-0.5138660297739113,8.895342588428118e-05,0.6211264928181965,0.1589803695678711,77.08717511934938,28.842683812479866,175.6843224034394,31.167020370339273,71.77414887166132
0.12191022374999999,9,42.31782806000001,0.43842979678711075,-0.45257417640926767,0.0001552692533234929,0.6322150230407715,0.1382284164428711,77.3378130179417,28.771487142887946,159.13263210947446,30.518295138610668,76.90008253079455
0.1375924425,0,43.55856932000006,0.3241584901854207,-0.34538808833827717,7.711288683433435e-05,0.7397317886352539,0.15915775299072266,76.8820848898323,28.638175456836226,140.5959120429668,29.1880246340163,80.99127606834146
0.1502443125,452,45.243653180000024,0.27922136093209043,-0.3434684435392823,8.974528618691458e-05,0.8087546030680339,0.14197254180908203,76.95267581320549,28.45257400686372,119.73706997286718,26.45043864603362,72.76014968452863
0.1351783,4766,45.34961180000005,0.2644437342423919,-0.29851154479648456,8.974528618691458e-05,0.8087546030680339,0.14197254180908203,77.01946963458565,28.52875281013918,131.38885770988418,28.465308956394615,81.9224472151893
0.14003620249999998,7743,41.37103652000002,0.1153487935782583,-0.160778789696099,0.00014701965174594988,0.6609047651290894,0.12557220458984375,77.27612276781618,28.716538165989583,158.29585030751616,31.666563018510054,119.5588403161362
0.09543067999999999,3447,39.97648436000003,0.49619032179622274,-0.46601716846139085,9.208205715746468e-05,0.7053788503011068,0.10391569137573242,77.17877371438539,28.63377168317393,195.0084609193541,33.04229241993378,87.41814788983184
0.12198525750000001,338,40.63274420000005,0.40917595057625233,-0.4151591351584539,8.974528618691458e-05,0.8087546030680339,0.14197254180908203,76.99057020012013,28.529062222508202,171.23218575301064,31.820776670303417,89.13099352391913
0.09817765500000002,984,41.830760209999994,0.44570093262951443,-0.4369068274036235,0.00013992699419169697,0.707304318745931,0.08461403846740723,77.31273598608401,28.6372793657346,181.30416344288358,33.001897502116464,88.05957524081089
0.10115315500000001,627,35.25278072000003,0.43435801630434795,-0.4034412324736022,0.00013992699419169697,0.707304318745931,0.08461403846740723,77.26526513083088,28.643063402518486,222.88433746561844,34.49245833931288,114.15329883200357
0.15198338500000003,0,45.25390723999999,0.2824936763390145,-0.32085001820167464,8.340164291130814e-05,0.6686423619588217,0.11760425567626953,76.87129754989392,28.697011762234926,118.19737905170678,26.177171386677546,70.50756332181615
0.13486444250000001,0,42.83053106,0.29065862848530516,-0.334921278254092,8.4618303012062e-05,0.5411269664764404,0.13683176040649414,76.99528899118094,28.86872190092765,148.5694466723877,30.31758220246874,88.56282878311957
0.0940023575,660,40.46184320000003,0.5689893696661178,-0.5191501452569686,8.605784747293756e-05,0.720656156539917,0.1136617660522461,77.03330886500906,28.574169341925927,191.26866870074002,31.218227712553503,74.0162281378614
0.08973347750000002,0,39.21768392000001,0.4902628914569004,-0.47407243694228796,8.4618303012062e-05,0.5411269664764404,0.13683176040649414,76.9780273247008,28.869516029639755,204.79990381775247,33.82415078086421,92.01719045931975
0.11121174750000001,4977,41.15228324000003,0.38010660849163397,-0.37553931255170914,0.00015456825503671703,0.6664888858795166,0.1231832504272461,77.23653250593881,28.662256263704464,176.96767126163218,32.97858692854569,95.30757501692449
0.09205340500000002,0,39.63297335000004,0.6029437660531796,-0.5644377016780203,0.00015226489729356117,0.7993351618448893,0.09926128387451172,77.27751569768233,28.42432395746099,197.70886485176015,30.565815066541365,71.71073806457521
0.0926430875,0,41.18646344000001,0.3976022261845257,-0.3706074728747961,8.340164291130814e-05,0.6686423619588217,0.11760425567626953,76.87210294804018,28.650691198021356,191.2028525116026,34.45849751443953,100.83284741261593
0.1073117525,0,38.968168460000015,0.2991525724213735,-0.26366614933609245,8.4618303012062e-05,0.5411269664764404,0.13683176040649414,76.97134979554042,28.859902462279965,196.5210886479921,34.905846099561415,119.5897600703106
0.13017874499999998,41,43.05612038000004,0.38687390193690246,-0.4162594109100515,8.031308860090292e-05,0.8098287582397461,0.1892242431640625,76.86151382734482,28.4609785300236,148.5825722243361,29.803843567245583,78.88288267802686
0.07203013250000001,288,39.00918469999999,0.5727511966983587,-0.48849374562054676,3.897853951489846e-05,0.6287641525268555,0.1431746482849121,76.90956841036025,28.77707035362668,218.58225672308924,33.050060729666214,84.38010467731384
0.0805451225,0,37.922254339999995,0.6518862019187778,-0.5964196978348432,8.958636967903999e-05,0.8544745445251465,0.11635112762451172,77.24432167921006,28.432573147446156,217.34702368686408,29.820960219593022,70.9099299904228
0.13075561249999998,1614,40.25676199999998,0.2917522132369227,-0.3308336982060595,8.991754130804885e-05,0.5436716079711914,0.14101839065551758,77.11827460448825,28.860450821693263,169.32662347720031,32.26773373027216,102.52380825323215
0.1556620875,5771,43.654273880000005,0.1293494564915464,-0.17249953537852225,9.186525787501725e-05,0.6743142604827881,0.1063375473022461,77.14800795657519,28.659564757256856,129.92647432634408,28.078705407503442,94.72710981570546
0.1453934225,5207,48.93511478000005,0.24458384569232317,-0.2797048601567319,8.895342588428118e-05,0.6211264928181965,0.1589803695678711,77.11912803279664,28.77447093467386,98.03426164658867,23.309262883819486,60.06766296995345
0.0937431425,0,40.362720620000005,0.6138506525089511,-0.5648285462655189,8.37094887439586e-05,0.5485732555389404,0.15003156661987305,76.93622204058755,28.85409703002788,191.16728770861585,29.848774663143008,65.83576631841203
0.13578638,0,41.15911928000003,0.37587440765932767,-0.3934984654898461,8.974528618691458e-05,0.8087546030680339,0.14197254180908203,76.95078112304817,28.546226342454066,157.35517842767422,30.510169610560837,85.66780511966998
0.1195812625,3316,44.34129589999998,0.29538475822871274,-0.321314536205217,9.330361674741994e-05,0.712843656539917,0.1165914535522461,77.07277438411708,28.59345527315012,150.21722354461485,30.972501489019287,90.09066236911409
0.11879220500000001,43,43.736306360000015,0.45397321217284314,-0.43834165354745447,9.186525787501725e-05,0.6743142604827881,0.1063375473022461,77.12225699342177,28.72495297603674,151.43312635811844,29.7000795466086,71.00702759284376
0.077835025,0,39.607338200000015,0.5482965870411823,-0.4047267972401514,0.0001581757076809691,0.6417844772338868,0.1521444320678711,77.23774908793904,28.811260102801096,210.44273621058642,33.24359693548799,85.32076642738176
0.1474531175,0,38.441793380000036,0.27610252440069677,-0.3107867083214995,0.0001581757076809691,0.6417844772338868,0.1521444320678711,77.22388453315928,28.796827077709374,168.38380758621872,31.480002937832985,105.64096209876082
0.10610043250000001,44,33.85481054000002,0.5472201337935803,-0.5288541836126024,0.0001552692533234929,0.6322150230407715,0.1382284164428711,77.28734907729549,28.837323087468587,225.58847143186648,31.94064517985256,93.35403620318115
0.1236282175,787,42.406696580000016,0.4050879527475058,-0.4279291102260667,3.897853951489846e-05,0.6287641525268555,0.1431746482849121,76.94037056543368,28.783655395301196,157.89552979613154,30.73671910319637,80.5265588749054
0.115428185,3095,47.53372658000001,0.22206672721046922,-0.2398329469160884,9.330361674741994e-05,0.712843656539917,0.1165914535522461,77.06473021056082,28.59870339640401,132.6728490499779,29.281261505110646,86.24146628891067
0.077496555,324,38.18885990000001,0.6544911901208877,-0.5849153109200717,9.208205715746468e-05,0.7053788503011068,0.10391569137573242,77.1621876478755,28.602769518784328,217.95152275093199,29.856001976351312,69.62229987714994
0.15775087750000003,0,43.13473484000002,0.28136152957836263,-0.31159273007349086,7.711288683433435e-05,0.7397317886352539,0.15915775299072266,76.91145374447454,28.61087269244596,128.37516012780884,27.337446858228024,78.10366456188642
0.07496039500000001,0,39.248446100000024,0.6077306868407494,-0.5397590048562599,8.974528618691458e-05,0.8087546030680339,0.14197254180908203,76.95010719890485,28.49265162442797,213.87470593895057,31.66784429488535,77.343056118868
0.1393853325,0,46.29640333999998,0.32487924691743836,-0.3808405474129311,8.508044841351844e-05,0.9663112958272297,0.19684696197509766,76.84715679248963,28.411821033821663,119.90178451076383,26.5266947863694,69.25614343356571
0.08949122999999999,0,36.77721764,0.6660124192233968,-0.6056993987532565,8.397091838929782e-05,0.6301561991373699,0.1371140480041504,77.0446470091372,28.835063649721423,217.4826001370792,28.808817816330258,67.07852343654973
0.13877816,3792,43.45261070000004,0.3058397435196025,-0.3340189245532944,8.974528618691458e-05,0.8087546030680339,0.14197254180908203,77.02785169426285,28.515051629560652,140.7995515360259,29.278636418670896,83.76996524162078
0.09400354000000002,0,40.89251372000001,0.3907486216528465,-0.3462439569929005,8.031308860090292e-05,0.8098287582397461,0.1892242431640625,76.91677327325179,28.537368836160827,192.26289454969879,34.537616115018245,104.08595256122408
0.133894105,5271,43.92429746000005,0.24751533897875352,-0.2682062450867946,9.186525787501725e-05,0.6743142604827881,0.1063375473022461,77.11881632438838,28.6949761498962,142.7697203299714,29.932989556624893,90.7041249677855
0.0987305425,422,39.54581384000005,0.5748565437149907,-0.5617388945711816,0.0001456475671880576,0.7663278579711914,0.07316907246907552,77.15818335025827,28.45698991760192,193.56518925164573,30.96890984052749,74.44821103982011
0.10476473,825,43.736306360000015,0.4537307291733636,-0.44048771786769964,8.036239547384044e-05,0.675431489944458,0.08529806137084961,77.00745373462357,28.7396145211088,162.66065182652403,31.197252875424127,76.70351312720132
0.10246300750000001,0,41.23431572000004,0.5822614194192529,-0.5446570713798369,8.036239547384044e-05,0.675431489944458,0.08529806137084961,76.95360063119288,28.661475123915643,178.9299937908114,29.842621294134727,66.51951524654199
0.131308115,4729,46.292985320000014,0.17209363320437998,-0.21069029042045948,9.186525787501725e-05,0.6743142604827881,0.1063375473022461,77.05299964848875,28.729918979320463,129.9961626128221,28.69085998191135,89.59675739796776
0.12324649000000001,0,37.84022186000004,0.43836016543215645,-0.4247195172050664,0.00014701965174594988,0.6609047651290894,0.12557220458984375,77.25914438523655,28.655067725312477,188.26216558390092,32.353188033531595,93.4554178129435
0.1180119475,2157,41.68207633999998,0.3740187110314318,-0.3885986012602262,9.208205715746468e-05,0.7053788503011068,0.10391569137573242,77.15894004517409,28.558538746881744,168.05314738853087,32.10767473966425,91.16683699277459
0.10956534999999998,511,43.01852216000003,0.475994396052872,-0.4425513168547886,8.036239547384044e-05,0.675431489944458,0.08529806137084961,76.9996993874659,28.70474625832825,163.3137960664194,30.76352311598038,74.1856977942395
0.114329175,525,42.47505697999998,0.41577991492058847,-0.39244269684473015,8.974528618691458e-05,0.8087546030680339,0.14197254180908203,77.01006698661492,28.533738528779832,164.62325592244724,31.535404532100642,84.13702722242247
0.06585762,0,36.264514640000016,0.24264349053690387,-0.20436130411544617,8.031308860090292e-05,0.8098287582397461,0.1892242431640625,76.92198351361036,28.501162455702097,248.56278686290267,38.51489555790871,172.31099348754717
0.11701389000000002,3386,39.17324966000001,0.3853844467717188,-0.39576112627672305,0.0001552692533234929,0.6322150230407715,0.1382284164428711,77.29041407295438,28.756400854960948,185.53665521944617,33.17903451578828,99.70136277638481
0.09356722500000002,0,41.77778090000004,0.5627094244086476,-0.5013264180750544,7.711288683433435e-05,0.7397317886352539,0.15915775299072266,76.85200791286199,28.551239216388034,182.7454445219464,30.92807954639521,71.41164004084482
0.154075915,0,31.366491979999978,0.364583837347707,-0.40805016625560425,8.397091838929782e-05,0.6301561991373699,0.1371140480041504,77.01780665608263,28.847891011852838,206.44888926603528,31.436494923975292,118.37736925837896
0.14368358250000002,0,43.28170970000002,0.23125442568713442,-0.292239667253719,7.711288683433435e-05,0.7397317886352539,0.15915775299072266,76.92275600724035,28.605174117135594,139.75383678316632,29.334356779791996,91.30735587253015
0.07623653250000004,0,36.01158115999999,0.7128163213982583,-0.6270716747194466,9.208205715746468e-05,0.7053788503011068,0.10391569137573242,77.18765909689385,28.555231845649413,232.146613934259,27.25331885647947,63.037399285667426
0.09685850750000001,234,39.053618959999994,0.5427396225012544,-0.5254843590167649,8.958636967903999e-05,0.8544745445251465,0.11635112762451172,77.19404349077895,28.43744332157145,199.06792693687908,32.128756041568586,82.91746282253013
0.169475145,3799,44.63182760000001,0.3625858223641056,-0.3706628248413599,9.186525787501725e-05,0.6743142604827881,0.1063375473022461,77.12035367404516,28.680334481171553,106.71676903264415,23.664827061438455,56.55231692907697
0.1588315725,0,42.82369502000006,0.3614259466940276,-0.39398973857806,8.974528618691458e-05,0.8087546030680339,0.14197254180908203,76.97302428584426,28.535976056498328,127.84292676640439,26.783101134435864,69.83322174515145
0.0944597375,0,40.93352995999999,0.32645050528697966,-0.29044943820224733,7.711288683433435e-05,0.7397317886352539,0.15915775299072266,76.86251221123929,28.590560362245267,193.03879987556127,35.15436011521188,114.38953257389329
0.12436728,1198,45.00780980000002,0.41893726591760305,-0.41674846912541474,8.036239547384044e-05,0.675431489944458,0.08529806137084961,77.01005424644958,28.72795603064979,138.84945800044216,28.60824721166227,68.41803956572566
0.12141743750000002,0,45.06591614000001,0.4092403530022494,-0.412856989028607,8.340164291130814e-05,0.6686423619588217,0.11760425567626953,76.92036076315392,28.672991856639438,141.024418923741,29.0399458476509,70.6472721166783
0.12846508250000002,6428,40.05851684000004,0.22470091153967572,-0.26402196369888653,0.00014701965174594988,0.6609047651290894,0.12557220458984375,77.29743139033563,28.735126158394387,173.9523149684344,33.021058389466226,116.61436582001376
0.09394150000000001,41,37.81971374,0.5676532115315583,-0.537199211045365,8.397091838929782e-05,0.6301561991373699,0.1371140480041504,77.00577792155282,28.814987818265845,209.09935345582767,31.930908020016435,81.53803332020598
0.13752691,6884,42.61861382000001,0.14075275264362805,-0.1812107999802457,9.208205715746468e-05,0.7053788503011068,0.10391569137573242,77.21580073402475,28.647305631085228,151.27630012676957,31.04865631682721,110.67085670753774
0.14425756250000002,5619,41.097594920000006,0.2214305339316786,-0.25471650777722016,9.186525787501725e-05,0.6743142604827881,0.1063375473022461,77.12492685307417,28.696959808404028,154.41210475157482,30.816253297376793,102.79693193535141
0.15400518500000002,5408,45.60938132000001,0.14297080533599713,-0.1975162157886411,0.00015226489729356117,0.7993351618448893,0.09926128387451172,77.28833702864046,28.405368716751624,117.34092417047361,26.42536390094492,84.19332998434408
0.144587315,5464,44.994137720000026,0.22083552363458103,-0.2662907133820785,0.00014912515112592523,0.7314157485961914,0.06677722930908203,77.32792776633606,28.464057249496005,127.3728196291986,27.844756588580324,83.24435782839556
0.0996260525,1042,40.83098935999999,0.5459781853833899,-0.5138119021223585,8.617081325312803e-05,0.9222345352172852,0.10440381368001302,77.02408633986394,28.434904935979322,184.76046595106925,31.24797614475415,76.16686914219514
0.08007121500000002,0,33.10284614,0.6972394721521444,-0.5536914800894905,0.00015186386745350924,0.5615221659342449,0.1089315414428711,77.31498961053718,28.88237075649999,248.19737126051092,27.73062586352859,70.56658686534855
0.11190559999999998,124,32.757626120000054,0.5459926625491991,-0.5470419464640129,0.00015186386745350924,0.5615221659342449,0.1089315414428711,77.33842373002561,28.876735447361096,227.92930504806128,31.545901566167732,94.25934589656406
0.1324349825,3114,44.59422938,0.2695740105629299,-0.31467825670075134,0.00014701965174594988,0.6609047651290894,0.12557220458984375,77.32937327127162,28.705086893415473,138.76305409884174,29.42582652532395,85.23534673516497
0.134552785,809,41.880321500000036,0.3443234105437571,-0.3693657735532762,8.397091838929782e-05,0.6301561991373699,0.1371140480041504,77.0269761947579,28.79577858551998,154.12862663667192,30.529554758334065,86.26735998692752
0.11801564625000001,3764,40.747247870000024,0.33955405296627217,-0.3474764290734545,0.00014912515112592523,0.7314157485961914,0.06677722930908203,77.27185402762724,28.5309520209508,175.1650997094887,32.92122848736899,100.84420669843975
0.09158103749999999,3120,43.770486559999995,0.4943532515536495,-0.4611341784724042,8.605784747293756e-05,0.720656156539917,0.1136617660522461,77.04124740278161,28.587371167010666,172.03932911840502,31.744664426565357,76.11503777968653
0.103562485,463,40.40715488000001,0.5504788394785342,-0.5270234906989305,8.974528618691458e-05,0.8087546030680339,0.14197254180908203,77.00369509095172,28.5211061891511,184.39843712837956,30.962256696716317,74.63631431552155
0.12381497,86,39.09463520000003,0.47947491438821555,-0.47475732626782285,0.00013992699419169697,0.707304318745931,0.08461403846740723,77.25857592175127,28.554736866174242,178.5915351429784,31.22304294122739,82.17334310561793
0.13534662749999998,0,43.965313700000024,0.39589758339858205,-0.43352569537510594,7.711288683433435e-05,0.7397317886352539,0.15915775299072266,76.87586486191334,28.58082790789176,137.91974905652262,28.41424440571919,71.15803787992716
0.10271496249999999,1364,41.98969814000003,0.4458583628495385,-0.4092199236953622,9.186525787501725e-05,0.6743142604827881,0.1063375473022461,77.14102753570447,28.73949879423697,176.57973342942773,32.501532640437524,85.28996802779744
0.14459072499999998,5641,40.85833352000003,0.21521682556956634,-0.271553671442275,8.4618303012062e-05,0.5411269664764404,0.13683176040649414,77.00724081132121,28.863214609067395,155.89542010489572,30.95468284585205,103.52421362008454
0.10941227125000001,584,41.08221383,0.3454107179735453,-0.3735444468638857,0.00014912515112592523,0.7314157485961914,0.06677722930908203,77.289670313585,28.518000556940397,179.6505682850941,33.54667401100522,102.66225351976625
0.10175485499999998,4557,40.441335080000044,0.5109848533429097,-0.48655247468534124,9.208205715746468e-05,0.7053788503011068,0.10391569137573242,77.22566137842225,28.605339019678514,186.47843071532066,32.04197505179885,80.9064085811103
0.0994794225,7,41.82563318000001,0.5519509360720869,-0.4828762942335753,8.895342588428118e-05,0.6211264928181965,0.1589803695678711,77.07733643783045,28.75925197159849,177.9261078565637,30.687014277863312,70.20002398883166
0.07920436,0,38.462301500000024,0.5922275176422338,-0.5445335381956116,8.958636967903999e-05,0.8544745445251465,0.11635112762451172,77.19652237092322,28.41609571591974,216.08735998577833,32.059276693342575,81.51287285709063
0.09120263750000002,0,38.57851418000001,0.47138956848562197,-0.3729652470818665,0.0001552692533234929,0.6322150230407715,0.1382284164428711,77.25248235102259,28.81145556515933,208.29969908736575,34.21975664315678,97.97557707029381
0.0989808475,3113,41.53168346000001,0.5498530328671951,-0.5241184594317614,0.00014701965174594988,0.6609047651290894,0.12557220458984375,77.32412348042135,28.72352417558594,180.3938990782715,30.915539933020362,71.81383301531659
0.10692721999999999,251,41.41547078000002,0.49916199834695557,-0.5013421777192751,8.467832677738762e-05,0.8969619274139404,0.1082615852355957,77.11271947105489,28.404884222431324,175.96036347464758,31.423088792972003,78.9299703827416
0.0908384,282,40.478933299999994,0.5903423833934561,-0.5422430617780997,8.605784747293756e-05,0.720656156539917,0.1136617660522461,77.04931803217441,28.584486642953703,193.21496603191804,30.8144572212677,71.3822959428365
0.0764266675,0,36.45250573999999,0.5973129913371655,-0.4768240025328222,8.895342588428118e-05,0.6211264928181965,0.1589803695678711,77.1411306038508,28.844146899315454,231.5036519188837,32.2446743691761,85.3835224259909
0.12808154,736,44.768548399999986,0.34431630971993404,-0.34862401683639793,8.895342588428118e-05,0.6211264928181965,0.1589803695678711,77.05951787496316,28.750048241498337,139.2945459039646,29.19956285943564,76.81578284720734
0.127142415,1757,47.13040022000001,0.3065795501121103,-0.3279750053603701,8.340164291130814e-05,0.6686423619588217,0.11760425567626953,76.91971040726831,28.70129216836694,124.1717497445369,27.50452619331325,71.5818065263073
0.07424455625000001,0,32.438041250000026,0.04306635000550051,-0.02719926584924407,0.00013992699419169697,0.707304318745931,0.08461403846740723,77.28300006659454,28.58421371298867,270.01848267422076,38.095788808573275,237.74408743478023
0.08206213249999998,0,33.530098640000006,0.710516819694479,-0.5838787351627719,0.00015186386745350924,0.5615221659342449,0.1089315414428711,77.31387395684457,28.87902014010996,243.61074868349453,27.008466677176052,66.28925382889562
0.09555693250000002,0,41.66156822000005,0.43436144890224865,-0.3925033336358623,3.897853951489846e-05,0.6287641525268555,0.1431746482849121,76.88966076946146,28.76028198366502,184.81298477740756,33.49243165795207,91.112264578713
0.16659276000000003,3253,38.43153932000001,0.2754139039173412,-0.3057973428845111,9.208205715746468e-05,0.7053788503011068,0.10391569137573242,77.22830554862473,28.635687234873195,153.15442488253507,29.455750765414773,96.0209121271589
0.1575266975,0,44.33104184000001,0.26259946949602125,-0.3296518762513725,8.031308860090292e-05,0.8098287582397461,0.1892242431640625,76.87315065374453,28.469418438405686,120.68788604681288,26.443763726996217,75.27521731050226
0.0974535525,0,40.43108102000002,0.6430852805556898,-0.5801966908443251,8.031308860090292e-05,0.8098287582397461,0.1892242431640625,76.85304783562559,28.54973453636634,187.09207981950647,28.467350239279618,61.32388374473768
0.0976373075,1006,38.13417158000004,0.3686426013687697,-0.38022350586542647,8.397091838929782e-05,0.6301561991373699,0.1371140480041504,77.04307133363567,28.809122217587927,208.29127889948074,35.27226451211651,116.28152752610454
0.11589364999999999,1556,46.62453326000002,0.4746507868200376,-0.4554711176416567,8.036239547384044e-05,0.675431489944458,0.08529806137084961,77.00110148985586,28.696505945103826,132.8035501762863,27.404957704812045,59.14070883126788
0.05988846999999999,0,37.18567102999998,0.5639075564405359,-0.5011171132907724,0.00015226489729356117,0.7993351618448893,0.09926128387451172,77.2653308766056,28.447602926245985,240.61399875491287,34.20312302913471,97.26464117507533
0.1382816475,0,38.95449638000002,0.3882722479865895,-0.41535840593461576,0.0001552692533234929,0.6322150230407715,0.1382284164428711,77.30251730539744,28.792220349792196,169.91800470445037,31.2145888301841,90.33971301408751
0.1538455475,374,47.99515928000005,0.20438672635156216,-0.2707659890333549,8.340164291130814e-05,0.6686423619588217,0.11760425567626953,76.9162034564072,28.670041465611675,99.04893323618148,23.436630443927527,64.24232482461751
0.12423027500000003,0,37.09509350000002,0.48797539443435545,-0.4848035698386345,0.00015456825503671703,0.6664888858795166,0.1231832504272461,77.22825866929531,28.73164747976449,191.33289902416135,31.63407823757117,87.31188897674821
0.10584765250000001,61,41.59320782000003,0.37622730816733474,-0.38136461853842313,0.00013992699419169697,0.707304318745931,0.08461403846740723,77.25448904151152,28.57390945986851,178.34209804622412,33.33034801985929,96.89786390588742
0.08791835375,0,40.246507940000015,0.6256076648122435,-0.5813713892091825,0.00015226489729356117,0.7993351618448893,0.09926128387451172,77.26481605840877,28.410170842419934,196.36098276948258,29.892340045927945,67.34467147846777
0.12438749250000003,0,43.22018534000006,0.47444249092862073,-0.4758305652283219,8.397091838929782e-05,0.6301561991373699,0.1371140480041504,77.03856038192933,28.785529466518835,150.0892309291446,29.10064359267737,67.68715679102272
0.129407095,5029,43.74314240000001,0.23757324250610073,-0.2685295415936543,8.895342588428118e-05,0.6211264928181965,0.1589803695678711,77.10520409311677,28.829589461712928,147.84283761416998,30.671950802352285,95.06187967854805
0.1118439725,1682,43.00826810000001,0.44135042041733,-0.43680585099160907,0.00015226489729356117,0.7993351618448893,0.09926128387451172,77.31718500758389,28.438913466852394,162.34715512159596,31.10998833984505,79.22097322760187
0.0847108775,0,41.16595532000002,0.5539138131712655,-0.489507826540088,8.719183587195072e-05,0.8373379707336426,0.24370765686035156,76.8396536076604,28.533410841270424,194.22795327350002,32.129882029646105,78.61571551349478
0.08301965500000001,686,39.09121718000006,0.5998353019892433,-0.5593360631580269,0.0001456475671880576,0.7663278579711914,0.07316907246907552,77.15445266215573,28.497437681074917,208.65595650094076,31.438071768649003,76.3755736756486
0.13014479625,5310,41.900829620000025,0.3309591137525423,-0.35698049900720613,0.00014912515112592523,0.7314157485961914,0.06677722930908203,77.2929411708908,28.463523246465332,157.81346653612513,31.12556245375508,90.98460658926702
0.09255508749999998,0,40.608818059999976,0.17903997929874504,-0.16916708007595313,3.897853951489846e-05,0.6287641525268555,0.1431746482849121,76.87318935710248,28.789979585953763,199.9966928364986,36.388077961145626,142.97763068431942
0.13881626125,5718,43.56198734000003,0.19363676479458533,-0.23597825157952174,0.00014912515112592523,0.7314157485961914,0.06677722930908203,77.34355387261746,28.49668574303895,142.57154822785253,29.9392350861888,97.49308951320748
0.11181419000000001,0,42.341754200000025,0.32265499595275,-0.3190717911530094,3.897853951489846e-05,0.6287641525268555,0.1431746482849121,76.89804774603553,28.75683664245501,169.64601770732452,32.88625654227358,98.6070997450799
0.1573503125,6031,49.31109698,0.35720593777597787,-0.3439836012610988,0.0001456475671880576,0.7663278579711914,0.07316907246907552,77.18115670779493,28.465267714341174,82.967650383707,19.986394003355905,43.600486975993306
0.17263371250000004,0,36.59948059999999,0.2270891454019605,-0.2719969436160842,0.0001581757076809691,0.6417844772338868,0.1521444320678711,77.21269599573127,28.768774087116224,161.30339227486417,29.89744728826834,108.2640297710021
0.1261503525,0,40.84807946000001,0.45276150783710756,-0.44395768552313053,0.0001581757076809691,0.6417844772338868,0.1521444320678711,77.1783736839591,28.790748981269243,165.47957342392272,30.6786253916299,78.63381603253364
0.1226263925,5137,43.93796954000004,0.35669623382288795,-0.38000603475307804,8.467832677738762e-05,0.8969619274139404,0.1082615852355957,77.08107525480298,28.43553271964277,149.18572535554677,30.36733021993602,83.3421270425009
0.09039653,0,38.93398825999998,0.6500904056313042,-0.5721165566070955,7.711288683433435e-05,0.7397317886352539,0.15915775299072266,76.85107110515624,28.579128004328012,202.72975999746518,29.09957867893491,65.35194384468693
0.13838073,672,37.68641095999999,0.4050229408137457,-0.4239306009395141,0.0001581757076809691,0.6417844772338868,0.1521444320678711,77.15872870899456,28.815934852864217,177.87501592279546,31.484848787229254,92.84358365648772
0.0788461175,873,39.94914019999999,0.6390334958000621,-0.5563039111426208,9.186525787501725e-05,0.6743142604827881,0.1063375473022461,77.10776407083503,28.68280319192196,205.3473807372725,30.082799907643142,67.58338710508754
0.132245645,4832,44.785638500000005,0.29022159117359536,-0.324472533511744,8.974528618691458e-05,0.8087546030680339,0.14197254180908203,77.02517189181079,28.51085442083089,137.09680450596977,29.13656775793817,82.9199207297366
0.12983089750000001,4641,43.46628278000003,0.24075942522141103,-0.2637694787748523,9.208205715746468e-05,0.7053788503011068,0.10391569137573242,77.24274853578713,28.569934831065808,149.34595469052533,30.802703276627135,96.41997855189314
0.12182182499999998,890,41.10784898000003,0.39719885338642164,-0.4065478097074027,0.00014701965174594988,0.6609047651290894,0.12557220458984375,77.3174993506524,28.74187242034907,168.4034736786573,31.753062447140135,87.9144917983865
0.1145759875,4675,42.44771281999999,0.3654051402395773,-0.3667007285708599,9.208205715746468e-05,0.7053788503011068,0.10391569137573242,77.20546303268274,28.562154280779826,165.7476908488154,32.12922791882119,90.83930605537884
0.142150265,6941,41.25482384000003,0.14195800497170363,-0.1837089932223601,0.00014701965174594988,0.6609047651290894,0.12557220458984375,77.2567390514905,28.685550981641615,156.79730632189774,31.372806417792102,114.85935662430656
0.125175175,671,43.74314240000001,0.4200081095692918,-0.41728636550146414,7.711288683433435e-05,0.7397317886352539,0.15915775299072266,76.85060984050635,28.600724233920058,147.0558167959539,29.475575858026108,73.35567323777744
0.08464243,0,37.166871920000006,0.5896017085482886,-0.49571015665268253,8.036239547384044e-05,0.675431489944458,0.08529806137084961,77.02814890216509,28.65682838223899,220.39437387496298,31.963884775239883,82.59625332390574
0.11788096500000002,3236,43.603003580000006,0.3439542677854103,-0.3886119161058992,8.467832677738762e-05,0.8969619274139404,0.1082615852355957,77.06797915215834,28.42194134481,155.60478623055474,31.266108129076315,88.94164645101002
0.11384506500000001,46,43.39450436000004,0.46190877784805684,-0.4572149120246588,8.340164291130814e-05,0.6686423619588217,0.11760425567626953,76.91193163129955,28.66952355853813,157.5944984951567,30.332147758791642,73.1278175893715
0.15205532500000002,0,47.766151939999986,0.3230687277830706,-0.3764240725544318,8.031308860090292e-05,0.8098287582397461,0.1892242431640625,76.91896877937664,28.465769282929045,99.27274759298348,23.1054043396483,55.84800747514788
0.12372496249999998,932,41.48041316000001,0.4203335573072869,-0.4390112961517814,8.340164291130814e-05,0.6686423619588217,0.11760425567626953,76.93993483142137,28.71751242240517,163.8293164656692,31.06527318309099,82.18364398432331
0.1417809125,1595,44.90868722000005,0.2518538500074319,-0.30958702149837874,8.296685417903404e-05,0.9189741611480713,0.16247224807739258,76.92204792564878,28.40644174072474,129.49614412166977,28.089215332456682,82.94732791912234
0.12046448000000001,1169,44.717278100000044,0.35099667138539237,-0.3528945990472663,0.0001581757076809691,0.6417844772338868,0.1521444320678711,77.15887327386216,28.769945017786785,145.59353621910782,30.089500877758272,79.90682034957413
0.07644751250000001,0,39.55264987999999,0.5887040961207789,-0.5025034076033414,3.897853951489846e-05,0.6287641525268555,0.1431746482849121,76.87198421953792,28.769863088395855,211.04519704215306,32.15269127316692,78.3224837948143
0.12412371250000001,869,40.46526122,0.39786403171409984,-0.4009642069309044,0.00013992699419169697,0.707304318745931,0.08461403846740723,77.31274432027223,28.60332432122524,170.90277305850907,31.830173263135343,89.7058561289819
0.10707781,5539,45.84864272000004,0.26898394031360656,-0.25989281314490625,3.897853951489846e-05,0.6287641525268555,0.1431746482849121,76.90713164550553,28.80939398504694,150.24174847710879,31.471742856595743,92.42162813486789
0.09223408,51,45.43164428,0.4870769828711029,-0.4691314006746936,8.605784747293756e-05,0.720656156539917,0.1136617660522461,76.99251840958084,28.639306794279168,159.96524557933913,30.779831151146134,71.09642511256015
0.1005199675,400,43.36374218000003,0.4441057367107129,-0.43872279481343185,8.431705107650853e-05,0.7819669246673584,0.12369108200073242,77.09436263714588,28.515584273181222,168.87409626360795,32.00617065249983,82.10759011507007
0.130668905,0,42.639121939999995,0.41777377467537335,-0.42373520116721675,8.974528618691458e-05,0.8087546030680339,0.14197254180908203,76.9574515643037,28.532114144562755,150.37469365110303,29.652482263165194,76.05910516401966
0.11056448,30,45.02148188000001,0.5019928508616653,-0.4863087233152893,8.605784747293756e-05,0.720656156539917,0.1136617660522461,76.98283122192076,28.635484356961967,147.86470569047242,28.830365209123475,63.6048071763554
0.1250179025,656,39.952558220000014,0.38936329953793286,-0.32801624299141763,0.0001552692533234929,0.6322150230407715,0.1382284164428711,77.2669250935591,28.834776604234015,173.82871099884903,32.076441389179614,92.16081154166868
0.15182655250000002,0,32.52861877999999,0.445313243673253,-0.4768298726743028,0.0001581757076809691,0.6417844772338868,0.1521444320678711,77.20277440374127,28.820361337715962,199.42951594287672,30.708782958546045,99.75990302036135
0.13003617125,6302,44.82323672000001,0.25332659749963354,-0.2889185358125574,0.0001456475671880576,0.7663278579711914,0.07316907246907552,77.24961861797236,28.49603757707621,139.45621588413826,29.64821427774547,88.3024661816561
0.111617125,1075,43.06295641999998,0.4784153163024048,-0.4729959551388123,0.0001456475671880576,0.7663278579711914,0.07316907246907552,77.18990582358546,28.452037328328217,161.30877034322396,30.484244060989,73.48897066714554
0.077101985,0,37.09509350000002,0.6856618380621732,-0.5680725612359169,9.208205715746468e-05,0.7053788503011068,0.10391569137573242,77.1806939754944,28.619713466440338,224.8817879865411,28.56201203034815,66.11072889224383
0.145301435,23,42.79293284000005,0.3192760594649892,-0.33964349257920856,8.036239547384044e-05,0.675431489944458,0.08529806137084961,76.98794852114673,28.697930265483098,139.83179917406062,28.875393328003998,80.67278188122972
0.10904340000000001,3508,40.98821828000001,0.458503603536667,-0.4563214837712519,9.330361674741994e-05,0.712843656539917,0.1165914535522461,77.14305909990014,28.564436150556812,178.08508191588862,32.171269003745735,84.71894875317851
0.14240986500000005,4864,45.27783338000006,0.2481490208723475,-0.2776042856780157,8.895342588428118e-05,0.6211264928181965,0.1589803695678711,77.14722284092643,28.768613643431202,126.48862963965632,27.69523840333695,79.04023342459499
0.176831395,4379,41.63422406000001,0.20204331669383657,-0.24323871460961263,9.186525787501725e-05,0.6743142604827881,0.1063375473022461,77.09094058303656,28.68969410024634,125.15399121653593,26.57560824842903,84.03107087045564
0.1360580525,6244,46.29640333999998,0.24118220516018865,-0.28173382356619386,8.340164291130814e-05,0.6686423619588217,0.11760425567626953,76.94503858798008,28.730061695649475,124.54032857058496,27.623168785296436,78.53530764342038
0.13220829999999997,3624,43.64060180000001,0.34684625727306273,-0.36652058962007905,9.208205715746468e-05,0.7053788503011068,0.10391569137573242,77.2279645012458,28.58958838181446,143.81563276212603,29.564478402730124,79.94417091075215
0.10447122250000002,2277,42.03755042,0.39574047257443573,-0.37280622524838464,8.895342588428118e-05,0.6211264928181965,0.1589803695678711,77.0923904228485,28.767762172509347,175.9676991505737,33.0151657074623,91.91870859708143
0.09654646500000001,703,41.507757319999996,0.511315498225394,-0.48523243675732447,8.031308860090292e-05,0.8098287582397461,0.1892242431640625,76.89613580486657,28.52587304117827,183.3625479718405,32.05770833017384,80.08951865306265
0.13406488000000003,698,42.77584274000003,0.36697720197765976,-0.37398266431229543,8.031308860090292e-05,0.8098287582397461,0.1892242431640625,76.90524218179037,28.50682896466888,147.86098669587,29.770609086856904,80.97074971880697
0.1056027925,2,40.08927902000005,0.5151997285867205,-0.46032551400657346,8.974528618691458e-05,0.8087546030680339,0.14197254180908203,76.99555174318037,28.54568317593534,185.6935754042214,31.751046664506205,80.75952136509022
0.14008231999999998,5884,45.390628040000024,0.17620137299771169,-0.2237312,8.617081325312803e-05,0.9222345352172852,0.10440381368001302,77.01631588834289,28.44825787883816,129.23741102861788,28.345556843101704,90.82864510900366
0.084584295,0,37.39929728000004,0.6566424361726098,-0.6201863696195486,0.0001456475671880576,0.7663278579711914,0.07316907246907552,77.15404396911099,28.457191142190176,217.4913659172522,29.4413656390972,69.53894875723896
0.13334726749999998,5779,45.641852510000035,0.28701215219321075,-0.32131397917720733,0.00014701965174594988,0.6609047651290894,0.12557220458984375,77.32741021330045,28.67763448754614,130.26515369457752,28.270684166385514,77.61295315471362
0.1186658425,4176,45.29834149999999,0.49284906024894437,-0.4866207867021394,8.605784747293756e-05,0.720656156539917,0.1136617660522461,76.97228275282392,28.587289402488594,139.63234446669537,27.878795991099604,60.810790585364096
0.07942548749999999,0,35.5569845,0.6614036758403962,-0.5923478514840641,0.0001552692533234929,0.6322150230407715,0.1382284164428711,77.28263817853296,28.829083541198575,233.62909605279856,29.61392036195045,73.54922133857727
0.15557397750000002,35,42.67672016000006,0.31598768648898395,-0.33196667826692183,9.330361674741994e-05,0.712843656539917,0.1165914535522461,77.14841330468002,28.64320886895129,132.4878129699665,27.721552988427767,76.83762654453939
0.1173824175,289,42.933071659999996,0.4275095977982037,-0.4347953765916458,7.711288683433435e-05,0.7397317886352539,0.15915775299072266,76.88104993383511,28.594120067791618,158.7510725252696,30.778230187905105,78.8067588629424
0.133373915,981,41.42230682000002,0.32936525966650004,-0.3661509008877552,8.974528618691458e-05,0.8087546030680339,0.14197254180908203,77.0219153996485,28.535435922199106,158.52717705997645,31.071389290701607,92.49491858972168
0.09625128,0,41.09417689999998,0.3975289329219716,-0.3697039387293001,7.711288683433435e-05,0.7397317886352539,0.15915775299072266,76.8529584193834,28.64512490938382,188.94555635010977,34.178262489518026,100.29812736362786
0.14424054000000003,5867,44.081526380000014,0.23432450994741993,-0.26583608525968166,8.974528618691458e-05,0.8087546030680339,0.14197254180908203,77.00445597307656,28.48374615011246,133.7035939856097,28.60288880178796,87.08084627576659
0.13052950750000003,0,41.671822280000015,0.36989477136378807,-0.40386153186459156,8.974528618691458e-05,0.8087546030680339,0.14197254180908203,76.98526158918143,28.540155681615815,158.2010048474948,30.84301437497245,86.83834685040802
0.0763529125,0,38.05897514000003,0.72603299235543,-0.6386739436171383,0.00014912515112592523,0.7314157485961914,0.06677722930908203,77.2794592940651,28.47868496109594,218.21172797361862,26.379800439763216,56.41560736934873
0.074142105,796,37.66932086000003,0.6915792201062313,-0.6273415008038685,8.958636967903999e-05,0.8544745445251465,0.11635112762451172,77.21734098567141,28.437413472540573,223.3126232831106,28.380335668674043,65.30577570612923
0.11959823,5013,44.19773906,0.3097198697068404,-0.3255836954299994,0.0001456475671880576,0.7663278579711914,0.07316907246907552,77.21267361393981,28.53566666080131,150.875418680061,30.959680393586925,89.14761354628168
0.08671230000000002,0,39.24161006000003,0.4032232881702894,-0.29464207114561236,8.37094887439586e-05,0.5485732555389404,0.15003156661987305,76.92533157424485,28.876990478273477,208.93645981088594,35.47383079035639,109.40575588793044
0.11114748,2897,42.72457244000003,0.2592598142043752,-0.27832746465483793,0.00015456825503671703,0.6664888858795166,0.1231832504272461,77.16965075508972,28.698427228599943,168.98066469633136,33.22490146004861,107.37545695911713
0.18663685,0,40.87029659000001,0.19153594786696237,-0.26072532949052807,0.00014912515112592523,0.7314157485961914,0.06677722930908203,77.3119607223275,28.526898455077337,122.70022873693267,25.947947506076236,83.96572435411579
0.1013749975,1229,40.730157770000005,0.5513358923131585,-0.5263972307551236,0.00014912515112592523,0.7314157485961914,0.06677722930908203,77.27023044242804,28.46375632989253,183.9309639804178,31.001135218952168,73.65354280085563
0.0729919725,0,39.52188769999998,0.6253068626655953,-0.5576044029022982,8.467832677738762e-05,0.8969619274139404,0.1082615852355957,77.12225036425814,28.431697150468484,213.223850082299,31.094460187187295,74.40816181470576
0.12181294250000001,3080,48.68901734000002,0.4166245833754166,-0.41847861651308466,8.036239547384044e-05,0.675431489944458,0.08529806137084961,77.01118225815867,28.68663051898061,114.50023407448418,25.4360644989921,55.49511747986795
0.29043736,1767,42.734826500000054,0.1807580359402682,-0.2654453474927694,9.208205715746468e-05,0.7053788503011068,0.10391569137573242,77.19316574391696,28.622478498306307,27.251075169682963,6.921053706348399,17.842709862587064
0.1404703725,0,41.23431572000004,0.349178352152526,-0.3953033058735423,8.617081325312803e-05,0.9222345352172852,0.10440381368001302,76.97220628588192,28.419697115423787,153.68823290929186,30.222098025615736,87.81233214213185
0.1358357425,7309,47.24319488000003,0.14441479171008145,-0.18844242153468116,9.186525787501725e-05,0.6743142604827881,0.1063375473022461,77.07400186398165,28.672916413216665,120.28345012782779,27.29417942693216,84.99140350135808
0.09818810500000003,2798,44.39598422000006,0.24078721020153715,-0.2667364859421574,8.431705107650853e-05,0.7819669246673584,0.12369108200073242,77.09284977975682,28.49594038078129,168.20890980816012,33.69232544164843,110.21197250552844
0.13370919499999998,38,42.43404074,0.3280965953722199,-0.3704730860309061,8.617081325312803e-05,0.9222345352172852,0.10440381368001302,77.02347230539972,28.409849031879478,151.37443058254564,30.41530848699299,88.81598494343741
0.16040988,2612,43.51755308000003,0.18769171779141097,-0.2450175849941384,8.974528618691458e-05,0.8087546030680339,0.14197254180908203,77.00193464223244,28.48433448544247,125.73879692481182,27.25508293781095,86.56803613704366
0.12023823750000001,236,41.07025076000002,0.4337252076081335,-0.4427634926111544,8.397091838929782e-05,0.6301561991373699,0.1371140480041504,76.95643445977045,28.83718612091888,169.11833725424754,31.444163668040254,82.98915223148948
0.10025456500000003,1,35.15707616000003,0.5742272123739197,-0.5444474281110914,0.00015186386745350924,0.5615221659342449,0.1089315414428711,77.28076361262656,28.876453256163025,221.35269272226827,31.579329976323592,85.4220366453588
0.11734939000000001,3524,42.92623562000006,0.37769654019388893,-0.38434632164886423,9.186525787501725e-05,0.6743142604827881,0.1063375473022461,77.10195694900933,28.708737011731756,159.95243957174694,31.41460211827111,85.4500057295078
0.103296835,2513,43.90037131999998,0.41476064519475137,-0.4128462937905049,8.617081325312803e-05,0.9222345352172852,0.10440381368001302,77.00243904295917,28.418575586766806,163.58081613688125,31.82750686591044,84.2637385452612
0.12307071,6145,39.27237223999998,0.3509172012830795,-0.36331908651779166,0.00015456825503671703,0.6664888858795166,0.1231832504272461,77.17821843758605,28.74065123079011,180.77443227793412,32.946500792829426,102.45601102721234
0.1667242375,0,42.86129324000001,0.2101229000005232,-0.27584038480632805,8.036239547384044e-05,0.675431489944458,0.08529806137084961,76.97380069835773,28.728890001030315,124.69146954014388,26.851218786486832,82.54308725188903
0.1153937275,2604,41.796580010000014,0.37309275377516776,-0.3830639837333968,0.00013992699419169697,0.707304318745931,0.08461403846740723,77.30986081949258,28.614751418401852,169.38595501222403,32.322913933048895,92.0467173390802
0.0908326525,0,40.06193486000001,0.22029762062654198,-0.1729530349645595,8.37094887439586e-05,0.5485732555389404,0.15003156661987305,76.92034019035619,28.862413304628284,204.13152785135526,36.48849233781623,138.14550395011454
0.0736083575,0,39.395420960000024,0.569494331011097,-0.433303491495076,8.4618303012062e-05,0.5411269664764404,0.13683176040649414,76.97816799571663,28.86514185922799,214.79297533448073,32.97451668956951,82.64280305923822
0.11812192,3206,44.583975320000036,0.4106840285031219,-0.40843650605131887,8.340164291130814e-05,0.6686423619588217,0.11760425567626953,76.93741180249005,28.675903147658154,147.02339405832504,29.78408984801961,73.78162358939045
0.0964205975,3488,40.39006477999999,0.5088604616199185,-0.47700005758783753,0.0001456475671880576,0.7663278579711914,0.07316907246907552,77.24214668857809,28.544531568255596,191.14030751747669,32.55546593560692,83.88315063286731
0.1021897675,0,32.49102056000004,0.5785033207244583,-0.5348482451580826,0.0001520350962984842,0.547762393951416,0.12106871604919434,77.22193407530366,28.861371355760244,236.73852303970546,31.199088953224273,91.4942146134009
0.0898880275,1160,40.56438380000003,0.5211688505739659,-0.5054617931655254,8.431705107650853e-05,0.7819669246673584,0.12369108200073242,77.11834584361596,28.528534648244243,194.91250274457184,32.75142111767005,83.79506759310462
0.09196095,1677,43.042448300000046,0.5132130759718264,-0.4954138799040932,9.330361674741994e-05,0.712843656539917,0.1165914535522461,77.14091163545204,28.551717527436345,176.3873614030682,31.704039749392102,75.51721332163747
0.152846775,736,40.834407380000016,0.29365342049192206,-0.338423508261279,8.895342588428118e-05,0.6211264928181965,0.1589803695678711,77.07699331354749,28.827456714281247,147.72262258094395,29.528247608937146,88.83890681527228
0.11818382250000001,0,42.06147656000002,0.44711787141403636,-0.4431476138379825,8.036239547384044e-05,0.675431489944458,0.08529806137084961,76.99046330460955,28.67407355882525,163.68316274837525,30.922702876939677,78.39798999939941
0.1091131675,0,33.793286179999996,0.4503460351871926,-0.4421045918367348,0.00015456825503671703,0.6664888858795166,0.1231832504272461,77.24472923038871,28.67722403629617,225.5207960139765,33.6982614185122,112.58222650548741
0.1634548175,0,53.29309028,0.28083168991795093,-0.35847088231040974,8.031308860090292e-05,0.8098287582397461,0.1892242431640625,76.85079302489522,28.46435349667099,50.305804012035196,13.34853856746145,28.788873362074554
0.12372496249999998,932,41.48041316000001,0.4203335573072869,-0.4390112961517814,8.340164291130814e-05,0.6686423619588217,0.11760425567626953,76.94004503945476,28.717343741661743,163.8293164656692,31.06527318309099,82.18364398432331
0.1262838375,4597,40.12345922000003,0.3156497000510953,-0.33004699925387887,9.186525787501725e-05,0.6743142604827881,0.1063375473022461,77.12641142504704,28.653901952220725,173.27647101731316,32.5961556978484,102.84677707259743
0.11070825000000001,2247,40.215745760000004,0.489216262566887,-0.472383742701621,0.00013992699419169697,0.707304318745931,0.08461403846740723,77.33345315942175,28.55771115001071,181.32130836330907,31.79257637704912,81.81752986781922
0.13332895250000001,178,43.87644518000002,0.342496355827604,-0.3876794651980395,8.340164291130814e-05,0.6686423619588217,0.11760425567626953,76.89701058668855,28.68290046266242,141.37784188432545,29.29184542071344,78.70028143316512
0.12093891000000002,5296,48.008831360000045,0.19801131493228175,-0.20254689382206167,3.897853951489846e-05,0.6287641525268555,0.1431746482849121,76.8563596448764,28.84421325363951,125.4296561144381,28.229121491570954,82.98064658624472
0.11315206500000001,2195,42.42036866000001,0.4721455076342843,-0.4340501431051748,9.186525787501725e-05,0.6743142604827881,0.1063375473022461,77.12403749851332,28.69548318493763,164.6740467700788,30.816593156690733,75.48065719058374
0.08619857250000003,440,37.10876558000001,0.5641439665597192,-0.5153247105031489,0.00015456825503671703,0.6664888858795166,0.1231832504272461,77.18204372513436,28.689667259098687,220.06776244907246,32.644169785798745,87.22644321562711
0.14125753249999998,4906,42.30928301000006,0.20187778743846527,-0.24102941698880356,0.00013992699419169697,0.707304318745931,0.08461403846740723,77.33295753319494,28.614383059564528,149.02669045566302,30.50095393029575,101.33668943359129
0.1518662625,7133,41.63764207999998,0.12220590012146197,-0.17981186444077474,0.00015456825503671703,0.6664888858795166,0.1231832504272461,77.20897371899964,28.654635497017953,146.88088319505107,30.10632767255891,109.45150143032005
0.12247291499999999,1964,42.656212040000014,0.3223000134403675,-0.3681801804079724,8.431705107650853e-05,0.7819669246673584,0.12369108200073242,77.05665587268109,28.50029361491431,158.9672995018791,31.575676917821408,93.16821491901753
0.11637819999999997,2919,41.396671670000046,0.3880073014520222,-0.39601604329386486,0.00013992699419169697,0.707304318745931,0.08461403846740723,77.33674180222792,28.555017404634597,170.99610240808363,32.26220150983127,90.95225902355318
0.0867151325,0,35.95347482,0.6622918169837987,-0.5388454022544356,0.00015186386745350924,0.5615221659342449,0.1089315414428711,77.28848409605075,28.87828497576693,225.19075299030953,29.181143146634405,69.98028645282415
0.0803319425,0,38.58705923000002,0.6931756185588643,-0.6327686882118285,0.0001456475671880576,0.7663278579711914,0.07316907246907552,77.23205111927851,28.451027547044678,212.18896537794456,27.839869558252943,60.91707512346009
0.1044799125,0,35.181002300000046,0.4346649023433545,-0.4012607812623639,0.00013992699419169697,0.707304318745931,0.08461403846740723,77.2613937694664,28.60833074723039,220.67842050066764,34.2625019898529,112.89471077703388
0.08659380250000001,1975,39.35098670000002,0.5296755807978003,-0.49135580758294456,8.031308860090292e-05,0.8098287582397461,0.1892242431640625,76.85261063421763,28.527582555389518,205.5651250956646,33.15146129153597,87.83417097645976
0.10915901000000003,2428,41.99311616,0.520550844966072,-0.46174282678002126,8.895342588428118e-05,0.6211264928181965,0.1589803695678711,77.1075047104676,28.773795713194833,169.73011041637483,30.4786748004191,71.04455360818088
0.1118469425,6261,41.114685020000024,0.37439440708109323,-0.36660952755211973,0.0001456475671880576,0.7663278579711914,0.07316907246907552,77.238871806332,28.534641261638537,176.8413828334568,32.998873056460695,96.91612433887744
0.0740111225,3,37.99403275999998,0.11217772566836429,-0.02998427833010987,8.036239547384044e-05,0.675431489944458,0.08529806137084961,77.04950858421427,28.710188126744843,233.56799316684743,38.57617136654281,184.9038958775306
0.13372074500000003,5294,43.83542894000004,0.18863848513135073,-0.2417338246254361,9.186525787501725e-05,0.6743142604827881,0.1063375473022461,77.13690765852647,28.744440311198854,144.87305720046118,30.37853584064079,99.2379996613896
0.07802661749999999,0,43.20651326000001,0.42983932413989445,-0.3870433242905181,8.340164291130814e-05,0.6686423619588217,0.11760425567626953,76.88698080192793,28.694769553472142,188.28631628905498,34.41964208271535,93.68468294785637
0.14671391749999999,4635,43.196259199999986,0.2854544755248598,-0.3123429366361514,7.711288683433435e-05,0.7397317886352539,0.15915775299072266,76.91151200878384,28.567778993308583,136.68724893632498,28.65921460860875,83.03167851650852
0.13234756,2893,43.89695330000001,0.2458991798359673,-0.2730361910601823,8.991754130804885e-05,0.5436716079711914,0.14101839065551758,77.12727085009003,28.876494395732166,144.23373296156342,30.15179374090038,90.86122803820709
0.09655650249999999,16,41.10101294000003,0.5181356367733392,-0.47359938603223334,9.186525787501725e-05,0.6743142604827881,0.1063375473022461,77.12316495207888,28.749572214887955,185.98730254482575,32.072665562944366,79.22889936487631
0.097884175,0,41.179627400000015,0.4796643327841845,-0.43368978955572873,8.340164291130814e-05,0.6686423619588217,0.11760425567626953,76.92372967790541,28.73265595246523,185.2396100044249,32.721741862152875,84.74831781131046
0.08309665500000003,0,37.54456313000003,0.6247366759648773,-0.5778860832353162,8.958636967903999e-05,0.8544745445251465,0.11635112762451172,77.24528975893216,28.429659812540166,218.39178142999913,30.795706618762466,76.46876042313461
0.13226125125,6119,40.545584690000055,0.21596557177968265,-0.2520788486478777,0.00014912515112592523,0.7314157485961914,0.06677722930908203,77.32433637305186,28.5092088018988,167.8446615672931,32.45166879305914,113.9492400309144
0.0779688675,182,37.01477003000002,0.7585551754493487,-0.6794047067962818,0.00014912515112592523,0.7314157485961914,0.06677722930908203,77.27741553336116,28.476361367647296,223.18976437169454,24.42684583666048,51.51496118229307
0.13563790750000002,4365,45.32226764000001,0.17063754063622008,-0.22158792650918627,8.974528618691458e-05,0.8087546030680339,0.14197254180908203,77.01663281842444,28.456966285241617,133.40219166432348,29.01959469725559,93.67953725621126
0.13310128,0,45.32226764000001,0.35375598747236553,-0.372795366840449,0.0001581757076809691,0.6417844772338868,0.1521444320678711,77.23216377183547,28.76509214879921,131.15919478473097,28.007262396243153,71.05811271789774
0.15224251750000004,0,45.978527480000025,0.3303012789908787,-0.38249979109217025,8.031308860090292e-05,0.8098287582397461,0.1892242431640625,76.85549847135302,28.453710146564067,111.74829245278556,25.017687693711597,62.91383255614369
0.08315649500000001,1078,42.70748234000001,0.44788812694993907,-0.3867669811606953,7.711288683433435e-05,0.7397317886352539,0.15915775299072266,76.89236439584272,28.6086943211261,187.23267497772076,33.91387208935391,91.05419235764342
0.12380751750000002,3618,43.25094752000001,0.35337607545144695,-0.37347331340239637,8.467832677738762e-05,0.8969619274139404,0.1082615852355957,77.07783847462284,28.417556417672078,153.09091349186576,30.750131204558837,86.25570446354358
0.0909583,0,41.459905040000024,0.5107127525334652,-0.500087191841427,8.031308860090292e-05,0.8098287582397461,0.1892242431640625,76.87681184497913,28.49422802735657,188.1745197870464,32.57106398561575,82.46647527581167
0.1144426675,0,34.73665970000002,0.4610770658141225,-0.4421404448177508,0.0001581757076809691,0.6417844772338868,0.1521444320678711,77.19670741011349,28.802810768909744,215.02143602548,33.170829394162396,104.46749663704176
0.1434744725,7016,47.59183292,0.17221015098334178,-0.212928682150681,8.605784747293756e-05,0.720656156539917,0.1136617660522461,77.05003345314054,28.637326306038894,111.01567532205456,25.66441684970726,75.80749019908875
0.09128566000000002,1994,39.836345540000025,0.5798949926343754,-0.5396980238415148,9.208205715746468e-05,0.7053788503011068,0.10391569137573242,77.2167237090262,28.62043009856299,197.44844610487917,31.301499063184604,74.77578997921583
0.12186791500000002,0,43.24069345999999,0.4087726949296485,-0.41619220674338786,8.036239547384044e-05,0.675431489944458,0.08529806137084961,76.9569667611802,28.656285479407835,153.454626961004,30.345195915302337,77.74087697744743
0.1381328175,0,41.09417689999998,0.31121236244968015,-0.339922225683987,7.711288683433435e-05,0.7397317886352539,0.15915775299072266,76.85405299172079,28.573688357263993,157.34932746410482,30.894271079138083,93.69123929645211
0.14138177749999997,0,42.99459602000002,0.37932224121438324,-0.37868805350192003,7.711288683433435e-05,0.7397317886352539,0.15915775299072266,76.89041522636926,28.570029072665143,140.21704716370175,28.623075029622882,74.50481830090276
0.08783479500000001,0,39.983320400000025,0.5853399524041045,-0.5520288593420221,0.00015226489729356117,0.7993351618448893,0.09926128387451172,77.25673688891081,28.42801557600461,199.09507663949228,31.348700931537337,75.1604185588686
0.0819106075,0,42.56392549999998,0.5293344173058571,-0.5016590079271426,8.036239547384044e-05,0.675431489944458,0.08529806137084961,77.02567429566065,28.696572254105476,187.386548708144,32.4390873435732,77.89337743274737
0.10172380750000001,0,39.93888614000002,0.5413665451832296,-0.5373870831091215,8.036239547384044e-05,0.675431489944458,0.08529806137084961,76.98895466271878,28.65632181632299,189.2433015408809,31.51392959379769,77.26484418341943
0.08018754,0,31.92533824999998,-0.008230402198044813,0.025003165339233867,0.00014912515112592523,0.7314157485961914,0.06677722930908203,77.30802969152786,28.548654074647754,252.07020742439408,35.35546561992661,234.5461751120045
0.12171964875,2473,41.572699700000044,0.3500815386324935,-0.3692610879451245,0.00015226489729356117,0.7993351618448893,0.09926128387451172,77.30415972401188,28.426726582669048,166.36621931404216,32.03302833967602,94.33786772009773
0.14346374750000002,5819,48.12162602000001,0.17934969840086687,-0.22169015546731038,9.186525787501725e-05,0.6743142604827881,0.1063375473022461,77.0737084428175,28.675944245081194,107.04851308622187,25.018565357116252,71.91333999762969
0.13760212249999998,263,33.66681944000004,0.3601271166442045,-0.3953828689481529,0.00015186386745350924,0.5615221659342449,0.1089315414428711,77.2789932497474,28.857078639718598,205.3453100908352,32.76109234746633,116.74856517261097
0.14702818750000002,6678,44.895015140000055,0.1582674095408182,-0.2048129723931096,0.00013992699419169697,0.707304318745931,0.08461403846740723,77.32435216606183,28.59198818767546,127.56585703246958,27.97675963337727,89.7988118765919
0.12475511250000001,4849,38.7015629,0.31961242483721225,-0.350909311270867,0.0001552692533234929,0.6322150230407715,0.1382284164428711,77.32031257124765,28.846510681430296,183.89386268389853,33.271075760603495,109.11398563412487
0.1203193075,15,44.146468760000005,0.418023065949365,-0.4353915479235173,8.340164291130814e-05,0.6686423619588217,0.11760425567626953,76.89702062065484,28.675271966289472,148.16643613760118,29.761703138706434,73.58708492219965
0.1263787675,0,42.89205542000002,0.3772146449093813,-0.3767618683276149,8.409465144421091e-05,0.7554222742716472,0.2055816650390625,76.84658083027374,28.58935706844785,152.9760514739213,30.453351165424454,82.27926060394765
0.1375999775,0,44.816400680000015,0.3064939278502185,-0.36075134439142625,8.031308860090292e-05,0.8098287582397461,0.1892242431640625,76.87061513180487,28.472003306027045,132.22045342244496,28.304268515220596,78.05985854992964
0.10381313375000001,0,38.96133242000002,0.5080859731642716,-0.49805593053431224,0.0001552692533234929,0.6322150230407715,0.1382284164428711,77.32835676721247,28.822643863412317,194.8686809431416,32.41832117329078,85.08308933195214
0.1161089475,2935,40.35930259999998,0.4374128832376698,-0.4329993871247656,0.00015456825503671703,0.6664888858795166,0.1231832504272461,77.1800763175479,28.710927808862678,177.16369654655807,32.11912062829217,87.13088362196629
0.1018021275,0,41.69233040000006,0.4755254343525356,-0.4492948804278816,8.340164291130814e-05,0.6686423619588217,0.11760425567626953,76.94762263093243,28.716953501301322,178.6888773938689,32.222323733869544,82.0332010788477
0.08964864,0,40.766046980000056,0.39238571170252995,-0.33401055201196933,8.37094887439586e-05,0.5485732555389404,0.15003156661987305,76.91156067356853,28.851572439685107,196.56805971927304,34.93566083765506,103.79555991985377
0.09200209,0,41.788034960000005,0.47539390677788745,-0.41011994484965814,8.340164291130814e-05,0.6686423619588217,0.11760425567626953,76.90952250529753,28.748020805317616,185.87511298611798,33.061996894919055,85.60925670651953
0.09288505999999999,5,42.74508056000002,0.49910290658267215,-0.4546568311366742,8.719183587195072e-05,0.8373379707336426,0.24370765686035156,76.84945585914463,28.54643822346376,178.03301704588478,32.07224047573132,79.48724150009343
0.11398383,3079,44.26609946000002,0.45885621985519204,-0.457317107571834,9.330361674741994e-05,0.712843656539917,0.1165914535522461,77.07117436910865,28.56507631332465,151.4563677216247,29.77917615129554,70.6009312058043
0.11531067750000001,870,39.788493259999996,0.4698349894849019,-0.4680957072165416,0.0001552692533234929,0.6322150230407715,0.1382284164428711,77.2525923491802,28.792911210331823,180.94610544241823,31.90193045367711,84.1316557248934
0.1611069775,0,44.44725452,0.29243512260908494,-0.3384439001511282,8.397091838929782e-05,0.6301561991373699,0.1371140480041504,76.9870920044782,28.789903905757434,116.32462670216648,25.626188150797606,68.31368261982621
0.16173488500000002,0,42.48189302000003,0.18908465835840135,-0.2619706121398876,8.036239547384044e-05,0.675431489944458,0.08529806137084961,76.95166182285682,28.715529359721586,131.75436984549594,27.933141717146544,89.92186526128684
0.09029226375000002,0,38.32216268000002,0.6062293505405698,-0.5651043634659856,0.00015186386745350924,0.5615221659342449,0.1089315414428711,77.34379249626767,28.86754263612505,207.8539289957157,30.879778831468865,73.67326973195051
0.11687926374999999,3219,42.50752817,0.4606436009105931,-0.4560913754933904,0.00015226489729356117,0.7993351618448893,0.09926128387451172,77.29601162802646,28.4144585921042,161.34913237581043,30.582745220871132,76.21067565035712
0.10490126749999999,355,35.676615200000015,0.5603938742698764,-0.5590013737601003,0.00015186386745350924,0.5615221659342449,0.1089315414428711,77.26638401736314,28.863007086888732,214.5524328344752,31.643532519943477,85.00712762149487
0.0924301275,0,41.48383118000004,0.42196810966298526,-0.37616595981605844,3.897853951489846e-05,0.6287641525268555,0.1431746482849121,76.88721090565207,28.798127557506543,188.80551093172517,34.02904586624574,95.23501242610457
0.07982137750000001,177,39.50821561999999,0.5656007226738933,-0.5049460931421585,8.895342588428118e-05,0.6211264928181965,0.1589803695678711,77.06637209648295,28.79206954383848,209.14675882413428,32.64162622618737,81.58963379359795
0.1211762075,0,38.69130884000003,0.4459035684174133,-0.3630520802360423,8.991754130804885e-05,0.5436716079711914,0.14101839065551758,77.05524613085782,28.87086974162403,184.11625466109,32.161655016819616,88.92656113811086
0.11030653,1416,42.228959540000005,0.43855559255911314,-0.43893211506888424,8.617081325312803e-05,0.9222345352172852,0.10440381368001302,77.01344586139538,28.412355835444536,169.02474900353138,31.75524654645344,84.22218189576282
0.09061556750000001,0,31.32376672999999,0.4697413184863325,-0.4307125273708978,0.00013992699419169697,0.707304318745931,0.08461403846740723,77.30291657449101,28.556797080895606,255.43138414362528,34.06248532525916,125.7445132190937
0.1441417875,291,40.89934976000001,0.28402397646283595,-0.3053544565626176,7.711288683433435e-05,0.7397317886352539,0.15915775299072266,76.87094915416678,28.57767654223372,154.4604300935107,30.54816540189573,95.43116238968454
0.07205535,0,31.272496430000047,-0.008018358531317571,0.02581098458234473,0.00013992699419169697,0.707304318745931,0.08461403846740723,77.29809307994138,28.565590742511816,262.7037177310151,35.59905437454287,245.2331324236784
0.1049813475,0,36.81481586000001,0.41826558158261223,-0.3584953374427059,8.4618303012062e-05,0.5411269664764404,0.13683176040649414,77.03236202958642,28.855245921870615,210.02934892683874,34.32771123255427,107.91672616240253
0.1688719875,0,32.55254492000006,0.18126575560567867,-0.25201797757865185,8.4618303012062e-05,0.5411269664764404,0.13683176040649414,77.04617995253089,28.881767718426566,190.8733828395611,31.342389056919192,137.9037953236003
0.08693584750000001,0,36.907102399999985,0.5446008422122841,-0.506465488362121,0.0001581757076809691,0.6417844772338868,0.1521444320678711,77.19231250553037,28.785616622176796,221.21478683287302,33.14975635923576,91.29353835529147
0.07770687500000002,0,38.58535022000001,0.6805952845999722,-0.6268136935002835,8.958636967903999e-05,0.8544745445251465,0.11635112762451172,77.17058045425794,28.421589298042537,214.5699508146164,28.60552397173893,64.52015190700986
0.08268008500000001,9,39.99357445999999,0.653625188158555,-0.5912679252571096,8.431705107650853e-05,0.7819669246673584,0.12369108200073242,77.10603994227606,28.508486874188204,201.66016628661862,29.21732736118724,64.45860393886426
0.10343713999999998,2085,42.42036866000001,0.4766731414444641,-0.4829141421604847,8.431705107650853e-05,0.7819669246673584,0.12369108200073242,77.05332070307419,28.506536338258513,172.34415126696854,31.688711958014114,79.43629579207042
0.17973094,0,37.17712598000003,0.25894548466012396,-0.29774070894149396,0.0001581757076809691,0.6417844772338868,0.1521444320678711,77.2199188981023,28.760349699479683,151.2109282831807,28.711727296166003,96.76608750990079
0.08749528000000001,0,40.738702820000015,0.49913860175614094,-0.41910962056947454,8.340164291130814e-05,0.6686423619588217,0.11760425567626953,76.90419534087522,28.74884053266992,196.12567483593511,33.37327792075906,87.05058999693274
0.12156519500000001,4,42.885219380000024,0.4119436393376762,-0.42594240238342956,0.0001552692533234929,0.6322150230407715,0.1382284164428711,77.31794399613324,28.754280714768747,156.0884043882677,30.57066723843618,78.58821407418513
0.13867245,3248,43.25094752000001,0.2739261871772264,-0.2913716602291953,9.208205715746468e-05,0.7053788503011068,0.10391569137573242,77.22260314328281,28.64368463965528,143.0048414808076,29.685651187443455,88.14446018620352
0.128934755,0,43.84568300000001,0.4686065275102806,-0.4690271016115174,8.397091838929782e-05,0.6301561991373699,0.1371140480041504,76.96539927567065,28.820190921954524,142.21934041179782,28.244343408172977,64.4714481140815
0.16048523,0,37.13610974000005,0.2565799842395588,-0.269343437559702,8.4618303012062e-05,0.5411269664764404,0.13683176040649414,76.98065302834455,28.861215024486093,166.9241606685187,30.78632777731155,106.85658127662036
0.11780534000000001,22,49.15045004000001,0.4448283913144992,-0.4500421782735027,8.031308860090292e-05,0.8098287582397461,0.1892242431640625,76.89924564941856,28.494489098842738,113.63639117555465,25.09188242820509,53.245533033614954
0.14815439500000002,0,35.07846170000005,0.3303473531862639,-0.32682676114865605,8.4618303012062e-05,0.5411269664764404,0.13683176040649414,77.04960323506121,28.87452265360116,188.53342848684656,32.00384950379664,110.67109309169275
0.124361835,5450,43.20651326000001,0.35098228584701524,-0.36446867225168383,8.031308860090292e-05,0.8098287582397461,0.1892242431640625,76.91070574476639,28.47729405280131,153.00953430075367,30.741705164750016,85.95339789927068
0.1790674475,0,46.583517020000045,0.14788869917030106,-0.2285489204122209,8.605784747293756e-05,0.720656156539917,0.1136617660522461,77.04710999744766,28.551803739503086,90.30430765368635,21.54960803372924,62.86093074164247
0.127385185,0,33.072083959999986,0.48098493805582687,-0.4870391972664115,0.0001581757076809691,0.6417844772338868,0.1521444320678711,77.23860386790305,28.845810790598932,214.85488627914805,31.932261920792808,101.201547359291
0.11989930000000001,0,38.93057024000001,0.3712735740423245,-0.32376517668564647,0.0001520350962984842,0.547762393951416,0.12106871604919434,77.16525829357363,28.866697008775823,185.14885202570406,33.15638151674403,100.92252514951763
0.173289725,4334,41.93159179999998,0.1854918950292276,-0.24660505264075677,8.991754130804885e-05,0.5436716079711914,0.14101839065551758,77.12645631049423,28.857724364716628,126.33896356349783,26.892957181187192,85.54902249466849
0.13273583249999998,5056,44.847162860000026,0.3047466641284497,-0.3288336867615874,9.186525787501725e-05,0.6743142604827881,0.1063375473022461,77.08182018059532,28.665655282929873,135.93643820827026,28.907880327159482,79.49167471342086
0.11485811000000001,279,40.37297468000003,0.3924975829842088,-0.3836685026258485,9.208205715746468e-05,0.7053788503011068,0.10391569137573242,77.16450078682819,28.62272072660895,179.05618792535836,32.83282042231938,95.16463317814521
0.12905053000000002,3911,43.538061200000016,0.17848335838209328,-0.2133435490655609,0.00015456825503671703,0.6664888858795166,0.1231832504272461,77.17243783586682,28.713922117825742,150.8949038108035,31.207549251479847,104.98940549868736
0.13666111374999998,4122,42.13496399000002,0.2121865308418145,-0.24776665868852257,0.00014912515112592523,0.7314157485961914,0.06677722930908203,77.31888875652662,28.508549453217743,153.66091078712088,31.088814802600957,103.65616222910471
0.09685757250000002,3750,45.045408020000025,0.4269732415330555,-0.41891097339271594,8.431705107650853e-05,0.7819669246673584,0.12369108200073242,77.11963874977167,28.542353099636216,160.40484776929122,31.572783290091483,79.66880392554197
0.08788976750000001,205,36.954954680000014,0.625002372441717,-0.5686724766552056,9.208205715746468e-05,0.7053788503011068,0.10391569137573242,77.24649334368537,28.601410322217138,218.45087995983982,30.55474705279601,75.48438976372071
0.1754912375,4712,47.10305606000003,0.17831054207799196,-0.2145824372662285,8.340164291130814e-05,0.6686423619588217,0.11760425567626953,76.93347825476224,28.684441557415994,88.74884445626901,21.292922222001856,59.190848192934126
0.10368486000000002,1824,42.02558735000002,0.5390253921052479,-0.5176802829758101,0.00015226489729356117,0.7993351618448893,0.09926128387451172,77.29406662691439,28.40774594441467,173.47217060451453,30.541987263848178,71.19423134221523
0.109555615,820,42.310992020000015,0.49092216847063197,-0.4892118009687362,8.397091838929782e-05,0.6301561991373699,0.1371140480041504,76.96560108544813,28.828356050811653,167.88439121362956,30.887254492314156,74.23988598701406
0.10135275000000002,1566,43.74656042000004,0.5223968259676124,-0.4924852230931032,8.605784747293756e-05,0.720656156539917,0.1136617660522461,77.01949006449034,28.608857586623458,163.7480228551118,30.214787887673157,68.42875959841102
0.1216941425,2347,44.33445986000004,0.3106198032429622,-0.33916597079885624,8.958636967903999e-05,0.8544745445251465,0.11635112762451172,77.18697008465026,28.44537673084548,148.22358555602193,30.60736073818069,88.07450704585145
0.087892435,844,41.26849592000002,0.5777486567946534,-0.5390357857330034,9.208205715746468e-05,0.7053788503011068,0.10391569137573242,77.20980843777522,28.578891333597404,190.45199475456457,31.159380414701868,72.05721391021102
0.09694417000000002,0,41.19329948000001,0.536986137667304,-0.5027135654906908,8.296685417903404e-05,0.9189741611480713,0.16247224807739258,76.94551618703944,28.42946522689385,184.62892850301307,31.55729743543346,77.48845975895217
0.1118853325,1396,42.328082119999976,0.4330476879755266,-0.45100623198758527,8.895342588428118e-05,0.6211264928181965,0.1589803695678711,77.07687983415349,28.81337661464426,167.20281103521518,31.624911187872073,81.79447776851156
0.08480622,0,38.458883480000054,0.6430382263757023,-0.5408785240609304,8.397091838929782e-05,0.6301561991373699,0.1371140480041504,77.04959348953724,28.812362848558575,210.5421911077858,29.843737813724893,68.66220819746005
0.1340155725,4198,43.09030058000002,0.31449190934850596,-0.3580899066807687,8.37094887439586e-05,0.5485732555389404,0.15003156661987305,76.93926967112378,28.859422004189632,146.91832592002334,30.044363585851624,84.67451785187319
0.09967830250000001,0,41.063414720000026,0.5449692587644261,-0.5396451486580113,8.958636967903999e-05,0.8544745445251465,0.11635112762451172,77.18945391195437,28.4113121409347,183.15347284643212,31.177079284719095,75.11748765348155
0.083252415,0,39.80900138000004,0.45624392795755186,-0.39588526891888026,8.340164291130814e-05,0.6686423619588217,0.11760425567626953,76.85497308787396,28.741573169355952,206.7503036830858,34.8031517563538,99.84489634921174
0.12925537750000002,4949,43.23043940000002,0.2727738070411587,-0.30978510042628743,0.00014912515112592523,0.7314157485961914,0.06677722930908203,77.2790295300684,28.53127356937575,150.70624708826597,30.820864113499177,93.58707177812927
0.11818517000000002,0,42.21186943999999,0.5174347216638234,-0.4733210598779337,0.0001581757076809691,0.6417844772338868,0.1521444320678711,77.20802422331491,28.801451960276953,161.070003017487,29.549965558394366,67.65310942277227
0.08726007250000001,0,41.54535554000006,0.47814859104814855,-0.4249080622347949,7.711288683433435e-05,0.7397317886352539,0.15915775299072266,76.85175560382356,28.61696652179643,191.27155585568562,33.51806113371158,88.55300220469505
0.1096631675,5580,41.91450170000002,0.2609269905254881,-0.2727917263913936,0.00015456825503671703,0.6664888858795166,0.1231832504272461,77.15905492370746,28.664458617499875,175.67044819452042,33.800927747251095,111.95855543983724
0.1309784175,2782,44.491688780000004,0.23904762577827401,-0.25613652972616674,9.208205715746468e-05,0.7053788503011068,0.10391569137573242,77.22065916802852,28.642845240930836,141.34956197825784,29.897202064796247,90.85681980951968
0.12489441375000002,0,40.51994954000003,0.3986634573696721,-0.4010596843710034,0.00014912515112592523,0.7314157485961914,0.06677722930908203,77.33685328543082,28.53091028217438,169.8990184503068,31.717852248696026,89.19624283148211
0.0848927625,1809,38.85879182000002,0.5816493348799664,-0.531150060087077,9.208205715746468e-05,0.7053788503011068,0.10391569137573242,77.23998870229626,28.559482477962845,209.10958867045838,31.94637879588392,79.40078395773037
0.10071263250000001,3203,44.73778622000003,0.4758868530014484,-0.4807811736899545,8.431705107650853e-05,0.7819669246673584,0.12369108200073242,77.13952251351506,28.474155523132527,158.35853169951577,30.582975016616203,72.27070043593272
0.10718605,0,39.35440472000005,0.5757889567408292,-0.5498527334869874,8.895342588428118e-05,0.6211264928181965,0.1589803695678711,77.07329131487434,28.819496337839784,188.0708928820501,30.33411283450699,71.20385255595467
0.10122138250000001,28,42.82027700000003,0.42024224165547713,-0.41843430905377815,7.711288683433435e-05,0.7397317886352539,0.15915775299072266,76.92780717501066,28.60302174956297,172.6250501537928,32.59804511733545,87.32444003169674
0.10434706,0,41.80854308000005,0.4098442563275328,-0.36879088590752857,7.711288683433435e-05,0.7397317886352539,0.15915775299072266,76.8896847945885,28.628127386730988,177.32127381411544,32.9587336724221,91.64285143423098
0.131854155,891,42.712609369999996,0.3175923991199499,-0.32674076090992354,0.00013992699419169697,0.707304318745931,0.08461403846740723,77.31100464123998,28.648773966575167,151.1805608548948,30.530872884534173,88.19718221606068
0.1040455225,0,39.80216533999999,0.07634128643988229,-0.0760381641605081,8.340164291130814e-05,0.6686423619588217,0.11760425567626953,76.8501376058385,28.71491733242568,198.4265331096185,36.09127195481209,160.12205666046194
0.11102576500000001,0,40.885677680000015,0.4845278796543793,-0.42433857384831936,8.4618303012062e-05,0.5411269664764404,0.13683176040649414,76.9729557634309,28.852727920218673,176.62293263352717,31.571467842119187,78.94333921357224
0.13081817499999998,878,40.96941917000004,0.3341434546791689,-0.3646314193447912,0.00014912515112592523,0.7314157485961914,0.06677722930908203,77.32198308335056,28.45467232923313,163.53925712115768,31.55619767826623,94.33632979041656
0.10970796500000002,6149,42.164017160000014,0.47392382573934927,-0.45897424937256887,8.467832677738762e-05,0.8969619274139404,0.1082615852355957,77.10430417841759,28.40761421551994,169.15757539819765,31.267132028544392,79.09474048536131
0.12201715749999997,0,43.39792238000001,0.3816245072172304,-0.3861256625264548,8.605784747293756e-05,0.720656156539917,0.1136617660522461,76.99312474801016,28.63551607001598,152.86124361642726,30.550067338074623,81.1522387626437
0.1689221475,561,46.44679622000001,0.29867507081701317,-0.29594764447885796,8.036239547384044e-05,0.675431489944458,0.08529806137084961,77.03496672091335,28.667557271066844,95.82087025932776,22.300217561670998,55.07217879337951
0.12108034250000001,2376,42.89205542000002,0.4276125199131474,-0.44082071704029197,0.00015226489729356117,0.7993351618448893,0.09926128387451172,77.30443361808534,28.444078688760204,156.07445035186845,30.40658621764427,77.72454900255613
0.1467999925,1010,35.297214980000035,0.35256229599758143,-0.3968091017330334,0.0001581757076809691,0.6417844772338868,0.1521444320678711,77.15273678323611,28.82993153355097,187.76002147840364,31.893287966381177,107.57000511601552
0.09690630250000001,1448,38.588768240000036,0.575239070846021,-0.5516069478247854,0.0001456475671880576,0.7663278579711914,0.07316907246907552,77.20928905026842,28.45509705018772,201.44412085251406,31.345774447914145,77.81311791547164
0.09082627250000001,0,39.64493642000002,0.5881749895225505,-0.4973738601823708,8.895342588428118e-05,0.6211264928181965,0.1589803695678711,77.07901785299174,28.765103776461867,198.93033538761495,31.13299120338648,73.53368864644607
0.14388612,1665,45.92383916000006,0.17909802603141053,-0.21471512332698345,8.431705107650853e-05,0.7819669246673584,0.12369108200073242,77.05287817897842,28.481537334689843,122.37602275166535,27.31225631538083,84.21622018384333
0.16954975250000004,0,42.59126966000002,0.23578319593053856,-0.2890076112412178,3.897853951489846e-05,0.6287641525268555,0.1431746482849121,76.94734216062417,28.77243003029806,123.70254083733062,26.550606659378914,79.0329065680856
0.10667622750000001,577,41.12493907999999,0.44274364958317264,-0.45856606764673097,8.031308860090292e-05,0.8098287582397461,0.1892242431640625,76.90284503732042,28.505358116603666,179.39607534382208,32.584030003216704,88.61576958275477
0.13318884,3866,40.61223608,0.15376075121390065,-0.2062062552004307,0.00014701965174594988,0.6609047651290894,0.12557220458984375,77.29044429665835,28.74375064435927,168.02243224615086,32.637911944311696,122.27498884512643
0.15667725000000002,0,43.13131682000005,0.29257776093569177,-0.3449277215641767,8.036239547384044e-05,0.675431489944458,0.08529806137084961,76.96067012087204,28.748226930183332,129.00308238026366,27.39636832850627,76.77233384741953
0.132764075,4,44.52928700000001,0.37370425777975835,-0.41286686272691064,8.296685417903404e-05,0.9189741611480713,0.16247224807739258,76.92557628690994,28.422773347103167,136.54827858501199,28.523419019212493,73.96929756296862
0.1379191975,5240,41.897411600000055,0.20960151915259773,-0.26466391194828076,8.617081325312803e-05,0.9222345352172852,0.10440381368001302,76.95185864319261,28.429777218852262,154.32882087879057,31.110949971872103,106.43034395723143
0.08167908499999998,0,38.52382585999999,0.657482748615474,-0.595703077558357,0.00015226489729356117,0.7993351618448893,0.09926128387451172,77.25757586175942,28.445103385588656,212.2997914536461,29.4252569390282,67.68298983839958
0.09533047000000001,0,40.55412974000001,0.6290550708894848,-0.5758992097024891,8.605784747293756e-05,0.720656156539917,0.1136617660522461,76.99466193810589,28.55877658155144,188.2585735041946,29.119082788591705,63.33875104800143
0.1557646075,0,41.46332305999999,0.2888797464014643,-0.3485800064018368,8.397091838929782e-05,0.6301561991373699,0.1371140480041504,77.04423154687974,28.82413741221568,141.23526117855295,28.805235221957712,85.10733262138639
0.14869771250000002,4419,48.603566839999985,0.1751719382508367,-0.2226599461949968,8.605784747293756e-05,0.720656156539917,0.1136617660522461,77.0395978988633,28.63746288945921,99.48575355155458,23.673167103027513,67.09448662491985
0.176353445,0,33.560860820000016,0.2148891798826326,-0.28284861241274767,8.4618303012062e-05,0.5411269664764404,0.13683176040649414,77.02699483772811,28.863493453099817,177.92829888276515,30.420523774416925,122.27398539138154
0.07735999,0,37.06091330000004,0.722437173195545,-0.5880197619223996,0.0001520350962984842,0.547762393951416,0.12106871604919434,77.17181704390569,28.882262223142586,224.1292365539989,26.624149368023758,57.895379871742904
0.08370083,32,37.79920562000001,0.6634197440188796,-0.6028122770278501,0.0001456475671880576,0.7663278579711914,0.07316907246907552,77.22117167957349,28.493256462202027,215.39737361139396,29.151285861419485,67.51246403114631
0.08053976,3924,41.770944859999986,0.42136573864151644,-0.33983586937938104,3.897853951489846e-05,0.6287641525268555,0.1431746482849121,76.90426862422335,28.813336824399734,196.36752205088032,34.94400759526117,99.4284944128504
0.14814448125000002,5175,42.794641850000005,0.2225084392159136,-0.2636304824430042,0.00014701965174594988,0.6609047651290894,0.12557220458984375,77.3170909095123,28.665001039550912,139.7324335613083,29.20837385794354,91.7123812434186
0.08526464500000001,2,41.76410882000005,0.5338607087497995,-0.45201095446812,8.036239547384044e-05,0.675431489944458,0.08529806137084961,77.0375721033335,28.717953943354306,190.12517657292904,32.382843467179036,78.53578691184589
0.09342947750000001,0,38.40419516000003,0.631367558290231,-0.5806666006759336,0.00014912515112592523,0.7314157485961914,0.06677722930908203,77.27844912561918,28.51482043335164,204.25905400275758,29.74569541538886,69.05614664628906
0.10633179,982,43.29879979999998,0.4135220735569776,-0.4055273475159073,7.711288683433435e-05,0.7397317886352539,0.15915775299072266,76.90528261273336,28.628583230876956,165.37205730159633,31.902588927364405,84.19979650949047
0.12652938500000002,0,49.044491419999986,0.4401425363881101,-0.4616043035377211,8.031308860090292e-05,0.8098287582397461,0.1892242431640625,76.89731183879219,28.477327797542248,107.54995151634034,24.063966696759028,50.6273673934898
0.06572526249999999,0,35.58091064000001,0.7043853321967463,-0.613969725821363,0.0001456475671880576,0.7663278579711914,0.07316907246907552,77.17443438717928,28.531040782392534,243.54775323669816,28.18313151947343,68.56595121859274
0.132610735,849,42.76558868000001,0.2172767054728833,-0.2573327297894813,0.00014912515112592523,0.7314157485961914,0.06677722930908203,77.31682484821852,28.464678591970902,152.47686145686203,31.1097531294378,101.9739811528002
0.14495295500000002,1298,44.64891770000003,0.17774127108670065,-0.21131040569933482,8.605784747293756e-05,0.720656156539917,0.1136617660522461,77.0367403970962,28.614803299356424,130.49075300014897,28.361622333485276,90.10320115306853
0.110461025,1081,46.67922157999999,0.218226288613099,-0.25030797480417444,8.425432941976397e-05,0.550548235575358,0.18518781661987305,76.84092433949087,28.853145713041727,142.84175839336672,30.71928191094827,92.7458948993093
0.11697319,889,42.191361320000055,0.3963915640619286,-0.4167192311973581,7.711288683433435e-05,0.7397317886352539,0.15915775299072266,76.90785906897123,28.62519461040212,164.89578628077902,31.674067296273932,86.4983402509892
0.09744769500000001,2,42.50240114000002,0.49236204661566224,-0.4666308630950523,8.605784747293756e-05,0.720656156539917,0.1136617660522461,77.03209899029841,28.584079509045516,176.2156513662943,31.911126254744595,78.59883835250199
0.10497604,4,34.37434958000006,0.6807691207733153,-0.6247166368713026,8.4618303012062e-05,0.5411269664764404,0.13683176040649414,77.0019021397794,28.851592954121617,220.45690872147753,27.383031487721933,65.07536379650873
0.09239451500000001,0,40.93011194000002,0.7040444535204909,-0.5945168557406066,8.036239547384044e-05,0.675431489944458,0.08529806137084961,77.0303079513179,28.661702164218443,186.38056335180795,25.96855111219566,50.70689274084493
0.11045395750000002,0,41.91450170000002,0.412670211469511,-0.37938636320934915,7.711288683433435e-05,0.7397317886352539,0.15915775299072266,76.87593763848982,28.607545878089997,171.64664086216726,32.27538472605903,88.05067361256997
0.13662426375,6189,44.96166653,0.23847395077120148,-0.27331136264108596,0.00014701965174594988,0.6609047651290894,0.12557220458984375,77.31356581749404,28.701939595959903,133.56095001762912,28.799194576914427,85.14575248711114
0.09014204500000002,786,38.30849060000003,0.6235411363527208,-0.5760793547183887,0.0001456475671880576,0.7663278579711914,0.07316907246907552,77.20635590429112,28.480592863802865,207.69590876566815,30.2767787256106,71.93266259818385
0.1510571575,4324,44.92577732000001,0.13943977349133005,-0.18586854640935765,9.186525787501725e-05,0.6743142604827881,0.1063375473022461,77.14730185992816,28.742280139341833,124.56507863616662,27.510841019821616,89.2225567265224
0.16782299999999997,0,42.816858980000006,0.1652308638990836,-0.2416995017651915,8.036239547384044e-05,0.675431489944458,0.08529806137084961,76.9726133077649,28.70998988331271,125.13199267054836,26.99350018362749,87.50027019734745
0.10723714499999999,2130,45.192382880000025,0.33714907134476135,-0.3366231128465891,9.330361674741994e-05,0.712843656539917,0.1165914535522461,77.08197149137908,28.64077276142964,153.1541669807458,31.391254380379273,86.54051554388376
0.09577944874999998,0,41.15228324000003,0.5641863241844872,-0.5448330496149393,0.00015226489729356117,0.7993351618448893,0.09926128387451172,77.25491493155351,28.419519684661427,185.23934042693224,30.957710824751853,72.6538984946807
0.10179847,1885,39.68253464000003,0.45237674019841334,-0.44502213737357316,9.186525787501725e-05,0.6743142604827881,0.1063375473022461,77.11594836945994,28.677783295332393,192.84821861095497,33.415023731821975,93.26947384087435
0.1281887075,21,37.607796500000006,0.4305871371433843,-0.4498006324762822,8.895342588428118e-05,0.6211264928181965,0.1589803695678711,77.09413179015482,28.816105639736374,186.00510776730397,32.098561195635504,93.25516994698565
0.1376872075,5569,41.13177512000004,0.14155019399127874,-0.203709441189725,0.00014701965174594988,0.6609047651290894,0.12557220458984375,77.29006999367128,28.73548314967695,161.20518435569568,31.93979699490827,118.4329687924682
0.11186360749999999,2,36.049179380000055,0.3550173104522484,-0.3613322490928599,8.895342588428118e-05,0.6211264928181965,0.1589803695678711,77.13744217304458,28.836853569694014,210.81546647038476,34.6224199752547,120.92758359763022
0.11829703999999999,0,40.70110460000001,0.38417716646565225,-0.3783410844789696,0.0001520350962984842,0.547762393951416,0.12106871604919434,77.21202025886484,28.85636997728174,174.2698383169626,32.45453679679606,92.23233423488293
0.13402211749999998,6008,40.605400040000006,0.1670099836129228,-0.21494443454787124,0.00014701965174594988,0.6609047651290894,0.12557220458984375,77.29439354082236,28.749509374917746,167.11039445155814,32.490126778116924,119.68113612964146
0.05486731374999999,0,37.334354899999994,0.4998105128596722,-0.41129757665756506,0.00015226489729356117,0.7993351618448893,0.09926128387451172,77.26271902115172,28.449117323981973,245.00096650688312,36.119394963744455,112.89599537271604
0.09836314249999999,120,37.20788816000004,0.5229712515283228,-0.48246876655139104,0.0001581757076809691,0.6417844772338868,0.1521444320678711,77.18552946618259,28.80763668978847,210.5491736471783,32.87158841773327,90.34767149390026
0.1255827525,0,43.309053860000006,0.36780528199213314,-0.3962396300008452,8.031308860090292e-05,0.8098287582397461,0.1892242431640625,76.88944729314541,28.482761675049012,150.9399463410349,30.361357377931846,82.56868315018356
0.15200964750000004,2174,44.77880246000001,0.25741541213295566,-0.3029093113981397,7.711288683433435e-05,0.7397317886352539,0.15915775299072266,76.94402342408812,28.62646348234455,122.09369818325581,26.809446420922573,76.11048677808681
0.1421093725,4484,43.78244963000003,0.2289840063765047,-0.267138756669696,0.00014912515112592523,0.7314157485961914,0.06677722930908203,77.31787578158676,28.451878166714497,137.60530341413846,29.150724510920835,89.7617664581412
0.1409910025,4379,44.587393340000006,0.2727406012281701,-0.3010675828356659,8.605784747293756e-05,0.720656156539917,0.1136617660522461,76.99983735017786,28.605753790818536,131.8928236074239,28.328012578476557,80.81345093975332
0.1460723425,4262,41.70942050000002,0.18909057289901082,-0.22079072592892587,9.330361674741994e-05,0.712843656539917,0.1165914535522461,77.14808530156836,28.632745577164325,149.5401056277418,30.405380157964238,103.58557918151669
0.14316452000000002,3498,41.93842784000003,0.2080694375220335,-0.25785709765204734,0.00014701965174594988,0.6609047651290894,0.12557220458984375,77.28893459138813,28.737633449939825,149.8879750132611,30.49051122634671,100.91545035749635
0.101888285,3970,41.24115175999998,0.4582988851309033,-0.4545908900647854,8.431705107650853e-05,0.7819669246673584,0.12369108200073242,77.13840640073741,28.525793284258874,182.08960338510428,32.719927828666485,87.31957140888242
0.11785772750000001,3281,42.65963006000004,0.28218848599090607,-0.2852450578698216,8.340164291130814e-05,0.6686423619588217,0.11760425567626953,76.89915006536657,28.739126623169977,163.5408662456815,32.39311357744247,100.53054508969167
0.0779072125,0,39.460363340000015,0.637254561251086,-0.5534057411913663,8.397091838929782e-05,0.6301561991373699,0.1371140480041504,77.0221915068549,28.759578669196646,209.44862810525626,30.325717701497,69.16632765026112
0.106243845,5190,45.24707120000005,0.27280100167895044,-0.28996207478333585,8.431705107650853e-05,0.7819669246673584,0.12369108200073242,77.09660804112225,28.50507624657278,155.06304449684967,32.00284462634125,96.57402148188841
0.15054716999999998,5688,41.49750326000003,0.14432589961351325,-0.17762145950920635,0.00015456825503671703,0.6664888858795166,0.1231832504272461,77.16442789531857,28.68006468095336,148.39048520807523,30.247034726259912,107.94409281271714
0.12555545875000002,5405,41.11981205000001,0.333746712566016,-0.3429517836986642,0.00014912515112592523,0.7314157485961914,0.06677722930908203,77.25416668083108,28.54170819036206,166.73901132085803,32.029848853993016,96.3422117221258
0.0779072125,0,39.460363340000015,0.637254561251086,-0.5534057411913663,8.397091838929782e-05,0.6301561991373699,0.1371140480041504,77.02211762682427,28.75993349650557,209.44862810525626,30.325717701497,69.16632765026112
0.09363888999999999,0,43.456028720000006,0.5204966699364966,-0.4873426511622035,8.031308860090292e-05,0.8098287582397461,0.1892242431640625,76.85061429386782,28.512471644021897,171.99554000809496,31.165804065731308,73.14426674203246
0.12152762999999998,1032,40.588309940000045,0.4791532464070726,-0.4630663092674781,9.208205715746468e-05,0.7053788503011068,0.10391569137573242,77.19126087385204,28.595653643310243,170.3614059824148,30.815662015605774,77.86411347593219
0.07960404500000001,0,33.80012222000005,0.6490460286383355,-0.5385937891758301,0.0001520350962984842,0.547762393951416,0.12106871604919434,77.22571584898786,28.86941814500622,245.08421078782192,30.03535235049269,79.70611149209584
0.10150647499999998,0,40.84466143999998,0.547814500202251,-0.5239813280074033,8.397091838929782e-05,0.6301561991373699,0.1371140480041504,76.99768716423715,28.753474762686256,183.12235963345904,31.03623266699787,73.20619803761319
0.14030919500000003,0,50.47664180000004,0.32837592816439304,-0.39243270149954473,8.296685417903404e-05,0.9189741611480713,0.16247224807739258,76.90962513000508,28.431409388004166,88.72438911217853,21.421408779548162,49.420697953123785
0.10550134500000001,0,34.8221102,0.5983419847997021,-0.5456490198777892,0.00015186386745350924,0.5615221659342449,0.1089315414428711,77.27278280433708,28.873351616602925,218.8259070405565,30.520513158343192,79.96058551768954
0.1446332125,0,45.83497064000005,0.24700052923284496,-0.3058979731046579,8.397091838929782e-05,0.6301561991373699,0.1371140480041504,76.97411087386149,28.758567132006213,120.81032865900534,26.870045474198243,75.29881755325805
0.08304553250000002,0,38.25038426000003,0.17290765037465436,-0.13356119115508822,6.0659547028470396e-05,0.6286576588948568,0.1846785545349121,76.84817979262118,28.76239655037389,223.37163729261243,37.68498920034287,163.6429147431597
0.0900313575,2447,39.15615955999999,0.5760428287575831,-0.527462333258693,0.0001456475671880576,0.7663278579711914,0.07316907246907552,77.18291626453565,28.53943056223316,203.12308306489354,31.689203391882554,78.27567170827724
0.094904275,1025,40.98480026000004,0.4899921218838044,-0.4471614304704471,8.37094887439586e-05,0.5485732555389404,0.15003156661987305,76.87071848326545,28.8558536784684,188.72421245404973,32.85715246203478,84.01437635121673
0.11406976750000002,0,43.032194240000024,0.44472798771268235,-0.44586859654893984,8.508044841351844e-05,0.9663112958272297,0.19684696197509766,76.84813706106604,28.43815291095385,160.3240018398085,30.811908146353,79.00633606246734
0.1483997225,0,41.26507790000005,0.2764812527917182,-0.3369144656095723,0.0001552692533234929,0.6322150230407715,0.1382284164428711,77.34365093266753,28.808061395560937,148.7470316553638,29.89300876465977,91.55815682255567
0.09746645,2667,42.87838334000003,0.39159676232523905,-0.3930626045065816,9.208205715746468e-05,0.7053788503011068,0.10391569137573242,77.23980082266151,28.57867023139997,175.87500164416053,33.310076474970366,92.92123928096022
0.12147507749999999,2900,42.96041581999998,0.3572491903485906,-0.3722914734016084,8.431705107650853e-05,0.7819669246673584,0.12369108200073242,77.14138483264728,28.532620176349127,156.87866066467495,31.163158971191905,87.20088519117355
0.08618463000000001,86,40.24308991999999,0.6114058847538125,-0.5687211780429364,0.0001456475671880576,0.7663278579711914,0.07316907246907552,77.19576346850495,28.459365749633236,198.08192866426828,30.530880780078444,70.12155389601111
0.1383436325,1016,39.56973998000001,0.41103653760501296,-0.43891119243640014,8.895342588428118e-05,0.6211264928181965,0.1589803695678711,77.06035758740902,28.830651584883345,165.26656002852292,30.662701229177962,84.35958111157152
0.1429644025,2993,43.41501248000003,0.28269518880919325,-0.3105428121267852,8.895342588428118e-05,0.6211264928181965,0.1589803695678711,77.06027326838135,28.810721272735886,138.23806848186507,28.97294681138985,83.40149747641132
0.17786693500000003,0,44.553213140000025,0.2589197472096038,-0.3281328467642037,8.617081325312803e-05,0.9222345352172852,0.10440381368001302,76.95507124198537,28.43911866590109,102.95033614776673,23.363536490879923,64.45430809782255
0.111903015,0,41.02068946999998,0.47589180263957537,-0.46958954158817146,0.0001552692533234929,0.6322150230407715,0.1382284164428711,77.32199177083179,28.79134309182355,175.19208215295032,31.58793987502275,80.13482378457562
0.08180078625000001,3,38.99722163000001,0.6674480319812719,-0.6010251622628495,0.00014912515112592523,0.7314157485961914,0.06677722930908203,77.28680988348123,28.454876303918525,208.80702760908798,28.89535804090679,64.22423905505644
0.09612590750000001,0,41.13861115999998,0.3492942298879932,-0.31252648963067964,3.897853951489846e-05,0.6287641525268555,0.1431746482849121,76.91931065116792,28.793038073724112,189.81110426694,34.713140784201975,107.43126090942931
0.12509174,657,43.360324160000005,0.33034871621131096,-0.34539047013044216,8.036239547384044e-05,0.675431489944458,0.08529806137084961,77.02386371504741,28.700295533668882,151.82970908774212,30.747862149100406,86.60268775853314
0.132617775,4700,41.391544640000006,0.27763762613647713,-0.3120647420194689,0.00015456825503671703,0.6664888858795166,0.1231832504272461,77.19364209548837,28.69070603910262,160.48960061633102,31.577284266346712,99.43296085648295
0.08823431500000002,30,39.97648436000003,0.5575783748768539,-0.4991589434511245,8.397091838929782e-05,0.6301561991373699,0.1371140480041504,77.0390877102585,28.761642087528042,199.42709069645582,32.13786962800619,78.78543297098145
0.09850056000000001,0,35.38608350000004,0.526846154758094,-0.4965952403086361,0.00015186386745350924,0.5615221659342449,0.1089315414428711,77.33623385276827,28.86126747656346,222.24709468482132,32.92815974809981,94.70070103331268
0.10238119500000001,3824,41.16595532000002,0.3094558569860435,-0.3188972336073665,0.00015456825503671703,0.6664888858795166,0.1231832504272461,77.16846830865221,28.671686993734323,185.50314037239752,34.49109265560385,111.3483756352078
0.1095649925,4775,44.62499156000001,0.4307862538295737,-0.4199965722338244,9.186525787501725e-05,0.6743142604827881,0.1063375473022461,77.09152053676604,28.67855846484199,153.11559727206793,30.44118740263236,74.59474756938253
0.08232528000000001,3830,40.195237640000016,0.45269995278949,-0.38263092655717384,8.895342588428118e-05,0.6211264928181965,0.1589803695678711,77.081765464785,28.808463850203697,204.96484610582672,34.83059886628552,99.08451330283827
0.11934501,0,42.314410039999984,0.3240876845401675,-0.32828979003045367,3.897853951489846e-05,0.6287641525268555,0.1431746482849121,76.89944843773493,28.81495891400677,163.77668004855946,32.10390578897625,94.73844789708126
0.14642417750000003,1728,41.883739520000006,0.33860162367542945,-0.37827822422683144,8.397091838929782e-05,0.6301561991373699,0.1371140480041504,77.03987532288274,28.786822795631448,144.7359747471221,29.223059226886026,81.32710074322006
0.10050561250000002,1125,43.82517488000002,0.4777899266591216,-0.4588077865023859,9.330361674741994e-05,0.712843656539917,0.1165914535522461,77.06855465448696,28.582664885302684,164.89591339332196,31.158813105088228,74.88342995334796
0.0887432575,996,40.69085054000004,0.558273094303027,-0.514168471141765,9.208205715746468e-05,0.7053788503011068,0.10391569137573242,77.21964193647032,28.606604392138767,194.15164354072397,31.857110051694896,76.80129291677024
0.13924600375,5192,43.42355753000004,0.23386580871453855,-0.2645994914685047,0.00013992699419169697,0.707304318745931,0.08461403846740723,77.28759992623225,28.646134078318607,142.2659844076362,29.7533857687517,92.34016616424213
0.07675915625000002,0,31.409217230000024,0.21772110442605008,-0.18588632306718855,0.00013992699419169697,0.707304318745931,0.08461403846740723,77.30175161166665,28.560892170747806,270.90407602737434,37.08511694861136,195.94130147837186
0.10161619999999998,364,43.95505964000006,0.5107316713379555,-0.48138549533205965,8.036239547384044e-05,0.675431489944458,0.08529806137084961,77.01778464408987,28.656428513096785,162.34225840439137,30.31582123429824,68.99404946142847
0.07999388499999999,0,38.27772842000002,0.64802922514901,-0.596590027133251,8.958636967903999e-05,0.8544745445251465,0.11635112762451172,77.17767530859494,28.424657929644116,215.49749059160376,29.967055632661154,70.9326114210793
0.14878717,420,42.87838334000003,0.19814533154752445,-0.2502028223394742,6.0659547028470396e-05,0.6286576588948568,0.1846785545349121,76.84911397459949,28.81933799456761,139.1948492747921,29.20733495802258,93.97267190922057
0.12750629500000002,4294,43.469700800000055,0.3389315852036673,-0.356226194662836,8.974528618691458e-05,0.8087546030680339,0.14197254180908203,77.00620966842101,28.474614523274834,148.94442142476498,30.315240862584524,84.86140225999073
0.09490015,0,39.66202652000004,0.4656224193505421,-0.42531832489216465,8.397091838929782e-05,0.6301561991373699,0.1371140480041504,77.01082386062834,28.755569260789763,198.2170749245396,33.76493224681981,93.5468969605758
0.11477803,4355,39.67569860000003,0.4114914760345192,-0.4136215110623332,0.0001581757076809691,0.6417844772338868,0.1521444320678711,77.20395339867133,28.753729347751143,183.3985342491501,32.88031920455706,94.42382409348315
0.08621408250000001,2104,43.98582182000001,0.5155380416580562,-0.4682369834454002,9.186525787501725e-05,0.6743142604827881,0.1063375473022461,77.07848537852298,28.7306357100374,174.33776450914456,31.67628204708018,73.83211420075995
0.07259985000000001,58,37.81629572000003,0.5977982665348148,-0.5402656573090808,8.605784747293756e-05,0.720656156539917,0.1136617660522461,77.03637533094482,28.57991451420948,225.55603706427655,32.36520799653804,83.37052518017788
0.1076555025,0,39.723550880000005,0.48168068060004837,-0.4652026323206825,0.00013992699419169697,0.707304318745931,0.08461403846740723,77.29146081861354,28.61534526952414,187.24996756258133,32.38722035012466,85.98624970071884
0.10440503,42,41.41547078000002,0.41056348233930146,-0.39349884488985787,3.897853951489846e-05,0.6287641525268555,0.1431746482849121,76.85870306145621,28.791512644197912,179.94561073568354,33.12854170019054,92.11991065956731
0.12445096250000001,923,44.177230940000015,0.3576761683347279,-0.3670887704111493,9.208205715746468e-05,0.7053788503011068,0.10391569137573242,77.20889698756254,28.611788077697273,146.03342714056453,29.967928631193633,79.86710876510736
0.12218023249999999,3755,40.198655659999986,0.36862685199327944,-0.38115790122695614,9.208205715746468e-05,0.7053788503011068,0.10391569137573242,77.23123071323643,28.555647066764298,174.89607356814167,32.47434768890053,96.33256811365894
0.13770002250000002,275,43.914043400000025,0.31631524272117245,-0.36706439460209717,8.031308860090292e-05,0.8098287582397461,0.1892242431640625,76.93713077759386,28.45750971214344,138.2191915167341,28.96310228305042,80.9088161178693
0.12940363000000002,2680,39.344150660000025,0.3215459795646379,-0.3161251177165827,0.00014701965174594988,0.6609047651290894,0.12557220458984375,77.26051829492604,28.68021158475114,175.8645811325033,32.57403688330628,103.75604523905967
0.11898195500000001,2866,43.59958556000004,0.410486479202228,-0.4281279847182426,8.467832677738762e-05,0.8969619274139404,0.1082615852355957,77.06841642320802,28.44388892695582,153.22880237850472,30.398821441273093,78.95196781638249
0.089704685,0,37.36169905999998,0.04595392556588808,-0.02678509813973197,8.717988434341351e-05,0.668123722076416,0.16960620880126953,76.8468691227636,28.746097349764497,226.52014932399908,37.77789143728118,192.48122869589443
0.13731403250000002,4431,45.24707120000005,0.286778516165718,-0.30843763323424117,8.605784747293756e-05,0.720656156539917,0.1136617660522461,77.00227848977543,28.605715691777988,129.88109586362805,28.115497784327257,77.87669260664981
0.1158333425,3028,40.01066456000001,0.304529489705068,-0.3302783774895984,9.208205715746468e-05,0.7053788503011068,0.10391569137573242,77.23434581569016,28.629985192155146,182.63613313451867,33.74491577390156,110.93244538876667
0.0935059275,0,40.31828636,0.5155725953460614,-0.46578410766383294,8.397091838929782e-05,0.6301561991373699,0.1371140480041504,77.00625155114972,28.74984670461274,193.81179712445055,32.67023047579813,83.09557659508593
0.09355388750000002,78,41.309512160000054,0.4024158043273754,-0.3838567619952916,8.340164291130814e-05,0.6686423619588217,0.11760425567626953,76.85036367090214,28.667534645962995,189.52975247689267,34.268017427795435,99.08098201188321
0.10506104249999998,4369,36.606316640000045,0.4153234067582661,-0.41193612616532826,0.00015456825503671703,0.6664888858795166,0.1231832504272461,77.20621450989088,28.747492973774918,211.38706539229815,34.38795501855352,110.50136288705687
0.14328683999999997,3800,50.42537149999998,0.22564171646908987,-0.2633379407847815,8.895342588428118e-05,0.6211264928181965,0.1589803695678711,77.1346354312998,28.75553135129128,89.27601511863782,21.824500449114613,55.58046885267929
0.14371795750000002,5818,45.52734884000006,0.22280720767997816,-0.27039455750062225,8.617081325312803e-05,0.9222345352172852,0.10440381368001302,77.00313005901778,28.43613953278928,124.27893589386679,27.451735493924268,82.23786139903285
0.13920710500000003,6284,42.27339380000001,0.1434447231437279,-0.18383502736512894,0.00015456825503671703,0.6664888858795166,0.1231832504272461,77.21937244040718,28.653331331670078,152.22363404781686,31.06905311347501,110.80926593227738
0.12494524750000002,2914,42.47163896000001,0.1743798919633999,-0.2136254889302397,9.208205715746468e-05,0.7053788503011068,0.10391569137573242,77.22138200234089,28.639008892043005,161.5870552603219,32.394884262326734,114.26868889447468
0.07943547000000001,0,40.45158914000001,0.40801549747530896,-0.36648585341798684,8.340164291130814e-05,0.6686423619588217,0.11760425567626953,76.85900338919019,28.672584223064568,206.52306553924893,35.66108362741238,108.01461978650421
0.18418390499999998,4567,45.74268410000002,0.20844590063420887,-0.2464734800760887,8.974528618691458e-05,0.8087546030680339,0.14197254180908203,76.9920740655004,28.460171638886766,90.72585328558239,21.38687354437709,59.39232344842338
0.10515924499999998,81,42.79635086000002,0.3609114393216152,-0.3436880553360779,8.340164291130814e-05,0.6686423619588217,0.11760425567626953,76.89949175498394,28.741518073211214,170.98107939746967,32.94318136595757,94.20764458148277
0.10472944750000002,2098,37.92909038000005,0.484355170170138,-0.42643471800903854,9.208205715746468e-05,0.7053788503011068,0.10391569137573242,77.23519517671754,28.616757051166058,201.5121376330369,33.081475963790915,93.0427651313492
0.1138012025,56,44.833490780000034,0.49622811309016884,-0.48097709120474424,8.958636967903999e-05,0.8544745445251465,0.11635112762451172,77.18056667723724,28.44301400718308,146.74002599197217,28.725188578338134,64.57950655293523
0.11945316750000001,587,37.67957492000005,0.27907664275414346,-0.26880330370769373,8.031308860090292e-05,0.8098287582397461,0.1892242431640625,76.93995649825747,28.480860859349036,195.7284078140106,34.3386353372887,126.02578282028733
0.14224676249999998,0,43.360324160000005,0.33034157844716744,-0.38994084725422945,8.296685417903404e-05,0.9189741611480713,0.16247224807739258,76.9305374158365,28.415162425492674,138.10585355160174,28.719925759484685,80.0872008000288
0.11411380875,0,35.41171865000001,0.3594632179576537,-0.3582176080176987,0.00013992699419169697,0.707304318745931,0.08461403846740723,77.29524149267723,28.575789026678393,213.03194941646132,34.46358727244784,122.52740635456941
0.12842397,3649,45.19921892000002,0.2695031582401356,-0.28047990071019785,8.340164291130814e-05,0.6686423619588217,0.11760425567626953,76.85325362951285,28.73086038523208,137.73230844636532,29.41982816737451,84.49355978437393
0.1468216625,0,41.81196110000002,0.24000946395905107,-0.30399427135800366,7.711288683433435e-05,0.7397317886352539,0.15915775299072266,76.94948778415828,28.552269050400646,147.10873438135252,29.958534027834165,95.76981756679963
0.09179364,0,38.458883480000054,0.06352922812768289,-0.0403084204901138,3.897853951489846e-05,0.6287641525268555,0.1431746482849121,76.86265210709585,28.816573610288643,217.3442879270446,37.44083244528935,179.3385492108112
0.1680233925,1657,43.23043940000002,0.22423120658846232,-0.25306850474635717,8.974528618691458e-05,0.8087546030680339,0.14197254180908203,77.00368383434008,28.510096566363806,120.79490893476668,26.271331670852206,79.34959609781372
0.09746471749999999,0,41.33685632000004,0.3603243685600565,-0.34090142415042324,3.897853951489846e-05,0.6287641525268555,0.1431746482849121,76.88908694590606,28.794454693426484,187.14854484642206,34.39909741195401,104.01102451575166
0.067476875,0,36.69518516000005,0.7129643817297916,-0.6089283144273921,8.958636967903999e-05,0.8544745445251465,0.11635112762451172,77.20505045381245,28.411659634463174,234.65333429618482,27.64581261844773,64.54254698733888
0.0469542575,0,35.591164700000036,0.3630016278099902,-0.31889246150041023,8.031308860090292e-05,0.8098287582397461,0.1892242431640625,76.94084250492956,28.497448580208957,265.5326104988329,38.529096773714855,156.62648442764575
0.14051836,0,47.13040022000001,0.2877298248150559,-0.31732268421798654,8.605784747293756e-05,0.720656156539917,0.1136617660522461,76.98055091089095,28.633667382932828,113.92084561003912,25.811190112410006,67.3364715867442
0.0773076025,72,39.36807680000004,0.4423922300697677,-0.3832281483314772,9.186525787501725e-05,0.6743142604827881,0.1063375473022461,77.10264513279475,28.73636927399069,214.76751316124114,35.57825932321595,106.73814955238693
0.1118551925,1407,46.457050279999976,0.41580512218560334,-0.4171120923386784,9.208205715746468e-05,0.7053788503011068,0.10391569137573242,77.15295366622794,28.601418461853616,138.62950633625496,28.930949256969228,68.65456918190422
0.11872813,704,41.82563318000001,0.3844744410427683,-0.40563260884922403,0.0001456475671880576,0.7663278579711914,0.07316907246907552,77.15214475250322,28.518271281944862,166.26570520640144,31.838973600543987,89.11275991323252
0.10920160750000002,1342,40.031172680000054,0.4075417207888542,-0.4015441987499344,9.208205715746468e-05,0.7053788503011068,0.10391569137573242,77.23122142244576,28.608676039755306,185.5564869146449,33.30374991753322,96.63482570974763
0.1570481975,0,36.91052042000001,0.3081973966470905,-0.36997500986452725,0.00015186386745350924,0.5615221659342449,0.1089315414428711,77.26016916627987,28.878638462134724,170.05789738858334,30.87169054078244,101.79704209328301
0.1114787175,0,38.86220983999999,0.5517711247434665,-0.5113646212515167,0.0001581757076809691,0.6417844772338868,0.1521444320678711,77.23359492069369,28.75751276231426,188.46012795535466,30.796059401310774,75.33075638210548
0.10868914500000001,0,40.277270120000026,0.418211394416282,-0.42116835361461774,8.340164291130814e-05,0.6686423619588217,0.11760425567626953,76.94432758374887,28.722184565426645,184.07425118869776,33.11296149963268,93.79022392948215
0.13537632749999998,0,37.87782007999999,0.3879732443692011,-0.4001585051402547,0.0001581757076809691,0.6417844772338868,0.1521444320678711,77.1736767971074,28.808846718969455,179.37954248130347,31.901330407147796,96.21394901600196
0.10195508249999999,4104,39.00918469999999,0.44509108440373296,-0.4273566486846849,9.208205715746468e-05,0.7053788503011068,0.10391569137573242,77.1822643326469,28.635074216170988,197.39147398569514,33.72094540633454,97.2977895465852
0.16657364750000003,1626,46.976589320000016,0.30097037975585295,-0.3275730464267355,8.895342588428118e-05,0.6211264928181965,0.1589803695678711,77.11688087938153,28.777790345836767,93.86242301831066,22.01218589308673,53.445646571294375
0.06973778750000001,0,33.73517984,0.7065962913704382,-0.6127155838942955,9.208205715746468e-05,0.7053788503011068,0.10391569137573242,77.15633488714798,28.60846740759963,252.23511654601344,27.7542380599337,70.55953964063714
0.0821820325,0,40.98821828000001,0.5175558933669497,-0.4341476404714853,3.897853951489846e-05,0.6287641525268555,0.1431746482849121,76.88671788411423,28.80066719801677,198.26991975281192,33.30483056876149,84.71863926377168
0.140989655,220,47.56107073999999,0.40659574037741947,-0.42659186017887907,8.031308860090292e-05,0.8098287582397461,0.1892242431640625,76.90474239278788,28.496457119022203,107.5999856704683,24.12217683291114,53.655716470391376
0.11230025249999999,978,43.78757666000001,0.4634204092746829,-0.46810456429564,8.340164291130814e-05,0.6686423619588217,0.11760425567626953,76.92376439309608,28.677193602426303,156.05217541968113,30.21416075195127,72.10622705824966
0.1815147825,0,43.10055464000004,0.2056708006149996,-0.2513352294178349,8.036239547384044e-05,0.675431489944458,0.08529806137084961,76.96300501034035,28.7047644024363,111.31692971476139,24.632929338746347,73.54329787589663
0.12842705,1726,40.75921094,0.3056562770879879,-0.32740452046123103,9.186525787501725e-05,0.6743142604827881,0.1063375473022461,77.09932506331415,28.66778078208909,167.50161265220856,32.154402933949655,100.39283356465859
0.13448337500000002,232,42.41353262000001,0.3520157766174395,-0.39829069733754385,8.605784747293756e-05,0.720656156539917,0.1136617660522461,76.9688179194927,28.5620934217444,150.35792733083372,30.119693450533042,83.59669609547615
0.1143718825,385,39.573158000000035,0.5058477057698492,-0.43836391560908583,8.4618303012062e-05,0.5411269664764404,0.13683176040649414,77.04169946481812,28.870250049847066,182.36448153400238,31.379922712080095,78.77375408682374
0.09558239749999999,0,39.87736178,0.5392149913328136,-0.5218471654115218,3.897853951489846e-05,0.6287641525268555,0.1431746482849121,76.92742171866844,28.818388794693597,194.6192655350602,32.082758516294746,79.72401888510545
0.1778710875,859,46.357927700000005,0.16556815846586437,-0.24366790741453823,8.036239547384044e-05,0.675431489944458,0.08529806137084961,76.95528252943082,28.742377562701364,92.44045842796606,21.90874899885368,62.8606555788214
0.123646285,3707,43.51071704000003,0.34731914893617033,-0.357851786501985,9.186525787501725e-05,0.6743142604827881,0.1063375473022461,77.09272743215799,28.706727014501624,151.55659505255483,30.648783086367008,84.30127144473559
0.13316835249999998,5018,42.406696580000016,0.26842653395945204,-0.29680446813394196,0.0001581757076809691,0.6417844772338868,0.1521444320678711,77.17442911078537,28.774302645218402,153.33667667182488,30.959052405405824,95.4332537813745
0.1200369375,2110,46.303239380000036,0.40393644884346674,-0.40366009329181723,8.036239547384044e-05,0.675431489944458,0.08529806137084961,76.95032810986136,28.70776644578707,133.46453026832285,28.216872466973662,67.00521942353262
0.10848303249999999,2453,38.349506840000004,0.4910911985555604,-0.47682195223624513,0.00015456825503671703,0.6664888858795166,0.1231832504272461,77.1665574780786,28.689040944743038,195.57733940944183,32.55440135316636,88.58690340970095
0.1543238825,0,47.256866960000025,0.27327123066376885,-0.33262885078503446,8.340164291130814e-05,0.6686423619588217,0.11760425567626953,76.90157848702394,28.650530896712752,102.31541842317563,23.764488538167285,60.96077053540038
0.13965629,219,40.02433664,0.35959559448885864,-0.3929063492149933,8.895342588428118e-05,0.6211264928181965,0.1589803695678711,77.11615105450107,28.84631899372726,162.28478249661202,30.880497211198257,89.54727827403856
0.08198164,161,37.57019828,0.6129792383135907,-0.5775049672689675,8.958636967903999e-05,0.8544745445251465,0.11635112762451172,77.15980901821483,28.437170506792313,219.3623216948995,31.292593005711208,79.0637380169117
0.08613350750000001,65,41.94526388000003,0.6014037411024664,-0.5527719816378287,9.330361674741994e-05,0.712843656539917,0.1165914535522461,77.12451983222503,28.621455703328476,186.672589705953,30.290564920891843,66.83572003960309
0.09038693249999999,2381,40.475515280000025,0.5573618351800986,-0.5164266003578251,8.617081325312803e-05,0.9222345352172852,0.10440381368001302,77.02968721177557,28.4167128103761,194.32310322444016,31.824861182075846,78.60373668694892
0.1275446025,1316,46.50148453999998,0.29032920940183854,-0.32521834128900506,8.467832677738762e-05,0.8969619274139404,0.1082615852355957,77.10169044180631,28.431948166689754,128.7309320817934,28.19969014578304,77.78982282720646
0.11247787500000002,86,41.16595532000002,0.4962626150604413,-0.5120335763396633,8.031308860090292e-05,0.8098287582397461,0.1892242431640625,76.89567434419908,28.469959156374834,173.2905504431153,31.08136426887305,77.59364120567068
0.103025135,4472,40.74895688000004,0.5264935853640021,-0.4590760672390858,0.00013992699419169697,0.707304318745931,0.08461403846740723,77.25448348086509,28.55578388737645,183.029688632525,31.465210417663126,76.87903921951006
0.11818846999999999,0,40.161057440000036,0.5079553450466818,-0.5118851444907156,7.711288683433435e-05,0.7397317886352539,0.15915775299072266,76.93795767964761,28.648586879018662,175.29755626922292,30.762674194241,76.49880150826829
0.11094706,0,40.29094220000002,0.5498570165860761,-0.5173143976992187,8.397091838929782e-05,0.6301561991373699,0.1371140480041504,77.00837852873939,28.7574274092611,179.29375849868381,30.39133236599089,71.34998387513897
0.140497625,5349,45.70508588000001,0.17768776536040212,-0.22001251255995602,8.605784747293756e-05,0.720656156539917,0.1136617660522461,77.0278523721605,28.608515238588033,126.66090902318876,27.989782191201485,87.05804950884927
0.08479618249999998,1412,41.66498624000002,0.5196996472908861,-0.481926935480411,0.0001456475671880576,0.7663278579711914,0.07316907246907552,77.19628709345966,28.533704597603226,191.4970733818119,32.800348941843005,82.08976872710505
0.0932172325,132,36.25426058000005,0.6374420072863753,-0.580740757308045,0.0001552692533234929,0.6322150230407715,0.1382284164428711,77.30141522605673,28.78085182883256,218.53535564067425,29.816327946644655,72.84949417018761
0.09008126999999999,0,34.21028462000004,0.619075672686176,-0.5661543650309068,0.0001552692533234929,0.6322150230407715,0.1382284164428711,77.31282443385321,28.84274124492802,234.67815630092878,30.69781562983839,82.72949791005892
0.08108680375,0,37.79236958000001,0.6395007559811449,-0.5715111157420125,0.00015226489729356117,0.7993351618448893,0.09926128387451172,77.29411631394188,28.447228259522696,218.04122720180783,30.314861709127115,73.12628006531692
0.07511043500000002,50,37.00622498000001,0.6938738149722131,-0.6174481979310387,0.0001456475671880576,0.7663278579711914,0.07316907246907552,77.22782211859786,28.54731077643564,226.89071250008067,28.26480399662152,65.48540830071616
0.1491437075,4824,48.55913257999998,0.214595963908576,-0.2562085654063092,8.431705107650853e-05,0.7819669246673584,0.12369108200073242,77.0776556423476,28.521103310311638,98.49238130844799,23.40403132745641,63.64365577365969
0.1185117875,452,36.74645545999999,0.529343939687907,-0.4826920906535678,0.00015186386745350924,0.5615221659342449,0.1089315414428711,77.29480607873474,28.868695737491716,197.32773448324463,31.303835937691613,82.60969720792983
0.107235385,0,42.02729636000004,0.42513247910318075,-0.4252284117960236,8.031308860090292e-05,0.8098287582397461,0.1892242431640625,76.86244431096573,28.50983104263454,173.16889953381315,32.36075579412281,87.67784029469009
0.0884443325,115,38.80752152000002,0.647966077738516,-0.5973038879907938,0.0001456475671880576,0.7663278579711914,0.07316907246907552,77.19886259130085,28.453034843401035,205.18754369133273,29.342553385959885,66.66880615776986
0.10157335500000002,1762,40.95403808000003,0.492662446712311,-0.47879338589126663,9.208205715746468e-05,0.7053788503011068,0.10391569137573242,77.23352615617993,28.561799510050324,183.5396664225226,32.23805541636237,82.233987336595
0.1867675575,1946,40.36955666000006,0.14639658491671553,-0.2085124052735389,8.895342588428118e-05,0.6211264928181965,0.1589803695678711,77.11680966975199,28.844885828716706,126.94450878108421,26.54461728043016,91.1964511590379
0.15346703750000001,0,42.69039224000005,0.27928841517026354,-0.31510480204059,8.036239547384044e-05,0.675431489944458,0.08529806137084961,76.98382371410116,28.729094405116104,134.90759276224014,28.25622500770215,82.09780779592664
0.0830578525,21,39.145905500000026,0.7122283879685182,-0.5957657492815551,8.340164291130814e-05,0.6686423619588217,0.11760425567626953,76.86143156579838,28.69113692338046,205.83289897120653,26.600809006435714,55.07956258773974
0.1921806575,1675,46.35109166000001,0.16572361412780318,-0.205913501445459,8.974528618691458e-05,0.8087546030680339,0.14197254180908203,77.02998770788766,28.548408245336006,81.03750324439784,19.600769367693065,55.46389134879703
0.08097423250000002,0,38.380269020000014,0.6608525801439065,-0.6108706836546318,7.711288683433435e-05,0.7397317886352539,0.15915775299072266,76.92766238695825,28.56652141706729,213.75341164227177,29.344828865121688,67.27397475499816
0.111657385,5159,42.56392549999998,0.38551147605856756,-0.39528627914941306,8.431705107650853e-05,0.7819669246673584,0.12369108200073242,77.10305026259987,28.465347756056303,166.8298814779438,32.13971827263702,89.31801936281666
0.11895528000000001,0,40.41740894000003,0.5205904571346904,-0.5032041255008023,8.031308860090292e-05,0.8098287582397461,0.1892242431640625,76.88195759794668,28.491720062199903,172.66985246928482,30.31190409314391,73.92352929392965
0.11010154500000001,2144,43.16549702000003,0.421523082161794,-0.42438126805015663,8.617081325312803e-05,0.9222345352172852,0.10440381368001302,77.03603498219111,28.427137195948145,163.1000079812219,31.484006227994765,83.20327033235274
0.12482702499999998,213,43.47995486000002,0.3114983662673098,-0.3172284912454339,8.895342588428118e-05,0.6211264928181965,0.1589803695678711,77.07585751614069,28.80812549718379,151.64206437861526,30.857958214873932,88.49185842923072
0.123895105,81,42.28022984000006,0.32239447776394703,-0.30257731320362136,8.991754130804885e-05,0.5436716079711914,0.14101839065551758,77.1466872527818,28.85472752816267,160.4089393082985,31.651415136433176,92.14713738057432
0.2914850825,659,40.02775466000003,0.10172006859898469,-0.18818328651428204,8.605784747293756e-05,0.720656156539917,0.1136617660522461,77.0429257870794,28.554589044809436,46.42500643532742,11.068645453306466,34.07699962318943
0.1771822675,1,42.61861382000001,0.11322053432792821,-0.18529460222592145,8.036239547384044e-05,0.675431489944458,0.08529806137084961,77.03572621145031,28.692772789673825,120.17282611861913,26.173040329318958,89.03199807825744
0.14216291499999997,5451,46.22462492,0.19702433549065032,-0.2327272950854951,9.330361674741994e-05,0.712843656539917,0.1165914535522461,77.07420524693134,28.571023251455852,121.207494691536,27.144531166897718,80.98593897497057
0.1357306925,1094,42.97750592,0.2492830443568006,-0.3067136074338848,8.467832677738762e-05,0.8969619274139404,0.1082615852355957,77.0794360841431,28.415477019909225,147.80166491815896,30.402806506898937,96.09590981494279
0.12812323,0,44.22508321999999,0.43083739477182104,-0.43066307826915207,7.711288683433435e-05,0.7397317886352539,0.15915775299072266,76.85608756209855,28.562053228957758,141.0776159701253,28.62398075151713,68.84736102542112
0.07538125500000001,411,38.899808060000055,0.6980782826659812,-0.6201876494756854,8.431705107650853e-05,0.7819669246673584,0.12369108200073242,77.05643690138864,28.525780672687265,213.93994116981514,27.826586348754837,60.640296913081066
0.1482740475,1550,45.36670190000001,0.21002849521382783,-0.26280487442942696,8.431705107650853e-05,0.7819669246673584,0.12369108200073242,77.05815701779612,28.544822310170552,122.06221465792862,27.066980180011903,80.9846432559244
0.141148935,0,41.81196110000002,0.33766377478753534,-0.3651655890906011,7.711288683433435e-05,0.7397317886352539,0.15915775299072266,76.88734750384786,28.57546460457141,149.4673660958232,29.890121564057203,85.1931135072583
0.12963388750000002,4586,42.454548860000045,0.3479275346375863,-0.35543782021425246,8.605784747293756e-05,0.720656156539917,0.1136617660522461,77.01471550183021,28.58549682952725,154.04763436610756,30.678875111188653,86.31437931546378
0.1185364825,69,37.24548637999999,0.5172115560532895,-0.4957749866089485,0.0001520350962984842,0.547762393951416,0.12106871604919434,77.24392947539076,28.877245346066584,194.28420926225283,31.47146150412143,83.01366569701206
0.0717326925,0,33.547188740000024,0.7038464932226515,-0.6160090641637214,9.208205715746468e-05,0.7053788503011068,0.10391569137573242,77.15284159323417,28.610019227043736,251.89875681853556,27.79540722906,71.1010498942146
0.1432556275,4026,44.36864006000002,0.2705255916191712,-0.3116832872345955,3.897853951489846e-05,0.6287641525268555,0.1431746482849121,76.93710062466495,28.806583340052168,131.65988023580462,28.241548532043026,80.30591004113982
0.15001402750000004,5323,45.922130150000044,0.17455234650331672,-0.22032207725349498,0.00014701965174594988,0.6609047651290894,0.12557220458984375,77.33173453507607,28.66077427382168,117.59260395003753,26.4909431508804,80.25854622970658
0.13631229,5486,42.72457244000003,0.24006632609517317,-0.27144196512282015,0.0001456475671880576,0.7663278579711914,0.07316907246907552,77.19664201303952,28.525687904219634,149.28218348567623,30.57021138140931,97.157956701294
0.09511949,4,41.09417689999998,0.3217272545920481,-0.29741820810989944,3.897853951489846e-05,0.6287641525268555,0.1431746482849121,76.8672661210614,28.80127817265398,191.52743920517446,35.07635285845454,112.95952809657103
0.14791289,959,32.63457740000001,0.27747854714231746,-0.33031343610725505,8.895342588428118e-05,0.6211264928181965,0.1589803695678711,77.14117314194395,28.843729476879645,205.22382717980247,32.590318350421676,132.7285638711774
0.0917589625,4113,43.445774659999984,0.5134598369160456,-0.4976253165194826,8.467832677738762e-05,0.8969619274139404,0.1082615852355957,77.10847136192326,28.435200043492618,173.73147123069032,31.504336279736926,75.45116713664531
0.09983334749999999,0,42.608359759999985,0.45604780845166404,-0.4195201103899423,7.711288683433435e-05,0.7397317886352539,0.15915775299072266,76.90713012865595,28.61499271425232,174.3925931651313,32.29603500696386,83.14224167953257
0.15275968250000002,7137,40.967710160000024,0.15890723980547092,-0.20720316540486647,0.00015456825503671703,0.6664888858795166,0.1231832504272461,77.19180689026605,28.74690256998931,149.86696192596617,30.252424528080727,107.425826314574
0.08208218,11,39.641518399999995,0.6713720857342623,-0.6026238982805953,8.431705107650853e-05,0.7819669246673584,0.12369108200073242,77.13517040768603,28.504736251066205,204.14248358432746,28.565594333364203,62.26747126228033
0.14937927250000002,0,44.64549968000006,0.24854408235260095,-0.297232987832357,7.711288683433435e-05,0.7397317886352539,0.15915775299072266,76.93863158133088,28.620138323638336,125.33562363209035,27.346392314737212,79.20622223048217
0.07695700500000001,284,38.89297202,0.6248187104859263,-0.5493464556885546,8.974528618691458e-05,0.8087546030680339,0.14197254180908203,77.04786919447666,28.48582890345886,214.3007167320501,30.97912244165116,74.42640863690818
0.087805865,0,40.54729370000001,0.6023812702535409,-0.5499257467877414,8.031308860090292e-05,0.8098287582397461,0.1892242431640625,76.8638883657316,28.535823377784013,194.91076030662475,30.629129982576156,70.75385962755037
0.1256644825,6,41.09246789000002,0.42294533862063594,-0.43028526768268854,0.00014912515112592523,0.7314157485961914,0.06677722930908203,77.32919081841182,28.460692715686633,164.86450798559042,31.038859223884387,82.89654347844233
0.11088359,3452,43.01852216000003,0.3565188497694832,-0.357449137220402,9.186525787501725e-05,0.6743142604827881,0.1063375473022461,77.14040788202912,28.69037606354599,164.9668794219774,32.271099256263156,91.21617004826614
0.13227666500000002,0,36.21666235999999,0.3984394446067768,-0.4224854415957552,8.895342588428118e-05,0.6211264928181965,0.1589803695678711,77.10716143250696,28.786915491935513,192.49938365937987,32.49373944365588,102.42434735734388
0.117222615,1023,38.34267080000001,0.4193145156489958,-0.4216416353153712,8.895342588428118e-05,0.6211264928181965,0.1589803695678711,77.14242164113735,28.83903719050334,190.16367222134113,33.00110785568652,97.11328104705329
0.114079145,0,40.74553886000001,0.46648956172592393,-0.42976423490174975,7.711288683433435e-05,0.7397317886352539,0.15915775299072266,76.86329105676602,28.6268542951049,175.53094905068133,31.674217459622717,82.55636265901329
0.11739503999999999,2002,38.23671218000004,0.48839507781868735,-0.47710100563717295,0.0001552692533234929,0.6322150230407715,0.1382284164428711,77.27888430084212,28.75604956011928,189.25456390512784,31.90128053097005,85.71244625686907
0.1238477775,3235,43.95847766000003,0.39440164496230296,-0.4091050135201029,8.431705107650853e-05,0.7819669246673584,0.12369108200073242,77.13183489645775,28.471204311981275,147.2008881592982,29.79532446126049,76.72957509320311
0.0987663475,23,41.87690348000001,0.2691621547929731,-0.24004597386188062,8.37094887439586e-05,0.5485732555389404,0.15003156661987305,76.88806982573759,28.85913006016232,184.46004592325687,34.81920807446729,115.58288731505256
0.09478389375000003,0,37.412969360000034,0.4985441714318642,-0.4656999257373223,0.00013992699419169697,0.707304318745931,0.08461403846740723,77.27307892979232,28.578766706919605,212.57657701847523,33.632850786380715,96.12443760619875
0.1466844925,4215,44.242173320000006,0.21834000521906172,-0.2559252285097785,8.617081325312803e-05,0.9222345352172852,0.10440381368001302,77.00108297380615,28.43095907510718,130.9995644490632,28.251654914393157,87.76807003494106
0.07489315750000002,0,36.97204478000003,0.6302843795187424,-0.5387824236740065,9.208205715746468e-05,0.7053788503011068,0.10391569137573242,77.16491469751593,28.61945728827856,228.62465169282325,31.11274338969418,78.2297371931881
0.1310380375,4054,46.94240911999998,0.2564976131217103,-0.26960339709762526,0.00013992699419169697,0.707304318745931,0.08461403846740723,77.31599841043649,28.636662726809043,123.59439926699906,27.555442841882424,76.49172430134188
0.1065045725,0,37.659066800000005,0.544741434323697,-0.478695224400212,0.0001552692533234929,0.6322150230407715,0.1382284164428711,77.30762683275482,28.763111974643316,200.5987375285614,31.669385164859012,81.88353990707415
0.07861542,386,37.85047592000001,0.37197759752800297,-0.35329078959900934,0.00013992699419169697,0.707304318745931,0.08461403846740723,77.30103515586912,28.586321304190655,225.3077901543487,36.66651586826336,126.91019430757181
0.145219265,6346,46.12892036000005,0.16488971487259743,-0.20332678669537918,9.330361674741994e-05,0.712843656539917,0.1165914535522461,77.09527894386892,28.595811159640412,120.19677282194664,27.007995893403667,83.44417500950031
0.10262809,74,38.773341319999986,0.05882052417363467,-0.07329662172659644,6.0659547028470396e-05,0.6286576588948568,0.1846785545349121,76.8451605072048,28.801392821441237,206.7192049640617,36.54443179354492,170.65937640686644
0.1479815025,5097,46.66213148000003,0.15236251014111699,-0.19696140242964777,9.330361674741994e-05,0.712843656539917,0.1165914535522461,77.09095769451483,28.58767153638502,114.50961762794714,26.141795339651342,80.31430216911902
0.13787404250000004,4758,44.02512905000003,0.20161530260580662,-0.2545640454819023,0.00014701965174594988,0.6609047651290894,0.12557220458984375,77.31769272224389,28.74567627825337,139.93922033102683,29.648822746580585,93.97781941619651
0.09120354500000001,0,39.262118180000016,0.5363261625660183,-0.4241277195328732,0.0001581757076809691,0.6417844772338868,0.1521444320678711,77.23002432873318,28.796141693004678,202.33076679661008,32.66591311977547,83.85795101256984
0.15228687500000002,0,45.568365080000035,0.1886028046062407,-0.25274980729937735,8.397091838929782e-05,0.6301561991373699,0.1371140480041504,76.95441517057807,28.78855414423353,117.93554181471154,26.445090773403987,79.02252294029039
0.12388029625000002,4946,39.59537512999998,0.3281876308528704,-0.3430735243705801,0.00013992699419169697,0.707304318745931,0.08461403846740723,77.25793853886567,28.559332792949085,178.46297092228428,32.95083696891021,104.72053614681302
0.10033857750000003,0,39.97648436000003,0.5124935477087196,-0.5068950629825274,3.897853951489846e-05,0.6287641525268555,0.1431746482849121,76.94213279707503,28.84761945020532,190.72667877119818,32.293221918121276,82.2180526277485
0.12948024500000002,3907,44.83007276000001,0.2856836230950847,-0.296487274486587,9.330361674741994e-05,0.712843656539917,0.1165914535522461,77.1236316738102,28.639542556142377,139.1028386763096,29.47810953974329,83.96295629948528
0.127748625,3,40.63274420000005,0.40586001085187184,-0.44990794679380647,8.605784747293756e-05,0.720656156539917,0.1136617660522461,77.00490407125508,28.55164729235383,166.694398195158,31.286712581681247,86.32054867007626
0.11336597375000003,4121,38.95107836,0.4249546472340202,-0.41579298483986066,0.00014912515112592523,0.7314157485961914,0.06677722930908203,77.29073401445764,28.533053752781818,189.08392644035177,33.07375627272897,96.30195857693955
0.15398739250000001,5444,41.7436007,0.24249318331931427,-0.2845303544956869,9.208205715746468e-05,0.7053788503011068,0.10391569137573242,77.21974776523656,28.61186481629346,141.7854624543678,29.136073778811248,91.41683282604683
0.09847806500000002,502,41.719674560000044,0.3742286069400084,-0.3509266691766177,3.897853951489846e-05,0.6287641525268555,0.1431746482849121,76.87665721790954,28.757973408804524,183.41875073749918,33.988578835766134,99.5391485575749
0.09720690500000001,0,39.35782274000002,0.29777607361963176,-0.2773039474677334,3.897853951489846e-05,0.6287641525268555,0.1431746482849121,76.89793765502152,28.842355339954896,202.0450235963342,35.661046891485675,124.3732670863064
0.130987135,0,42.56734352000001,0.43273500531615483,-0.426438004306878,7.711288683433435e-05,0.7397317886352539,0.15915775299072266,76.92522425120133,28.649949644358205,150.27839838758382,29.460577782841078,73.72154397106976
0.09823535000000001,4055,41.38470860000001,0.4562274553908188,-0.42737110976675396,8.340164291130814e-05,0.6686423619588217,0.11760425567626953,76.87430248160153,28.67516910989619,184.07754171799434,33.02203063170929,87.71636271228307
0.12081819875,5258,41.35052840000003,0.4158893688311766,-0.4216232071450805,0.00013992699419169697,0.707304318745931,0.08461403846740723,77.29837446147155,28.63729229238731,167.13983402959423,31.49097150519705,84.87815266243729
0.15475005000000003,6088,48.17973236,0.1410539230143094,-0.19607515812512746,9.186525787501725e-05,0.6743142604827881,0.1063375473022461,77.05067207220242,28.700418398288498,98.52704178141187,23.46555416001405,68.87505513016693
0.1334436825,3995,42.87154730000003,0.2603691936556887,-0.28229392676184645,0.0001456475671880576,0.7663278579711914,0.07316907246907552,77.21229940213885,28.54858570547084,150.10895493262035,30.67062382240241,95.14081816182556
0.13564871499999998,6351,44.74120424,0.2183390491228937,-0.2574131367531161,0.0001456475671880576,0.7663278579711914,0.07316907246907552,77.17525765681737,28.52032129286606,136.35059591318952,29.240268019328525,90.1691403297907
0.1355604675,1027,43.60983962,0.2872176363883457,-0.3273338776306008,8.605784747293756e-05,0.720656156539917,0.1136617660522461,76.95793106484237,28.64874832905363,142.70916443142312,29.693144815107853,86.43289228192207
0.12285819000000002,0,40.885677680000015,0.38787765715551725,-0.4066418483720381,8.974528618691458e-05,0.8087546030680339,0.14197254180908203,76.98104206220978,28.53083212727057,169.2888683030651,31.87132430957476,91.02332166866185
0.09702383750000002,0,40.79339114000004,0.4798556710215667,-0.45110886467732475,8.031308860090292e-05,0.8098287582397461,0.1892242431640625,76.90530564277876,28.509118281056924,188.55550087956055,32.94577024740921,87.67078933816725
0.08335169,4102,39.56973998000001,0.5766491704692321,-0.5353329095310564,0.0001456475671880576,0.7663278579711914,0.07316907246907552,77.22466174856272,28.509227477275818,205.6679372835024,32.04991299758462,79.1595631029361
0.12404324749999998,3036,41.57611772000001,0.37987771110819324,-0.39796290191043016,8.617081325312803e-05,0.9222345352172852,0.10440381368001302,77.0263907725679,28.428768769238967,163.82101171534111,31.478158941892,89.68576189814982
0.090998725,0,39.28604432000003,0.5178573867438782,-0.4639723898095214,7.711288683433435e-05,0.7397317886352539,0.15915775299072266,76.8545593127204,28.584775892694758,202.73300577833174,33.11755383030706,87.96671450089381
0.14513211750000002,0,45.31884962000004,0.224757940457877,-0.2672242681480557,8.340164291130814e-05,0.6686423619588217,0.11760425567626953,76.90223995457761,28.65217373061653,124.56816436043187,27.446186793247257,80.40473177582307
0.11859662500000002,0,41.80170704,0.34725514542649655,-0.3786385338056368,8.340164291130814e-05,0.6686423619588217,0.11760425567626953,76.89767293597215,28.653150149833515,167.3651796462383,32.258955434236356,94.17715748293405
0.09507802,0,41.69574842000003,0.3890006504015851,-0.3664920686884319,8.340164291130814e-05,0.6686423619588217,0.11760425567626953,76.87387376078365,28.73806469365808,185.97302044752394,34.13836071820241,99.06914901841292
0.0884867925,0,40.048262780000016,0.584455328275553,-0.47439158797771885,8.4618303012062e-05,0.5411269664764404,0.13683176040649414,77.0036967313571,28.88307943073966,198.15244053439005,31.3093669474879,73.20050756650292
0.10153053749999999,903,42.686974220000025,0.5689342468089945,-0.5362672233820459,9.186525787501725e-05,0.6743142604827881,0.1063375473022461,77.10247327271642,28.716021430531896,169.9435131408717,29.6269242173696,64.61471470092431
0.122969675,3783,42.895473440000046,0.35238736548077765,-0.3694817658349328,9.186525787501725e-05,0.6743142604827881,0.1063375473022461,77.14755418284405,28.721792159365005,156.24149381892448,31.0894883091963,86.58287808971924
0.1388413825,0,36.32603900000004,0.2512873263410542,-0.264401809081291,0.0001581757076809691,0.6417844772338868,0.1521444320678711,77.2206406937219,28.8127233910676,189.5991412544284,33.11842613172652,124.88658060943439
0.10833458750000001,6,42.28877489000001,0.545272526282543,-0.5256792199620228,0.00014701965174594988,0.6609047651290894,0.12557220458984375,77.34142667428185,28.730513037321444,167.79416994896724,29.823841755996096,66.95952262628064
0.09405199500000001,0,41.36420048000002,0.2811216203305627,-0.2595021916092673,8.37094887439586e-05,0.5485732555389404,0.15003156661987305,76.85740411570114,28.86356749930883,191.45036895883527,35.38663822103486,118.57135597788066
0.12740142375,3644,40.34392151000003,0.2851089412289462,-0.3189188471949471,0.00014912515112592523,0.7314157485961914,0.06677722930908203,77.2599670105537,28.543133741462906,171.5700502976789,32.61597070904874,106.63291422611248
0.10911533999999999,0,34.398275720000015,0.5490630106505036,-0.5083931906537943,0.0001552692533234929,0.6322150230407715,0.1382284164428711,77.25449914799749,28.84816459330574,219.66363122570755,31.713372240917593,90.23855992100037
0.08436039000000001,0,33.51642656000001,0.6845449448701176,-0.5446337727988348,0.00015186386745350924,0.5615221659342449,0.1089315414428711,77.30987816805681,28.880858493019684,242.38061558764412,28.20708363197252,71.426613141111
0.08994019499999999,530,42.41011460000004,0.41992813002751517,-0.39501011861677776,8.340164291130814e-05,0.6686423619588217,0.11760425567626953,76.8623193857561,28.676528604085934,184.4886704166346,33.8746173380945,93.29837187369638
0.10451560750000001,1819,38.51357180000002,0.5133557881085755,-0.5048088690948819,0.00014912515112592523,0.7314157485961914,0.06677722930908203,77.30859367878666,28.509492319029626,197.1834405883219,32.36773175006107,86.09744747023456
0.0797321675,479,38.94766034000003,0.6643239689257423,-0.604825654756409,8.958636967903999e-05,0.8544745445251465,0.11635112762451172,77.18227519471372,28.429135378492102,210.86297326469207,29.17187875556919,66.24882113678423
0.10402143250000004,0,36.33629306,0.46444270877038957,-0.4414145393089953,0.0001581757076809691,0.6417844772338868,0.1521444320678711,77.23354933283886,28.838950258378564,212.95380334830037,33.74816750126358,102.30511973341139
0.11946540500000001,366,37.85731196000006,0.46394241466779407,-0.4637632793815006,0.0001552692533234929,0.6322150230407715,0.1382284164428711,77.25874684519779,28.77239680219127,190.63139771959516,32.26898756218694,90.38511502384783
0.08534961999999999,47,38.48622764000004,0.6138948826553718,-0.47494248396245936,0.0001520350962984842,0.547762393951416,0.12106871604919434,77.16910891637808,28.876140386470308,210.54776828611398,30.911746519032192,73.24927084901559
0.16806568749999998,0,42.191361320000055,0.2263893785750746,-0.25896474604838093,0.0001581757076809691,0.6417844772338868,0.1521444320678711,77.20144685485484,28.790490327628856,127.83438884037969,27.13312800741969,83.04186610633313
0.0963021275,1856,39.96964832000003,0.5603098352550525,-0.5094330709591324,8.031308860090292e-05,0.8098287582397461,0.1892242431640625,76.92355892278914,28.52394966896692,192.95957116729517,31.442066936211553,76.92378482878084
0.12288912750000001,4651,39.63126434000003,0.23126306465899027,-0.25543321195306645,0.00015456825503671703,0.6664888858795166,0.1231832504272461,77.16893073451453,28.679784814602584,181.1200282113806,33.70924163210089,121.00069220928809
0.1618565725,0,43.82517488000002,0.1923311246138335,-0.25078474512044074,7.711288683433435e-05,0.7397317886352539,0.15915775299072266,76.89462594675854,28.63292540248974,122.35077587475155,26.762159336030727,83.04566429657687
0.13797648,0,41.72651059999998,0.27017222512964456,-0.3001966287004851,7.711288683433435e-05,0.7397317886352539,0.15915775299072266,76.93263424390982,28.562046706631772,154.0932322985003,30.836247771217145,96.76300923000527
0.147601535,0,47.05178576000003,0.21914398887629552,-0.2878372707299612,8.397091838929782e-05,0.6301561991373699,0.1371140480041504,77.02396105505589,28.766591271139504,110.45253981224687,25.367512473810436,70.72382176495765
0.1265762725,365,44.8881791,0.4004500014240551,-0.41822272215973,8.397091838929782e-05,0.6301561991373699,0.1371140480041504,76.96307700300582,28.772754275513567,138.35551886505766,28.675838711768183,69.99922019863591
0.10633553,2765,39.40225700000002,0.503750713968395,-0.48284019224992497,0.0001456475671880576,0.7663278579711914,0.07316907246907552,77.18345191475207,28.545096696232644,189.98813080797288,32.17025189765634,84.34595517789383
0.0985694475,2014,41.20355354000003,0.5521472013066961,-0.4831070096303346,9.186525787501725e-05,0.6743142604827881,0.1063375473022461,77.13169532877039,28.694689628729677,182.92275428428582,31.029002469631187,72.66982153162022
0.137674805,4972,43.999493900000004,0.2840013234304229,-0.31604242431329443,8.431705107650853e-05,0.7819669246673584,0.12369108200073242,77.05945610445362,28.478629923814978,138.38592754729666,29.15414205944842,84.40160017472755
0.11671543249999998,111,39.12539737999998,0.5630388823886834,-0.5535136753843083,0.0001552692533234929,0.6322150230407715,0.1382284164428711,77.29544767495639,28.75784490014269,182.26304323799968,29.981914422834688,70.84712768074478
0.097809265,1530,42.30073795999999,0.4415892984672856,-0.4305671023400978,9.208205715746468e-05,0.7053788503011068,0.10391569137573242,77.18787239582028,28.56165287088289,178.46017280960007,32.87746668977223,87.09120646431955
0.08962190999999999,8,41.982862100000034,0.3678469915413857,-0.31235471443943397,3.897853951489846e-05,0.6287641525268555,0.1431746482849121,76.91122038566552,28.792910668090265,188.84605800991085,34.75067305991965,103.69355430755799
0.0783920375,1876,38.58535022000001,0.6687700248618244,-0.5921975880510781,0.0001456475671880576,0.7663278579711914,0.07316907246907552,77.23071920122061,28.548129059947996,214.2750990967786,29.114913904288176,66.05191330368987
0.09199254750000001,2851,40.11320516000001,0.168375315934456,-0.19653330489660975,9.186525787501725e-05,0.6743142604827881,0.1063375473022461,77.10128012154414,28.66054536130742,203.99500764544064,36.636578358515635,148.6804457123519
0.14959443249999999,4484,45.29492348000002,0.2434269107436482,-0.2698283412644839,8.991754130804885e-05,0.5436716079711914,0.14101839065551758,77.13189103931393,28.86452931648412,120.73096678677007,26.741583584368897,75.10381246439273
0.12467331374999999,4123,39.62271929000002,0.3432181274069865,-0.36609773411145385,0.00014912515112592523,0.7314157485961914,0.06677722930908203,77.28743712073785,28.545093274723374,177.31958623511593,32.72909876207756,101.93914595284834
0.1033560975,0,40.393482800000015,0.5607949180666753,-0.5424053533273336,8.974528618691458e-05,0.8087546030680339,0.14197254180908203,76.97416490686724,28.528372903800978,184.43033452386067,30.71085218254588,73.05812729379986
0.1063991375,5147,38.58193219999998,0.4941566457580067,-0.4314049189873875,0.00015456825503671703,0.6664888858795166,0.1231832504272461,77.20586694422902,28.711743614473107,195.63213416051337,32.60137914784126,88.05751625702433
0.12266541500000001,183,42.259721720000016,0.4383009681571438,-0.46655862867837977,8.036239547384044e-05,0.675431489944458,0.08529806137084961,76.98127101193359,28.66451565332777,158.93157302925295,30.475404755118493,77.06590214793499
0.2012751825,0,43.96873172000005,0.1869786053780661,-0.27943020839600335,3.897853951489846e-05,0.6287641525268555,0.1431746482849121,76.93120482547043,28.82878823502634,89.94493666980134,20.893419942468835,59.76062301117656
0.12252497250000001,5482,39.409093040000016,0.32212497689272496,-0.3328256783459444,0.00013992699419169697,0.707304318745931,0.08461403846740723,77.27341430942118,28.569151621859874,180.92206566154493,33.2044419788496,107.26711407931573
0.1342189625,2311,42.70406432000004,0.32268010907815387,-0.3484429884009991,0.00015226489729356117,0.7993351618448893,0.09926128387451172,77.28853024790762,28.419489527633548,149.23266330268484,30.2218868846332,87.1011661078803
0.150641605,0,37.313846780000006,0.3398892396873869,-0.4011539169309707,0.0001552692533234929,0.6322150230407715,0.1382284164428711,77.27938420842703,28.80202273428325,171.886275232101,31.109629749934133,98.94202417531939
0.09816558250000001,0,42.90914552000004,0.4800654005785436,-0.46544672818791955,8.036239547384044e-05,0.675431489944458,0.08529806137084961,77.01880017009468,28.74942778232387,173.10082252968834,31.870538723381504,78.4296322759977
0.12076379000000001,4209,38.441793380000036,0.3857059975342665,-0.3865355659162238,9.208205715746468e-05,0.7053788503011068,0.10391569137573242,77.1674151754431,28.649435969879068,187.3920585191354,33.07823902887469,101.55279535007004
0.15053539999999999,0,44.67284384000004,0.18563925004710766,-0.24677238586475295,8.036239547384044e-05,0.675431489944458,0.08529806137084961,76.96360900672664,28.7069766873393,125.67531084155405,27.556217301297274,85.34419555526797
0.0801944425,1021,39.02969282000004,0.5029312460402113,-0.4633007464784335,9.330361674741994e-05,0.712843656539917,0.1165914535522461,77.14452825205178,28.605676806708207,213.41712410743753,34.30110174685982,95.46396783378277
0.09586586750000001,647,36.760127539999985,0.4708063650749453,-0.44009070264626965,0.00013992699419169697,0.707304318745931,0.08461403846740723,77.300638903442,28.551854303545834,216.57951552683676,34.1729462033906,103.4045713968733
0.0803664825,302,37.68641095999999,0.6428084355665105,-0.5948473769237309,8.958636967903999e-05,0.8544745445251465,0.11635112762451172,77.15536576554564,28.43926370778478,219.2519184823651,30.236800186687553,73.33679363942221
0.0907435525,656,38.031630980000045,0.5775029015100265,-0.5495741554744036,8.895342588428118e-05,0.6211264928181965,0.1589803695678711,77.07004061985984,28.75542900864562,210.04093355396742,31.825707173781584,80.12297904243067
0.09127941750000002,0,41.010435410000014,0.5616337923095227,-0.5365242482535183,0.0001456475671880576,0.7663278579711914,0.07316907246907552,77.2449652819468,28.484870999851005,189.8665673994425,31.45030063275823,74.79025372240477
0.15009347499999998,0,47.03469566000001,0.3488369657425929,-0.37473114549365155,0.0001520350962984842,0.547762393951416,0.12106871604919434,77.15825485244973,28.85092923688482,105.48953443159667,24.01164366512885,56.031704710122945
0.12811173500000003,0,38.66396468000005,0.26532517919379234,-0.29195957968241176,0.0001581757076809691,0.6417844772338868,0.1521444320678711,77.17936208894182,28.816658455955366,182.6214303248746,33.36237199113804,116.88953233691491
0.1035808275,0,41.52142939999999,0.5790538749141043,-0.5389353231207319,7.711288683433435e-05,0.7397317886352539,0.15915775299072266,76.92906986089051,28.582630324985097,176.13501794225806,29.716903218428783,66.29774653602294
0.078176135,0,35.885114420000036,0.6407624241452136,-0.5804605470686315,0.0001456475671880576,0.7663278579711914,0.07316907246907552,77.20767842084338,28.45938148047192,232.91428136370422,30.550460370772377,78.29297428841835
0.10113385,3986,44.211411139999996,0.3866536702406837,-0.3648157987956075,3.897853951489846e-05,0.6287641525268555,0.1431746482849121,76.86253261255655,28.785134170716667,163.78152750295123,32.213559600764526,85.90053281345836
0.1508637775,77,48.50102623999999,0.25910115152464885,-0.32635078212163304,8.296685417903404e-05,0.9189741611480713,0.16247224807739258,76.92181022223211,28.42950105260097,96.45640630452453,22.898449848352676,59.58499402216137
0.12111603749999998,0,40.33537646000002,0.3207911004253295,-0.2989065856907954,0.0001520350962984842,0.547762393951416,0.12106871604919434,77.16451355131859,28.870267768668405,175.87420033790295,32.96928927428037,102.50731106288406
0.15593103750000004,6058,41.64447812000003,0.23018746211552465,-0.2787643359230485,9.208205715746468e-05,0.7053788503011068,0.10391569137573242,77.2169307939385,28.61131897621905,141.1779593063768,29.045181365732518,92.47585339765473
0.11410403250000001,3932,40.99505432000001,0.36393191814878567,-0.35969075824710406,9.208205715746468e-05,0.7053788503011068,0.10391569137573242,77.24412542925337,28.55726999537612,176.0789689303756,32.94843393828565,97.53189983291576
0.10420884500000001,4166,40.87371460999998,0.4338315958084034,-0.4250749183924653,0.00013992699419169697,0.707304318745931,0.08461403846740723,77.30491352576517,28.608799327053717,183.27598879732625,33.05449353274494,91.10922689953243
0.1363460325,1387,43.965313700000024,0.16079111816831435,-0.22361556372962582,0.00014912515112592523,0.7314157485961914,0.06677722930908203,77.31670249870388,28.471881755057925,142.51255529856428,30.1113306819007,101.25610693702659
0.1477880675,3300,39.62784632,0.18257784642488672,-0.23443758659780836,0.00014701965174594988,0.6609047651290894,0.12557220458984375,77.26939030824774,28.740057849076987,162.2804094242979,31.43580973174874,114.15045942696834
0.09104390750000002,323,40.56438380000003,0.5887294259934499,-0.5628931558487456,0.0001456475671880576,0.7663278579711914,0.07316907246907552,77.20706293347862,28.449762041292843,192.50366132100964,30.82154545033261,71.61397577113915
0.09126935250000001,248,36.00816314000002,0.3532717469497647,-0.3866240457736713,8.031308860090292e-05,0.8098287582397461,0.1892242431640625,76.93719774321073,28.474732306985,227.59212752069152,36.11680463888181,134.13093207198904
0.1612659275,0,31.927047259999995,0.38471300941798403,-0.43396761612102597,0.0001520350962984842,0.547762393951416,0.12106871604919434,77.19650308860827,28.883137433627343,196.8289914689471,30.705545135620806,107.94759835572734
0.10226118499999999,2738,40.85491550000006,0.5431910216360061,-0.5269638288007237,0.0001456475671880576,0.7663278579711914,0.07316907246907552,77.1758890493425,28.51370744594777,182.55055788266225,31.08505005638234,74.51720211699585
0.09100219000000001,0,38.882717960000036,0.6316685929801082,-0.5339524882478754,8.991754130804885e-05,0.5436716079711914,0.14101839065551758,77.09533618725085,28.86613465684134,202.9861854583079,29.798473458825303,67.37334669175581
0.08853799749999999,0,37.22839628000003,0.5187195447270141,-0.4886656021420652,0.0001520350962984842,0.547762393951416,0.12106871604919434,77.19945047499202,28.88265414714439,218.36376381149438,33.64798352482795,93.88723385578017
0.13870897,986,45.56494706000001,0.27352428063511697,-0.33192447600900754,8.467832677738762e-05,0.8969619274139404,0.1082615852355957,77.0988834276554,28.43328978779623,126.83456638785765,27.740043642791306,78.4938368325821
0.10498924000000001,0,41.63422406000001,0.5562971271196793,-0.5107151326994805,7.711288683433435e-05,0.7397317886352539,0.15915775299072266,76.86793143889905,28.6118913413053,174.7389430070607,30.172525049372638,68.99809515727661
0.1511936125,2298,42.485311040000056,0.2659934531186608,-0.30098861747756905,9.208205715746468e-05,0.7053788503011068,0.10391569137573242,77.1797817273106,28.593322064593284,138.43278963251805,28.787504707525727,86.21854317338088
0.0772942925,0,31.651896650000026,0.5876959287256238,-0.49001101041754896,0.00013992699419169697,0.707304318745931,0.08461403846740723,77.31397880478578,28.557932353864153,261.7410702381146,31.98574650358527,101.47705577748376
0.134943835,5605,45.257325260000016,0.21280312637490617,-0.24215395218151944,9.330361674741994e-05,0.712843656539917,0.1165914535522461,77.11020007739027,28.64849902067001,133.42957339870384,28.91881034067054,88.21307478796314
0.12331281999999999,3630,41.57611772000001,0.41399214961902564,-0.4226814387884352,8.974528618691458e-05,0.8087546030680339,0.14197254180908203,77.01799507072833,28.517007656723145,163.64623025000878,31.139900158667306,84.02573609784311
0.13310345249999997,6306,44.27293550000002,0.19993586454592108,-0.24979709351066634,0.00014701965174594988,0.6609047651290894,0.12557220458984375,77.30531511928444,28.73765639231927,142.0742489388973,30.050511523100443,95.65558184452237
0.13396153500000002,2114,45.31543160000001,0.31773916798290963,-0.3239449483676883,8.617081325312803e-05,0.9222345352172852,0.10440381368001302,77.03734961528251,28.427797570168387,131.35950254557315,28.23595771560653,76.88718156295299
0.12432663500000002,3786,42.56050748000001,0.36765505663143455,-0.3757061139058356,8.605784747293756e-05,0.720656156539917,0.1136617660522461,77.04561482584512,28.60122598326332,157.1203727571367,30.998174344568557,85.57121042902358
0.12250335749999999,0,43.64060180000001,0.38158001132044955,-0.35925978055332874,8.397091838929782e-05,0.6301561991373699,0.1371140480041504,76.98415485042575,28.83768557182153,150.78620186199907,30.32735936190721,79.29829041751735
0.15143245,0,48.62407496000003,0.3226903283777161,-0.36508438318343,8.719183587195072e-05,0.8373379707336426,0.24370765686035156,76.84126593387467,28.475889862469284,93.56299262304708,22.147974913709916,52.5883535578671
0.14659173500000003,629,42.047804480000025,0.3285971382865268,-0.3475341122916925,9.186525787501725e-05,0.6743142604827881,0.1063375473022461,77.12258396373997,28.677792667329722,143.70402296064856,29.178737080172326,82.14165791209231
0.0851262925,49,40.766046980000056,0.5822355558119708,-0.5427464216513532,8.431705107650853e-05,0.7819669246673584,0.12369108200073242,77.12417024546188,28.468534884051664,196.00467590300093,31.410242474142464,74.20549153318204
0.138001505,3299,44.72753216000001,0.3537203616052401,-0.36534349936085264,8.895342588428118e-05,0.6211264928181965,0.1589803695678711,77.07351252146216,28.824056648476184,131.42883378330623,27.906630350530957,71.19385857553998
0.0871003525,0,37.495001839999986,0.5315884291067013,-0.48200780799490966,8.4618303012062e-05,0.5411269664764404,0.13683176040649414,76.97531532149821,28.865313330410356,217.48475577660633,33.407094201263035,91.0367816195804
0.09254257499999999,593,40.38664676000002,0.675283109031706,-0.599514035152872,8.397091838929782e-05,0.6301561991373699,0.1371140480041504,77.00701074557655,28.811121875156008,190.61829855454482,27.49020263423466,56.38651680326812
0.09358037000000001,719,38.22645812000002,0.3968736931662509,-0.3828353628070976,8.895342588428118e-05,0.6211264928181965,0.1589803695678711,77.0618464681827,28.79413568554499,210.32560513566318,35.2414998457943,112.36823100639184
0.09905435500000001,0,41.360782459999996,0.47329647546648235,-0.4080047553001784,8.397091838929782e-05,0.6301561991373699,0.1371140480041504,77.0114032445552,28.777391340130666,183.20702969376543,32.660034517505935,84.407286042819
0.1235208025,2,45.489750619999995,0.4375194238014492,-0.46996281242856575,8.031308860090292e-05,0.8098287582397461,0.1892242431640625,76.86643374975932,28.489401346864437,135.6812927103282,28.050825944454996,65.57481159380457
0.08870737,0,41.408634740000025,0.5507958211095034,-0.4997689167329961,8.036239547384044e-05,0.675431489944458,0.08529806137084961,76.99155797357037,28.6707666486719,189.43652617904058,31.804595253221127,75.62956656045309
0.08722811750000001,1114,39.750895040000046,0.6123108520341901,-0.5680296087416284,0.0001456475671880576,0.7663278579711914,0.07316907246907552,77.16977320105711,28.48487791808755,200.56777965340575,30.56026872929776,70.98390989195117
0.12380996500000002,4500,45.865732820000005,0.28419092969947196,-0.30908410201460124,8.991754130804885e-05,0.5436716079711914,0.14101839065551758,77.07742977627458,28.850951166632676,136.37791165075862,29.311557502304222,80.94359808094163
0.08414311249999999,614,44.70702404000002,0.5918857310695791,-0.546693632940213,8.617081325312803e-05,0.9222345352172852,0.10440381368001302,77.03526972276181,28.446634139719546,169.14580353349265,29.421653871773916,62.31590736953269
0.139968745,4610,45.06933416000004,0.24552553382627315,-0.27848677405053945,8.974528618691458e-05,0.8087546030680339,0.14197254180908203,77.0107395613578,28.489628490784614,129.96671017258905,28.224701686884803,83.06481823225118
0.1258184825,3589,45.90333104000001,0.27920418554559306,-0.2966558791801511,9.330361674741994e-05,0.712843656539917,0.1165914535522461,77.08987439237286,28.612475575599017,134.6220907997922,29.06193626188578,81.5832222583681
0.13077783250000002,39,34.09748996000002,0.48507702266734726,-0.5015937717846519,0.00013992699419169697,0.707304318745931,0.08461403846740723,77.27265237599265,28.622655307344207,205.55286719804866,31.603293918788516,95.95117360624664
0.11744304124999999,1779,45.23681714000003,0.40507214055466456,-0.4020960257583889,0.00013992699419169697,0.707304318745931,0.08461403846740723,77.32366366561776,28.649539338834664,143.09313624798574,29.425870306574733,72.44098923323341
0.0869000425,0,39.99699248000002,0.5043873531095323,-0.47029709486764343,8.031308860090292e-05,0.8098287582397461,0.1892242431640625,76.92279704265403,28.526631301958286,201.51569387196264,33.53972261858183,90.17451992762669
0.06584013000000001,0,38.33583476000001,0.716954954683235,-0.5477569331158239,8.397091838929782e-05,0.6301561991373699,0.1371140480041504,77.0276885654667,28.84878375251638,224.96036091831468,27.399441530972414,59.5248371491556
0.08199715,241,37.983778700000016,0.6686383624547613,-0.5529680199920322,8.895342588428118e-05,0.6211264928181965,0.1589803695678711,77.13062710773849,28.793810683447003,215.41926197922396,28.995095868282274,65.7344430935512
0.14389987,4185,43.28170970000002,0.3591142794057346,-0.37316952690536515,8.296685417903404e-05,0.9189741611480713,0.16247224807739258,76.93690987327899,28.441968185440388,136.67345727019347,28.30883722954175,75.9305302551371
0.1370459075,3458,43.49704496000004,0.33188940555205115,-0.3411125912685699,8.605784747293756e-05,0.720656156539917,0.1136617660522461,77.00069218292703,28.598466363101092,141.28360208963772,29.233127662142728,80.32378245386731
0.12105127499999999,0,43.555151300000034,0.4730318223466793,-0.480914134304877,8.296685417903404e-05,0.9189741611480713,0.16247224807739258,76.8702837756183,28.410979627759243,150.45567778131806,29.262122201523553,69.82520861472366
0.1009771275,0,40.62419914999998,0.5121778445769477,-0.507377456849706,0.00014912515112592523,0.7314157485961914,0.06677722930908203,77.25744793947916,28.460125655902058,185.83212749087272,32.01326650532334,80.54734376751567
0.1259120375,1775,43.965313700000024,0.3974603797314995,-0.4055776060162942,8.340164291130814e-05,0.6686423619588217,0.11760425567626953,76.91527232907768,28.679899002843193,145.43157723606487,29.514610553077954,74.58635458178465
0.136275605,6209,44.67967987999998,0.14409962975429141,-0.18462653692809547,9.186525787501725e-05,0.6743142604827881,0.1063375473022461,77.09784726731189,28.654163200137425,137.9968444381051,29.63465070644485,99.07860755616684
0.1180775625,0,41.965772000000015,0.3623898969220037,-0.3723303648829695,8.031308860090292e-05,0.8098287582397461,0.1892242431640625,76.93223296281937,28.5472668545976,166.32058361689815,32.070510029372194,92.71799259883632
0.0809652125,0,32.28252134000002,0.6422687257976504,-0.5824168862760998,0.00013992699419169697,0.707304318745931,0.08461403846740723,77.26438483301,28.616654129338784,253.77210502661052,30.029577243879924,85.74130739928984
0.11770213250000003,4901,41.38812661999998,0.3383790761987331,-0.35833012202954395,8.4618303012062e-05,0.5411269664764404,0.13683176040649414,77.04637199381291,28.865472443202936,171.09689186184733,32.652116309095184,96.71058170084515
0.0856034175,0,36.83190596000003,0.5762768201767775,-0.5155487725339805,0.0001552692533234929,0.6322150230407715,0.1382284164428711,77.31406423973834,28.803728799596815,222.11124754334458,32.349182649076546,85.61009653752727
0.10770494750000001,3094,40.36955666000006,0.5004239254881332,-0.47997167588421297,9.208205715746468e-05,0.7053788503011068,0.10391569137573242,77.227312251064,28.594514210971663,182.43680001013342,31.775779775068663,80.6330934285533
0.1252389475,729,42.345172219999995,0.40124571473021553,-0.4194645038189421,8.617081325312803e-05,0.9222345352172852,0.10440381368001302,77.00039927996207,28.429338196885396,157.1167933227839,30.649002012450246,82.75118795240466
0.1100832025,0,44.39940224000003,0.4807020399620958,-0.48611905289813634,8.031308860090292e-05,0.8098287582397461,0.1892242431640625,76.9018939740321,28.48130581207642,153.1362066892417,29.73369131253785,69.41205891773444
0.08592915500000001,96,43.35690613999998,0.5951024220991527,-0.5019508057675997,8.340164291130814e-05,0.6686423619588217,0.11760425567626953,76.88005075625554,28.72079853568185,177.1576087951214,29.884144202185826,63.67903106065147
0.08077975250000001,1339,40.277270120000026,0.6172226665520957,-0.5575417287345785,8.431705107650853e-05,0.7819669246673584,0.12369108200073242,77.1105317675954,28.519738252010125,202.04596603239702,30.698220900659358,70.7805665669868
0.14427937000000002,4899,39.67569860000003,0.22991922145784882,-0.2671729332592455,0.0001552692533234929,0.6322150230407715,0.1382284164428711,77.26335319357553,28.76719376198284,163.74114734242335,31.536414522431112,108.39684772677799
0.11713433999999999,0,42.40327855999999,0.3850504027395939,-0.3906763603784664,9.330361674741994e-05,0.712843656539917,0.1165914535522461,77.055219055737,28.553307882517796,163.56475343634338,31.670123848279026,86.96714538233822
0.127543915,171,38.09315534000001,0.43377880624582044,-0.4496903609414745,0.0001552692533234929,0.6322150230407715,0.1382284164428711,77.3209598016731,28.80119621220789,183.25031204870857,31.965662880538215,91.20409746616708
0.14500086,6190,44.09861648000003,0.14733369260899856,-0.1989039440159876,0.00015456825503671703,0.6664888858795166,0.1231832504272461,77.21338022760568,28.66070380420895,134.9751655836169,28.991802496565317,96.49340730022321
0.18301466000000002,0,44.74462226000003,0.18192018733534987,-0.26858208056467536,8.605784747293756e-05,0.720656156539917,0.1136617660522461,76.99152113528093,28.57082915482317,99.27749723084617,22.871553513241597,67.06638738319756
0.1381345225,0,39.82950950000003,0.4129061860400373,-0.4333082297811808,0.0001581757076809691,0.6417844772338868,0.1521444320678711,77.15606544652145,28.796673624047408,163.6496927855576,30.536131802137852,83.30471328283232
0.1472084225,4230,44.207993120000026,0.3397407934612913,-0.34526162907975966,0.00014701965174594988,0.6609047651290894,0.12557220458984375,77.3101888063846,28.743031909952148,128.0250690902376,27.311068183261444,70.9708116016022
0.0974272625,2543,38.60756735000001,0.5563969858344207,-0.516357321638743,0.00013992699419169697,0.707304318745931,0.08461403846740723,77.33063366659532,28.557421151076255,201.30534300172167,31.836431583307604,80.53212887146468
0.1176392125,4709,40.26701606000006,0.37887188867506305,-0.38089786156801386,0.00013992699419169697,0.707304318745931,0.08461403846740723,77.29238936978821,28.601214568767876,177.84433620935943,32.77149957967798,96.52769590955937
0.1324602275,2282,43.03903028000002,0.2953542385295831,-0.3099680288689817,0.0001456475671880576,0.7663278579711914,0.07316907246907552,77.1987909923726,28.518010715355935,148.95034067744712,30.41582718658457,89.95469371796605
0.1456000575,6878,47.00051546000003,0.15322839300425753,-0.1941184897698708,9.330361674741994e-05,0.712843656539917,0.1165914535522461,77.08738906863152,28.64858686933322,113.99018025301348,26.117244222361315,79.78293443540306
0.1249908975,4536,45.08984228000003,0.3224081245906227,-0.3392713384984961,8.605784747293756e-05,0.720656156539917,0.1136617660522461,76.96367316878595,28.567017195431063,140.0166133584097,29.514178144303333,80.33820646068953
0.085211075,0,37.86756602000003,0.6780419904883425,-0.6238599563345738,0.0001456475671880576,0.7663278579711914,0.07316907246907552,77.17103041508749,28.450419056285234,213.42351425716902,28.390170046423876,64.15897182556995
0.152221865,4797,43.965313700000024,0.22033993192404144,-0.25719196253489285,0.0001456475671880576,0.7663278579711914,0.07316907246907552,77.2011262604693,28.510170795974663,128.4460958526961,27.7562052708295,84.54721844260537
0.09428340750000001,2026,43.832010920000016,0.12418986176939137,-0.16871200353862134,0.00015456825503671703,0.6664888858795166,0.1231832504272461,77.15456770910818,28.74022124370994,177.9222594927346,35.06797140666373,133.59311997375974
0.08267763750000001,3443,41.49066721999998,0.6377050140199988,-0.578838434520823,9.208205715746468e-05,0.7053788503011068,0.10391569137573242,77.19781750960337,28.570580400416397,191.7653872445619,29.413390568436597,63.01308524832604
0.17219621499999999,1817,49.63239085999999,0.16840268189499966,-0.21130470132205006,8.340164291130814e-05,0.6686423619588217,0.11760425567626953,76.8550999926366,28.66911780645973,73.37963112961972,18.465893086547315,48.76641742724802
0.09430274000000001,1905,38.84170172000006,0.5851419946196637,-0.5523012552301255,0.0001456475671880576,0.7663278579711914,0.07316907246907552,77.19849069510622,28.496761640174334,201.62112652973224,31.177192236016463,76.15338089222189
0.10064055499999999,544,41.65131416000003,0.42075740278776097,-0.4071230658635829,7.711288683433435e-05,0.7397317886352539,0.15915775299072266,76.94478010918941,28.552583861452604,181.11928524797997,33.231800051260514,92.14448696472404
0.12561028000000002,3521,42.902309479999985,0.29964167655000123,-0.32943993082219625,9.186525787501725e-05,0.6743142604827881,0.1063375473022461,77.10490295817955,28.657492096103347,155.27544139795168,31.257593328217993,92.78619755351924
0.0834750825,0,39.347568679999995,0.2657344573427468,-0.20970670391061455,3.897853951489846e-05,0.6287641525268555,0.1431746482849121,76.85060979964081,28.79855455893422,213.79176965281056,36.9810434153606,138.19797394885853
0.16666899,0,46.24855106000001,0.14571110201482693,-0.21783428713008907,8.397091838929782e-05,0.6301561991373699,0.1371140480041504,76.9874709254704,28.770450214122647,102.6444552609131,23.883551134816706,71.6237533238784
0.07274950499999999,2403,40.09269704000002,0.6572571864111498,-0.5852259782191237,8.958636967903999e-05,0.8544745445251465,0.11635112762451172,77.19593193369472,28.407095782584957,208.85115733298107,29.683283626878747,66.70412308539426
0.16434724750000002,693,46.20411680000001,0.20518283403626236,-0.254807869145604,0.00014701965174594988,0.6609047651290894,0.12557220458984375,77.340945381456,28.697366306906154,103.41269161261096,23.92608939196135,67.42743331269936
0.13440164500000001,694,44.081526380000014,0.3169177158273382,-0.3590992934952841,8.031308860090292e-05,0.8098287582397461,0.1892242431640625,76.8608529546178,28.463588449602046,139.67759900685496,29.22930786237598,81.71961667552003
0.08638014124999999,115,38.077774250000004,0.6292865435914676,-0.56807975866294,0.00013992699419169697,0.707304318745931,0.08461403846740723,77.31592204096575,28.562070082368336,212.12280948627597,30.345832950040258,72.18747944300428
0.1128025125,5228,43.23385742000005,0.3965895744039751,-0.3939494374781343,8.431705107650853e-05,0.7819669246673584,0.12369108200073242,77.05274334236198,28.53121086387681,161.031258458166,31.484802345908005,84.35829136541584
0.0715778125,0,39.20742986000005,0.5187215720703472,-0.3435568628747066,8.895342588428118e-05,0.6211264928181965,0.1589803695678711,77.12088061468599,28.756119113764946,218.77874080091362,34.503815770184346,94.37374517753179
0.11855892250000002,0,37.94618048000001,0.3719561295638549,-0.391931602279924,0.0001520350962984842,0.547762393951416,0.12106871604919434,77.18524060233706,28.867402184200653,192.72316611929466,33.564220638342256,105.56631308263812
0.13235820250000002,2290,42.73311749000004,0.33679896925664804,-0.3541247484909458,0.00013992699419169697,0.707304318745931,0.08461403846740723,77.30762240573624,28.647971284023804,150.2024905360189,30.2906433748604,85.1906510448216
0.1359373,4694,47.80375016000005,0.25592811482330236,-0.29077803189478313,8.036239547384044e-05,0.675431489944458,0.08529806137084961,77.0388426408576,28.709651326466822,113.51158004021215,25.96870840915221,69.57277267557377
0.09655796,0,38.798976470000014,0.5813454469382267,-0.5469673669623385,0.0001552692533234929,0.6322150230407715,0.1382284164428711,77.33106349419133,28.826797964947016,200.18488205584777,31.139316889957826,75.3516847579213
0.09992852499999999,0,42.310992020000015,0.2803491098016855,-0.27214781472796246,3.897853951489846e-05,0.6287641525268555,0.1431746482849121,76.8843781532169,28.762843283268406,180.31570788728504,34.42349270276363,111.76193318988115
0.08665347750000002,0,43.473118820000025,0.5539446760665674,-0.481451398135819,8.340164291130814e-05,0.6686423619588217,0.11760425567626953,76.89404979948019,28.716315480884568,176.7020369164428,30.9684667713249,69.41847929441717
0.09884134,1843,42.32466410000001,0.5067820710973726,-0.48656297651723096,8.431705107650853e-05,0.7819669246673584,0.12369108200073242,77.08665440188351,28.45070340838274,176.0051272993354,31.574163061987118,76.87561341414153
0.15954263999999999,13,45.605963299999985,0.2885626600465235,-0.36689096017667,8.296685417903404e-05,0.9189741611480713,0.16247224807739258,76.90835711421614,28.43737834695387,109.52606241158401,24.709334217251257,65.97303990064235
0.09782043,2579,40.84124342000001,0.49483626208604464,-0.4714886830008363,9.208205715746468e-05,0.7053788503011068,0.10391569137573242,77.22847923385741,28.566273680742093,187.2624332939473,32.565730533120295,83.71899603173968
0.09489014000000001,0,40.198655659999986,0.593108261163038,-0.517939773811146,6.0659547028470396e-05,0.6286576588948568,0.1846785545349121,76.84017913759777,28.845079214525718,191.81980604447153,30.50582524438691,69.93803192083237
0.13213636,3602,42.15376309999999,0.3527609789182162,-0.37420551303618904,9.186525787501725e-05,0.6743142604827881,0.1063375473022461,77.08787066074365,28.73676061786545,154.0014956743081,30.545612851901915,85.36019007025097
0.10342432500000001,0,37.477911740000025,0.5468224824468021,-0.5102596143739708,0.00013992699419169697,0.707304318745931,0.08461403846740723,77.28829052863576,28.591269376125886,204.2167453846439,31.879743895745953,83.6626352458621
0.13301498500000003,0,35.48862410000004,0.2621497200189488,-0.31512900184152737,8.031308860090292e-05,0.8098287582397461,0.1892242431640625,76.93962491388284,28.47654033535051,199.4193626764523,33.702425515375786,132.44313197955302
0.06935619750000001,726,37.11218359999998,0.7048775744244222,-0.6334220029042497,8.431705107650853e-05,0.7819669246673584,0.12369108200073242,77.14951223826175,28.480552443557887,230.5614306662427,27.978119198965146,64.52014071375218
0.101631325,0,40.58489192000002,0.49316465500548634,-0.43079092550901765,8.397091838929782e-05,0.6301561991373699,0.1371140480041504,77.03723478235845,28.765023697654822,185.99377502409243,32.36959176244266,82.88350356808986
0.1088675925,756,43.408176440000034,0.4757455232825088,-0.4719800154642241,8.397091838929782e-05,0.6301561991373699,0.1371140480041504,76.96368135122772,28.771486900624016,161.1660879942973,30.603025950887556,72.8625044587686
0.0807041275,517,38.77675934000001,0.4874207090981521,-0.4508038392993913,0.00014912515112592523,0.7314157485961914,0.06677722930908203,77.31861061348009,28.46412034754336,215.03346650422372,34.637130208626516,99.25876797214319
0.14075686750000002,0,33.55060676000005,0.47729525161682895,-0.5081908580517946,0.00015186386745350924,0.5615221659342449,0.1089315414428711,77.2506667467523,28.861990500884858,201.20394527320616,31.021030812286824,94.04358356599475
0.10660852250000001,3,41.34027434000001,0.45127600703395326,-0.4285944731911302,7.711288683433435e-05,0.7397317886352539,0.15915775299072266,76.89637442812653,28.57185609743374,177.79242682341476,32.357529166434674,85.84203805695097
0.1054897675,0,38.436666349999996,0.591952940416669,-0.5545873560620792,0.0001552692533234929,0.6322150230407715,0.1382284164428711,77.34429446497009,28.80127921925324,195.23617698185717,30.237810378233938,71.68417049809936
0.13684545999999997,5973,48.31303514000001,0.1338529446852508,-0.17692625206384163,8.605784747293756e-05,0.720656156539917,0.1136617660522461,77.04387179240935,28.619588542850813,112.06593777129626,26.04870660235483,79.93908723078793
0.08586915,2631,40.61223608,0.6207746571211287,-0.5569971029096865,9.330361674741994e-05,0.712843656539917,0.1165914535522461,77.1433374483556,28.571495921726697,195.61279200921217,30.108232360078336,67.29702980256171
0.0914793425,0,41.063414720000026,0.31465789705305763,-0.2667165226240681,3.897853951489846e-05,0.6287641525268555,0.1431746482849121,76.87236639461675,28.82370294496047,194.8042763143617,35.468526394575434,116.2413276019773
0.13174379750000004,3878,44.324205800000016,0.2898964193506645,-0.2994084456334846,8.431705107650853e-05,0.7819669246673584,0.12369108200073242,77.05034340556044,28.466319125452582,140.73294504719024,29.57910241463172,85.17960305677663
0.0805873075,0,38.67080071999999,0.2503273533600314,-0.2071756161931215,3.897853951489846e-05,0.6287641525268555,0.1431746482849121,76.85923089224504,28.799005981608815,220.9174002029041,37.4136843842399,146.4388965379728
0.077984955,236,37.58728838000002,0.678260532136436,-0.6104360346047388,0.0001456475671880576,0.7663278579711914,0.07316907246907552,77.24573595013972,28.52767577847862,221.06594450433533,28.82712519245521,66.61217178300126
0.1278666,3830,44.765130380000016,0.3051783771892301,-0.321343726800297,8.974528618691458e-05,0.8087546030680339,0.14197254180908203,77.04176210369491,28.509044275603305,140.3972507759653,29.575915419633162,83.32378122916599
0.10961628000000001,0,44.19090302000001,0.27486049713747374,-0.27101034622276166,8.37094887439586e-05,0.5485732555389404,0.15003156661987305,76.88503136049479,28.85777464022183,159.71046606026528,32.362382782825904,97.59697494527366
0.1402595025,564,42.07173062000004,0.26998224834851436,-0.308259587020649,0.0001581757076809691,0.6417844772338868,0.1521444320678711,77.17055638855913,28.820166528115365,149.91867432519336,30.35551814188819,93.04018381532589
0.122247085,4553,43.40134039999998,0.41730616255673564,-0.39965573808368554,8.974528618691458e-05,0.8087546030680339,0.14197254180908203,76.96185252338888,28.474481794722397,151.84098932135998,30.082552520012886,76.77357330390504
0.12524739000000001,5099,45.00780980000002,0.2835607885112835,-0.3020856897253766,9.330361674741994e-05,0.712843656539917,0.1165914535522461,77.07325685609943,28.595293040617882,141.29135474763245,29.86847840960783,85.59379724736664
0.11636214000000002,0,34.722987620000026,0.5482092812396967,-0.5117990613068261,0.0001581757076809691,0.6417844772338868,0.1521444320678711,77.21711347308808,28.757582862005638,211.79804783105226,31.244646615567323,86.95263489836786
0.11918110999999999,948,44.76171236000005,0.4530300058835066,-0.42891339368774534,0.0001581757076809691,0.6417844772338868,0.1521444320678711,77.16423527436962,28.776326065585465,143.9443360567741,28.92139062058362,67.06373774761273
0.14536969,0,36.71911130000001,0.4868879499686864,-0.514814115870919,0.0001581757076809691,0.6417844772338868,0.1521444320678711,77.21199040468436,28.767910943517098,176.90839596289646,29.92807752847949,80.39169134373661
0.1656329275,310,45.32910368,0.2254665943223781,-0.29107699821295774,8.340164291130814e-05,0.6686423619588217,0.11760425567626953,76.87809988697235,28.7464946981948,108.0789412715011,24.559080496039275,69.08069200891265
0.13672974,4325,40.458425180000006,0.20831369951987366,-0.2464676322790423,0.00014701965174594988,0.6609047651290894,0.12557220458984375,77.2669953698165,28.738079924900944,165.02246828364082,32.06693321470041,112.3401525423875
0.08882457499999999,3104,42.21186943999999,0.16803262918927253,-0.15014255538821492,8.036239547384044e-05,0.675431489944458,0.08529806137084961,77.03703906458769,28.689220314179806,192.39647934649088,36.17131682044828,138.8228343487137
0.12682414375,5109,41.60858890999998,0.3415128633189431,-0.350497817679129,0.00013992699419169697,0.707304318745931,0.08461403846740723,77.28877370168533,28.641773695664185,162.22872515350787,31.55899046534634,92.17368629838185
0.09408428000000002,0,42.51949123999998,0.4721320385016948,-0.4212630227211533,8.340164291130814e-05,0.6686423619588217,0.11760425567626953,76.89288234173944,28.71890066608453,179.2437500873125,32.59867840886375,82.66459453406101
0.1021659525,2099,42.33150014,0.5176831726148028,-0.46116829460511555,8.397091838929782e-05,0.6301561991373699,0.1371140480041504,77.00751115865822,28.834807831125637,173.05329257469782,31.02650626796075,72.91960286059992
0.100718325,0,41.52826544000004,0.5089205955334988,-0.4657129772464327,8.974528618691458e-05,0.8087546030680339,0.14197254180908203,76.96830004786433,28.534081865294247,179.93768211016334,31.732037589376212,78.75692129985336
0.12242990499999999,654,38.07264722000002,0.47137871646120383,-0.4601860961965536,0.00014701965174594988,0.6609047651290894,0.12557220458984375,77.27790011195005,28.66680004231187,186.677121458672,31.828479321132235,87.36299284470198
0.11210610250000001,0,42.29390192000005,0.4963832245360226,-0.4792510577009631,8.031308860090292e-05,0.8098287582397461,0.1892242431640625,76.94579972074672,28.53096941844191,165.83934527454744,30.539901298176147,73.80580098193674
0.132383255,4249,41.59149881000002,0.257115098868442,-0.2782306358773377,0.00013992699419169697,0.707304318745931,0.08461403846740723,77.30793115386061,28.631457857645017,159.7763132499275,31.6262551638805,101.98234420185449
0.15066382499999997,4512,46.880884760000015,0.16017422172400106,-0.21348136205970006,8.340164291130814e-05,0.6686423619588217,0.11760425567626953,76.92944426355844,28.689989381954636,110.62470697991012,25.47319803033324,76.36745427446236
0.12970835749999998,7224,48.008831360000045,0.21570609822548142,-0.24787730127496696,9.186525787501725e-05,0.6743142604827881,0.1063375473022461,77.07206232317428,28.668677043662537,117.98715720175505,26.904565975861953,76.3120477121057
0.15234531250000002,3200,41.71625654000002,0.1807072601995196,-0.23934607244732073,0.00014701965174594988,0.6609047651290894,0.12557220458984375,77.2612071736004,28.736278028307723,144.66226728380298,29.704372999620546,100.52020455438381
0.07463826,0,40.704522620000034,0.5558698314573979,-0.49635425430478425,8.719183587195072e-05,0.8373379707336426,0.24370765686035156,76.84692759306851,28.505912340438776,205.3953226301603,32.98302537021702,83.25134561327171
0.09832824500000001,0,37.27283054000003,0.47030666883011524,-0.4150578773741436,0.0001520350962984842,0.547762393951416,0.12106871604919434,77.18302269129508,28.86951277075271,211.25856544564658,33.94213886660743,99.1922622757151
0.11432584750000001,1432,50.449297640000054,0.2726197760193594,-0.30357381782331605,9.330361674741994e-05,0.712843656539917,0.1165914535522461,77.11283496567668,28.552468131360133,111.10014370992542,25.899577971209244,66.44962720708712
0.10720758249999998,0,37.61805056000003,-0.05729432627405847,0.07151805554285516,6.0659547028470396e-05,0.6286576588948568,0.1846785545349121,76.84506879496679,28.796722017269953,193.32147686091866,33.40447197338456,180.1578020946553
0.10711477000000001,0,33.50617250000005,0.5710525745727096,-0.526582504959717,0.0001552692533234929,0.6322150230407715,0.1382284164428711,77.30451007106376,28.825690541777256,226.51889488447176,31.224557894150404,89.1922422722009
0.10576693999999998,202,40.820735300000024,0.5730100516164086,-0.5207485226526593,8.974528618691458e-05,0.8087546030680339,0.14197254180908203,76.98849434472655,28.53301962293146,179.32194542171646,30.001309741195946,68.99374949787888
0.1222385875,385,41.72992862000001,0.36811252212251994,-0.3720488500557379,7.711288683433435e-05,0.7397317886352539,0.15915775299072266,76.85436606306187,28.610576145114635,164.4766363694256,31.709189621513264,90.2420168061753
0.09886710750000002,0,39.02969282000004,0.3954167094851505,-0.35250604265717556,3.897853951489846e-05,0.6287641525268555,0.1431746482849121,76.86812151399958,28.837692172497842,200.7949402634424,34.663281281981355,106.91741788295687
0.1325670375,4513,44.39598422000006,0.23216980246063304,-0.26091469431167275,0.0001456475671880576,0.7663278579711914,0.07316907246907552,77.20185194108971,28.514663109397105,140.9044859193025,29.822807141202215,91.85774643223405
0.1410647025,954,46.012707680000005,0.3191462242356328,-0.3476460981710262,8.974528618691458e-05,0.8087546030680339,0.14197254180908203,76.99593927839334,28.451207373292707,120.71034464783168,26.630391936658963,69.3143582269357
0.1271950225,0,44.28318955999998,0.44978978308591,-0.47243125357632554,8.958636967903999e-05,0.8544745445251465,0.11635112762451172,77.17339619385639,28.448476898571467,140.97614884654934,28.411734139187306,67.27503773636197
0.11622502500000001,0,33.84455648000005,0.5791428323381598,-0.5515664466232899,0.0001581757076809691,0.6417844772338868,0.1521444320678711,77.21272256094869,28.75290573873072,216.91111564683092,30.439101960818345,83.65427829940717
0.09447241499999999,159,35.65610708000003,0.6008640257743283,-0.516482373138038,0.0001552692533234929,0.6322150230407715,0.1382284164428711,77.27157953374257,28.84827465942159,222.19403754070692,31.091161621244705,81.21223487272503
0.10615279250000001,0,38.15809772,0.44463442011015686,-0.4274706035975329,0.00013992699419169697,0.707304318745931,0.08461403846740723,77.28527593665014,28.589398155907315,199.7022469652269,33.60448990044336,98.81602489028101
0.08953437750000003,235,41.442814940000005,0.5786114737247037,-0.5466391513077004,8.958636967903999e-05,0.8544745445251465,0.11635112762451172,77.18193022033567,28.445010540972046,187.9224362414967,30.93697067913529,71.85654530662053
0.15956684000000002,4430,47.342317460000004,0.1597186292533108,-0.20700025778363362,8.340164291130814e-05,0.6686423619588217,0.11760425567626953,76.9268910198356,28.694747738899608,100.2253693517905,23.61830650184906,68.74170676715377
0.09598520375000001,1634,41.09417689999998,0.25454690457901513,-0.26118530708694637,0.00015226489729356117,0.7993351618448893,0.09926128387451172,77.32889466789818,28.42875137737353,192.32064738189274,35.499333936785405,126.3191691480488
0.07706854499999999,0,39.805583360000014,0.5944639718804922,-0.536659209439861,8.958636967903999e-05,0.8544745445251465,0.11635112762451172,77.20900804810564,28.407344406654822,208.7133273137615,31.8647250679571,77.90319273245454
0.1371425425,2840,47.36282558000005,0.2517606868112608,-0.26327435051360726,8.37094887439586e-05,0.5485732555389404,0.15003156661987305,76.90505352313691,28.879971542526643,115.81537211039426,26.307147872553646,70.78249116313943
0.13594373499999998,2157,44.057600240000056,0.25600475323624594,-0.2737167324752577,8.036239547384044e-05,0.675431489944458,0.08529806137084961,77.0012151452355,28.703969122683837,140.0093890895065,29.520813252054072,87.79932250764324
0.07259985000000001,58,37.81629572000003,0.5977982665348148,-0.5402656573090808,8.605784747293756e-05,0.720656156539917,0.1136617660522461,77.03616776852753,28.580021428271152,225.55603706427655,32.36520799653804,83.37052518017788
0.11009667750000002,0,36.35338316000002,0.42902956581169616,-0.41989448115548356,0.00014701965174594988,0.6609047651290894,0.12557220458984375,77.2591438507347,28.660220951539397,208.71931341000482,33.85226797663867,106.56069633417349
0.11613493500000001,4230,40.540457660000015,0.41990955910061545,-0.4163868283881315,9.208205715746468e-05,0.7053788503011068,0.10391569137573242,77.16985357824828,28.642484915492528,176.30134966703497,32.28762694298271,89.49739040991759
0.11884393250000001,0,36.80456179999999,0.44949249998539154,-0.44143180893718403,0.00015456825503671703,0.6664888858795166,0.1231832504272461,77.23547484963098,28.67618714881731,198.35255372103535,32.79462796519651,97.31819826191553
0.14258575500000004,0,41.357364440000026,0.2949532626782662,-0.2804814753464746,0.0001581757076809691,0.6417844772338868,0.1521444320678711,77.15862076060507,28.827734669064547,152.3627952267692,30.366854822633886,91.68600595428316
0.08151078499999999,1122,43.97556775999999,0.5856466966881378,-0.5285010749290823,8.605784747293756e-05,0.720656156539917,0.1136617660522461,77.02244667154439,28.58712208915829,176.5641989905779,30.24714777144007,65.05008052854443
0.08512458750000002,0,38.286273470000026,0.6122137688573077,-0.5942181823755729,8.958636967903999e-05,0.8544745445251465,0.11635112762451172,77.23135065867454,28.420426504194992,212.0999694530857,31.020829790182642,76.27548699801706
0.142057865,5223,46.81936040000005,0.2519238744758307,-0.28640170459589837,8.036239547384044e-05,0.675431489944458,0.08529806137084961,77.01932009127675,28.704528950340688,115.76565136057366,26.19022350158878,71.57120249899452
0.1012090625,939,40.43449903999999,0.48502330675927136,-0.47945290412181923,8.397091838929782e-05,0.6301561991373699,0.1371140480041504,76.95970638224506,28.831430901702365,187.53082871748677,32.62263524838811,84.91874825876872
0.11779046250000001,4372,43.213349300000004,0.4048713958489973,-0.4101149559774184,8.605784747293756e-05,0.720656156539917,0.1136617660522461,76.95050520068283,28.57317354379576,156.9950052629232,30.859196804854665,80.54365112556121
0.11453938500000001,4703,41.61542495000003,0.3744961403693654,-0.3704748363963526,0.00013992699419169697,0.707304318745931,0.08461403846740723,77.3003809587117,28.630992536596523,171.27562007822428,32.48812580453117,92.99615236914345
0.102265695,136,41.40179870000003,0.48993477834444876,-0.467180954450521,8.974528618691458e-05,0.8087546030680339,0.14197254180908203,76.97160843947371,28.52964108058423,179.98806913440433,32.038907143417255,81.66020916229647
0.08639365750000001,0,40.20549170000004,0.6648904467694631,-0.5694339370744514,8.895342588428118e-05,0.6211264928181965,0.1589803695678711,77.07525518601632,28.764234486617855,197.00087029948816,28.427303043154023,60.11250649178796
0.12744703250000003,0,43.08688256000005,0.3052218183554465,-0.3148034582687012,8.340164291130814e-05,0.6686423619588217,0.11760425567626953,76.89093921195148,28.730193863604423,152.40702711962285,30.88186284810185,90.16524198012932
0.10112906500000002,1,41.62738802000001,0.5166542934917099,-0.4631834649381964,8.895342588428118e-05,0.6211264928181965,0.1589803695678711,77.06773569382328,28.815496120507895,178.75681733074873,31.481806913466716,75.74875135259487
0.09611103,761,41.51801138000002,0.5660448902207815,-0.5136042559479829,8.340164291130814e-05,0.6686423619588217,0.11760425567626953,76.857523839978,28.655655523846107,182.4236269766683,30.729899671693357,70.29738876247475
0.07786828625000002,0,37.25574044000001,0.6962110608478329,-0.6323620436579284,8.958636967903999e-05,0.8544745445251465,0.11635112762451172,77.23640809053569,28.41577860160778,222.98235998282314,27.984402363727323,64.34668855062235
0.1205493725,5,41.98628012000006,0.11729328856584136,-0.1287460861786194,3.897853951489846e-05,0.6287641525268555,0.1431746482849121,76.88852772328077,28.847719272829067,169.68519123713884,33.42218428960194,128.03665421865412
0.08129386500000002,0,37.864148,0.6079634071219806,-0.5567906404253429,8.431705107650853e-05,0.7819669246673584,0.12369108200073242,77.13129327724113,28.457856246137325,218.0672006994156,31.477596190436646,78.94115542209974
0.10773467499999999,0,43.51071704000003,0.4020228069468509,-0.3985101422867709,8.605784747293756e-05,0.720656156539917,0.1136617660522461,76.96780807167966,28.58912168222351,163.03839561187374,31.777560629287088,84.21740897303255
0.11211801,1305,39.36807680000004,0.3641574372915857,-0.3733627250726367,0.00014912515112592523,0.7314157485961914,0.06677722930908203,77.30341084813192,28.515641810477366,188.61174515782432,33.78418575485694,105.67639146092345
0.10893752500000001,69,36.332875039999976,0.5596256092157731,-0.4885296853856562,0.0001552692533234929,0.6322150230407715,0.1382284164428711,77.27166053240647,28.844118984230537,207.06280673454643,31.32198477730896,82.40016383759864
0.08636101500000001,0,43.18942316000005,0.4622081146484804,-0.4019872987652832,8.340164291130814e-05,0.6686423619588217,0.11760425567626953,76.87979555336989,28.738482193644657,181.00232182213665,33.14979798550018,84.91213315422135
0.09718636250000001,2301,40.297778240000014,0.4714189460502405,-0.4493919525897322,9.208205715746468e-05,0.7053788503011068,0.10391569137573242,77.19655182672285,28.598651188456504,191.97314748193378,33.26864578408107,89.86935499248222
0.10328619249999998,1355,41.97602605999998,0.4470453233926546,-0.4154431086052411,7.711288683433435e-05,0.7397317886352539,0.15915775299072266,76.87085245685904,28.632272722513537,176.19012272971906,32.43533616966149,85.50456264525562
0.08264263,0,40.89251372000001,0.3699651042488647,-0.3074219730566479,8.37094887439586e-05,0.5485732555389404,0.15003156661987305,76.85104884086273,28.86664241661459,201.81009778234102,35.73804222446918,110.58177203397562
0.10285898000000002,3865,41.20013552,0.5001176572582142,-0.4770769183866346,9.208205715746468e-05,0.7053788503011068,0.10391569137573242,77.18145987398707,28.565088654657284,180.66678915873126,31.86949694191377,79.68445578470686
0.12524739000000001,5099,45.00780980000002,0.2835607885112835,-0.3020856897253766,9.330361674741994e-05,0.712843656539917,0.1165914535522461,77.07315812241555,28.595528549938177,141.29135474763245,29.86847840960783,85.59379724736664
0.105165735,278,42.58443362000003,0.4936891745070389,-0.5111732170211771,8.036239547384044e-05,0.675431489944458,0.08529806137084961,77.01632946289456,28.693558046315562,169.44368394681953,31.11178672594186,74.807161248542
0.08136653375000001,0,38.75112419000004,0.650145233441634,-0.5976957913616873,0.00015226489729356117,0.7993351618448893,0.09926128387451172,77.26405381949347,28.407963079251957,211.1818736951043,29.717160235650642,68.59995544885405
0.11759356249999998,4814,40.88738669000003,0.34105031655247364,-0.34780305656009464,0.00013992699419169697,0.707304318745931,0.08461403846740723,77.33397115068337,28.55570316035088,174.52190323739921,32.883450575929444,99.98113876812297
0.138038575,4396,46.59718910000004,0.17370950627301668,-0.2255432303140111,8.974528618691458e-05,0.8087546030680339,0.14197254180908203,77.01341670599248,28.4846376729834,122.41838873778818,27.478912229962663,84.88908547475226
0.15853399499999998,4904,44.06785430000002,0.24127666798709757,-0.2678739675034537,8.895342588428118e-05,0.6211264928181965,0.1589803695678711,77.14769755743589,28.775649162766914,122.20413661483087,26.69283814826058,77.1128474097027
0.08319727749999999,1685,38.643456560000004,0.6090899088031794,-0.5659431335743711,0.0001456475671880576,0.7663278579711914,0.07316907246907552,77.19233346094289,28.530579665583527,211.3200550432839,31.19521621628783,75.83307218071212
0.10682430124999999,1603,40.75066589000005,0.4747768826357369,-0.4578945743136832,0.00013992699419169697,0.707304318745931,0.08461403846740723,77.3380220781264,28.606403965628022,181.1175020441849,32.1938184046676,83.79001239882383
0.09509130250000003,0,42.5810156,0.5760466028794783,-0.5420508307394261,8.031308860090292e-05,0.8098287582397461,0.1892242431640625,76.89616699193654,28.45940394333759,175.67073360414702,30.053276533195348,66.86915884838905
0.1456928975,5515,46.80568832000006,0.13473309830593078,-0.1815252277186553,8.036239547384044e-05,0.675431489944458,0.08529806137084961,77.04349673705154,28.692765603095616,115.74059544470447,26.417834588634815,82.54976809863571
0.13039115499999998,6147,41.51459336000005,0.24381738747043977,-0.2743450050647467,0.00015456825503671703,0.6664888858795166,0.1231832504272461,77.18970661154707,28.65322676467176,162.1877051495161,31.97167036800745,105.14097420637147
0.14109488375,0,41.93842784000003,0.31192080454343873,-0.3409132115639932,0.00013992699419169697,0.707304318745931,0.08461403846740723,77.28100578547243,28.605138637748727,149.22209638416587,30.033839711096103,87.85298982591708
0.100068665,307,41.29925810000003,0.4975824344948763,-0.4916899807100245,8.605784747293756e-05,0.720656156539917,0.1136617660522461,76.99774285270375,28.582321025000613,182.27755990081653,32.12725320141602,80.9418509390086
0.07305252750000002,0,38.54775200000006,0.6980988747888957,-0.606980789350381,7.711288683433435e-05,0.7397317886352539,0.15915775299072266,76.94124296748014,28.616862122220937,218.17110741536146,28.007901469665583,61.75450749592766
0.15450524499999999,5438,41.20013552,0.1785383162593716,-0.2342501633271998,8.991754130804885e-05,0.5436716079711914,0.14101839065551758,77.14471787996685,28.869167724439137,146.4715119823959,29.801595883806534,101.22283362510474
0.10874937,0,42.198197359999995,0.48598733869004135,-0.41918343381023515,0.0001520350962984842,0.547762393951416,0.12106871604919434,77.16279645529606,28.88078626678461,169.41836508721246,31.12037224394738,75.07477055187711
0.08728575750000002,0,39.97990238,0.6899490073543848,-0.5821643339198025,3.897853951489846e-05,0.6287641525268555,0.1431746482849121,76.90817024843992,28.848662303910938,197.27655268401008,27.27832182355166,56.107051652703156
0.1425014675,7002,46.730491880000045,0.16206551280217427,-0.20441668439270597,8.605784747293756e-05,0.720656156539917,0.1136617660522461,77.04489368594251,28.63182361968936,118.17820184592517,26.791035283124142,82.16320476993327
0.1021141975,0,41.767526840000016,0.4110271092725803,-0.38698412910376506,8.425432941976397e-05,0.550548235575358,0.18518781661987305,76.84139934933553,28.862032560430418,179.36199877879505,33.17403503211387,91.10199226882811
0.12497005250000001,2815,38.899808060000055,0.3851559531117542,-0.396562293690465,0.00014701965174594988,0.6609047651290894,0.12557220458984375,77.26958174427483,28.74030140834531,180.99828674876983,32.54878912835065,97.4135032131337
0.19050456000000002,0,36.069687499999986,0.17032103791389583,-0.22637260231420367,0.00015456825503671703,0.6664888858795166,0.1231832504272461,77.23507855946457,28.73825678084266,151.59986328544494,28.46416212772923,109.08747986905426
0.1282990925,0,41.36420048000002,0.42389358167144303,-0.4373253005508968,8.036239547384044e-05,0.675431489944458,0.08529806137084961,76.95804765506264,28.652479545712985,160.88423984096244,30.606550640704135,80.1634479260713
0.12853450625,4624,42.98605097000001,0.19002789980014564,-0.2273816995750548,0.00014912515112592523,0.7314157485961914,0.06677722930908203,77.28671528125838,28.49908158493302,154.84218343542818,31.583534378589285,107.16860420864252
0.13042729000000003,0,43.13473484000002,0.4235417271257411,-0.46659690448097463,8.031308860090292e-05,0.8098287582397461,0.1892242431640625,76.89156816968631,28.477600595475238,147.00705892293865,29.263504111683897,73.51895370254188
0.1052943525,0,32.367971839999996,0.03719012009970552,-0.04689758650344923,0.00015456825503671703,0.6664888858795166,0.1231832504272461,77.23210358605341,28.735761319014546,245.72622188352915,36.42115566135402,215.17961289451407
0.09770506749999999,66,33.53693468000006,0.5870029152868587,-0.5447752969958786,0.00015186386745350924,0.5615221659342449,0.1089315414428711,77.28971640755175,28.87706176642324,233.53086479449405,31.30209996437834,88.29714937016266
0.13100969875,3965,40.90447678999999,0.3307151213588639,-0.35423121902993626,0.00014912515112592523,0.7314157485961914,0.06677722930908203,77.31872504298421,28.530181136537887,163.90133227269143,31.601103974146458,95.04991171438309
0.08312586000000001,22,38.16835178000002,0.6514115571239525,-0.6109175446879463,8.958636967903999e-05,0.8544745445251465,0.11635112762451172,77.21224216148636,28.44741693334607,213.65069846386484,29.6507511491503,69.67145253770185
0.1116079675,631,43.41159446000006,0.41974851846684824,-0.4200327610265121,8.340164291130814e-05,0.6686423619588217,0.11760425567626953,76.93998957529485,28.668618948816494,160.22534144451413,31.197227149576545,79.95163920985122
0.13062000999999998,3968,41.12493907999999,0.3382200148427242,-0.35257427399299535,0.0001552692533234929,0.6322150230407715,0.1382284164428711,77.26316498907735,28.798965514941834,162.55362823601638,31.456047237461025,92.37228204843974
0.15515611499999998,6018,46.12892036000005,0.2300040221387581,-0.2648822787501711,0.00014701965174594988,0.6609047651290894,0.12557220458984375,77.34073538637381,28.662877339300245,110.71267421492723,25.201198873708037,70.27297071726713
0.12241475250000003,88,42.90572750000001,0.4034949325193354,-0.4318555582770567,8.340164291130814e-05,0.6686423619588217,0.11760425567626953,76.90716719729915,28.669432584271103,155.45804956485154,30.572983922430637,79.55205593608551
0.10822293750000002,4044,39.347568679999995,0.3980740447111408,-0.3768543197910778,0.00015456825503671703,0.6664888858795166,0.1231832504272461,77.16920591024271,28.68881530255469,191.1311576628285,33.74943447309027,101.15287012404536
0.10063340500000001,0,42.34859024000002,0.47773946554434354,-0.448551386481264,8.036239547384044e-05,0.675431489944458,0.08529806137084961,77.01444929004988,28.715019280600334,175.0587772048018,31.972047861100993,79.81604309651874
0.09433277000000001,58,42.167435179999984,0.523994061249654,-0.48095075072137716,8.431705107650853e-05,0.7819669246673584,0.12369108200073242,77.09287735819419,28.53872604451002,180.31161004117928,31.67329567435071,76.35413666924649
0.0749963925,53,38.92715222000004,0.5578631067429358,-0.5339641250077052,8.895342588428118e-05,0.6211264928181965,0.1589803695678711,77.13351971661469,28.847758183190308,217.0799038542716,33.30787536962578,86.46188814987379
0.11131501000000002,4442,44.54637710000003,0.40014807502467914,-0.40453290752224985,8.974528618691458e-05,0.8087546030680339,0.14197254180908203,77.04974717845069,28.45353535244948,152.97664521771537,30.71701050225068,79.35959021263828
0.16424082250000002,0,46.962917240000024,0.2092434586280683,-0.2722892110118662,8.397091838929782e-05,0.6301561991373699,0.1371140480041504,76.99723947428167,28.78629073412835,98.01104665967466,23.041857498445747,63.105502204229516
0.15149251,2446,46.80227030000003,0.24524375743162904,-0.27836334186248507,8.605784747293756e-05,0.720656156539917,0.1136617660522461,76.99378124941514,28.61912611372399,108.4985996565922,24.90038356411474,67.69955544124282
0.12528107750000003,2595,43.16891504,0.41745116857036657,-0.41953010850060274,8.605784747293756e-05,0.720656156539917,0.1136617660522461,77.00849851268019,28.634251889099225,151.0251175692989,29.90142972401536,75.70830336763689
0.174407765,0,31.89970310000001,0.16948821528056174,-0.2512619736277756,8.397091838929782e-05,0.6301561991373699,0.1371140480041504,77.04264134608856,28.84094887559053,190.71235365068134,30.944578851409645,141.24614586282703
0.1544261275,2835,41.95551794000005,0.2091312183539778,-0.2578145458873944,0.00015456825503671703,0.6664888858795166,0.1231832504272461,77.15120834194754,28.673384144188468,140.73874088685648,29.131094864677205,94.24953674400813
0.0734476475,0,37.72742720000002,0.6905839230724158,-0.6181562122212944,8.958636967903999e-05,0.8544745445251465,0.11635112762451172,77.21840665223691,28.41836398088109,223.50228157804304,28.461798977928396,65.55288656475568
0.09455673000000002,0,39.42960116000006,0.5044199741066083,-0.4122897580992956,0.0001581757076809691,0.6417844772338868,0.1521444320678711,77.23588900461138,28.79354229041449,199.2129540521987,33.102353187873035,87.75076498885164
0.11877169000000001,4635,45.12402248000001,0.37700518670950817,-0.391557620275332,8.974528618691458e-05,0.8087546030680339,0.14197254180908203,77.02959866234883,28.50280586024427,143.48073574890157,29.693531003663246,76.70967197924617
0.12264701750000002,2656,41.07366878000005,0.42296083885233465,-0.45560912252894814,0.0001456475671880576,0.7663278579711914,0.07316907246907552,77.18387110642547,28.48009672197891,167.40605347060932,31.354065018708418,84.55092147387762
0.1185325225,1542,40.96087412000003,0.4521762969891468,-0.47237498296770686,8.031308860090292e-05,0.8098287582397461,0.1892242431640625,76.89983583396258,28.526229168833297,170.8196237187509,31.38484396069252,82.73823119810265
0.14186118499999997,5185,42.72457244000003,0.19334623306909685,-0.22904144461515716,9.186525787501725e-05,0.6743142604827881,0.1063375473022461,77.1422826910537,28.656535049564777,145.89795321553459,30.189306164300053,99.70842896221818
0.0964421575,26,39.08779916000003,0.30399886620469485,-0.26881064878321403,8.340164291130814e-05,0.6686423619588217,0.11760425567626953,76.85921850859505,28.746350933153963,204.31823577804357,35.746053061844144,125.2917921520152
0.11146150249999998,0,41.51117534000002,0.42052065471551064,-0.3978928766467655,3.897853951489846e-05,0.6287641525268555,0.1431746482849121,76.9146267967227,28.75049444649988,173.42580398126654,32.2741994568956,87.06902874263976
0.138411365,4840,42.203324390000034,0.2782177366876618,-0.29474240587009914,0.00013992699419169697,0.707304318745931,0.08461403846740723,77.31103386442486,28.58561606729465,150.31372629903433,30.424048594687022,92.69848792464471
0.16685725500000004,1298,45.02148188000001,0.24432519612918638,-0.296134980140829,8.974528618691458e-05,0.8087546030680339,0.14197254180908203,77.01965146130762,28.50421517534721,108.81939804664603,24.580129880408876,68.88454482780496
0.12248259500000001,4334,43.35007010000004,0.3046037659084841,-0.3187125296389352,8.605784747293756e-05,0.720656156539917,0.1136617660522461,77.04318969882026,28.59686747248599,154.57395818109546,31.270354220767373,92.00050217819536
0.0801504425,209,33.12677228000001,0.6606917546213775,-0.5898255256598709,0.0001552692533234929,0.6322150230407715,0.1382284164428711,77.31996275188855,28.83815982775067,248.71093959362952,29.43604351512956,79.21669034859985
0.15349690249999998,0,46.327165519999994,0.18911339822318934,-0.24438193696079677,8.340164291130814e-05,0.6686423619588217,0.11760425567626953,76.92405021306053,28.65880359452545,111.60117325856481,25.48731619903835,74.56927669273912
0.15578919249999998,585,46.159682540000006,0.22195253647310462,-0.29983047822983594,8.296685417903404e-05,0.9189741611480713,0.16247224807739258,76.94092009494605,28.41478435590397,110.17820069473794,25.129200826002617,72.34751641861763
0.07499378,56,40.215745760000004,0.6796260109645552,-0.5707188314943245,8.036239547384044e-05,0.675431489944458,0.08529806137084961,76.99186805220896,28.66607246675361,205.72861977250295,28.49762520666545,60.645775159872954
0.1239351725,201,44.061018260000026,0.3840301692380739,-0.4064042413957564,8.296685417903404e-05,0.9189741611480713,0.16247224807739258,76.92652153614199,28.41012707094957,146.65258143282335,29.830743482884433,78.67410321435422
0.1539026375,0,46.83303248000004,0.18360001609870813,-0.2444385337073218,8.397091838929782e-05,0.6301561991373699,0.1371140480041504,76.98002893999882,28.776645835331934,107.81681686154423,24.910550840243314,72.04966459387929
0.119927075,3905,42.36568034000004,0.4806015100495681,-0.48222128002596265,8.605784747293756e-05,0.720656156539917,0.1136617660522461,77.01643087287843,28.57600941586732,159.4415382478984,30.00762354270716,72.13247969818015
0.13712684,365,42.902309479999985,0.3254607476192733,-0.35008686420229707,9.208205715746468e-05,0.7053788503011068,0.10391569137573242,77.15447071357374,28.633948505856356,145.47791539537047,29.719990169289783,83.65053972219376
0.09014193500000002,0,38.81093954000005,0.08391717266075031,-0.06354010521592168,6.0659547028470396e-05,0.6286576588948568,0.1846785545349121,76.83977189183072,28.76434966809091,215.92253335180186,37.43276097086486,174.22505236614532
0.09885553000000001,0,40.42766300000005,0.47209786317547126,-0.4530482088152922,8.031308860090292e-05,0.8098287582397461,0.1892242431640625,76.9114559527701,28.497071738131115,189.74344459674592,33.06867590923235,89.58736851320096
0.1395930675,5643,46.357927700000005,0.2664412657130473,-0.2978783894239312,8.036239547384044e-05,0.675431489944458,0.08529806137084961,76.97480248067613,28.687844171337463,120.67866169613819,26.904196020396366,73.47221261798607
0.1299416125,0,33.75226994000002,0.46550234047548866,-0.5079289198677914,0.00015186386745350924,0.5615221659342449,0.1089315414428711,77.32001472949837,28.872368362011223,208.81344042594554,32.014909917725014,99.9036202697944
0.12989494499999998,0,41.80854308000005,0.21271403371486924,-0.2712282677455457,8.397091838929782e-05,0.6301561991373699,0.1371140480041504,76.99750025916583,28.776347500364505,161.28253178184445,32.040451094410415,108.3123731792704
0.18711403,309,45.80420846000004,0.25099652994038624,-0.3265949743006692,0.00014701965174594988,0.6609047651290894,0.12557220458984375,77.33650325323967,28.712562357145337,86.94921180743484,20.568255758855063,53.064342815171074
0.1376582225,1494,44.41649233999999,0.29401027074800845,-0.32689266272960443,8.036239547384044e-05,0.675431489944458,0.08529806137084961,76.9785122451485,28.664673149632907,135.26221204728802,28.737968246303826,80.32495131239494
0.1040378225,974,39.06387302000002,0.4547651591687962,-0.38065575414233066,0.0001520350962984842,0.547762393951416,0.12106871604919434,77.1670549754473,28.864614613470614,195.15157270886743,33.37766469228763,93.15290356615968
0.10891038250000001,0,39.69962473999999,0.5613041645096041,-0.5266195610199034,8.974528618691458e-05,0.8087546030680339,0.14197254180908203,76.99848294134134,28.53628497108039,184.67721101502104,30.48394911245614,73.19833009256259
0.13830334500000002,5544,42.43404074,0.19494255143220326,-0.24523351745513233,8.895342588428118e-05,0.6211264928181965,0.1589803695678711,77.07846541975198,28.796067008290038,150.69452931359785,30.800238939918696,102.71028282254817
0.09892290500000003,107,41.05316066,0.47013500164636146,-0.4608226779567852,8.605784747293756e-05,0.720656156539917,0.1136617660522461,76.99833350932639,28.57084323064002,185.48209011539836,32.85752845371865,86.77043099505197
0.1368823925,4171,40.83782540000004,0.2453324037891158,-0.2690651427431868,9.186525787501725e-05,0.6743142604827881,0.1063375473022461,77.14130511332549,28.698344280663488,161.53624800053012,31.637165581175598,104.72266307900377
0.11963832499999999,3278,40.48918736000002,0.45515266095343765,-0.4604267502897266,9.186525787501725e-05,0.6743142604827881,0.1063375473022461,77.12471122909632,28.712800449004266,173.0721062205315,31.451741049233668,82.4288869939745
0.1264580225,1520,40.23967190000002,0.350204408915023,-0.360110633819192,9.186525787501725e-05,0.6743142604827881,0.1063375473022461,77.12740478791018,28.70156419708703,171.6006914088805,32.219327327564734,96.75209160981935
0.1033307425,3897,46.83303248000004,0.4859972419250665,-0.4878065831634141,8.296685417903404e-05,0.9189741611480713,0.16247224807739258,76.8815085959538,28.406235688024076,141.08433680047995,28.511565175469677,63.262614032374884
0.121257415,5706,42.39986054000002,0.43502108732225575,-0.43821133047309424,0.0001456475671880576,0.7663278579711914,0.07316907246907552,77.21950743118695,28.519834381823937,159.16615990328864,30.58775965952841,78.23632105404812
0.08267362250000002,375,38.52040784000002,0.6743578307273835,-0.5827083518897895,9.330361674741994e-05,0.712843656539917,0.1165914535522461,77.14194975262451,28.617765347880837,211.16593874989087,28.613278381210716,63.74078188999295
0.10426062750000001,0,42.427204700000004,0.5141724224576972,-0.47238379022646015,8.036239547384044e-05,0.675431489944458,0.08529806137084961,76.9832142160504,28.690964818020692,170.79463702575765,30.857810932623522,72.61357367138704
0.1501560925,7695,41.82563318000001,0.13950016149378702,-0.19283472402970214,0.00015456825503671703,0.6664888858795166,0.1231832504272461,77.20076457772433,28.74067961511251,146.59187491410432,30.100579938749238,107.03482651236193
0.12276136250000001,1021,44.061018260000026,0.40914129738461963,-0.4223014382583467,8.296685417903404e-05,0.9189741611480713,0.16247224807739258,76.94387843301179,28.420453016822094,147.0149926649293,29.66194274547581,75.80997309453942
0.13017874499999998,41,43.05612038000004,0.38687390193690246,-0.4162594109100515,8.031308860090292e-05,0.8098287582397461,0.1892242431640625,76.8608075708058,28.460472557509444,148.5825722243361,29.803843567245583,78.88288267802686
0.1303463575,0,42.64937600000002,0.4383905504053494,-0.46198793030898627,8.397091838929782e-05,0.6301561991373699,0.1371140480041504,76.96163484280055,28.811498911590522,150.0968693450119,29.396507301481254,72.15801866489937
0.11941134,1401,43.4184305,0.3459471446088024,-0.3524481115691376,0.00013992699419169697,0.707304318745931,0.08461403846740723,77.25734757192654,28.599254064154934,155.61613093885808,31.201347622558874,87.17048958666618
0.0700171325,0,36.97888082000003,0.7297894686262262,-0.6062031512926418,9.208205715746468e-05,0.7053788503011068,0.10391569137573242,77.18493043013311,28.626708986510693,230.39272594679642,26.562321522559678,59.004077396143884
0.09810087500000003,3293,42.20161538000002,0.46696744235132703,-0.4546191830995127,0.0001456475671880576,0.7663278579711914,0.07316907246907552,77.23247901772854,28.51944369723775,178.34020382382903,32.476076178758966,83.73565065453663
0.11809318249999999,4633,42.50240114000002,0.2896242502452547,-0.31865705302984404,0.0001456475671880576,0.7663278579711914,0.07316907246907552,77.23814508070741,28.510481518276922,164.263981556638,32.406281954660294,100.87923632341655
0.07984665000000002,0,37.94276246000004,0.4470253861492218,-0.47049350138742924,0.0001520350962984842,0.547762393951416,0.12106871604919434,77.15486131595736,28.883203625029232,222.12085618777314,35.5574979521884,108.95216493813074
0.1349593175,0,45.35302982000002,0.366306909680378,-0.39452701930455697,8.974528618691458e-05,0.8087546030680339,0.14197254180908203,76.96830560252806,28.450447556905328,129.16251716707256,27.614363829866228,69.6343085687436
0.09852514500000002,0,35.82700808000004,0.5506280157648532,-0.512430542249473,0.0001552692533234929,0.6322150230407715,0.1382284164428711,77.30125845688856,28.81042832492452,218.87754381354995,32.31636262252214,89.26077278055841
0.124919205,1722,40.36955666000006,0.41627413901782123,-0.3715766633184791,8.895342588428118e-05,0.6211264928181965,0.1589803695678711,77.11179783251828,28.750639502243,170.5093672487593,31.5629327679398,86.30677568251508
0.1344098125,0,40.83782540000004,0.3404688333056245,-0.3819512166291364,7.711288683433435e-05,0.7397317886352539,0.15915775299072266,76.92147039451281,28.551325317834337,161.41710579287223,31.189650880286088,92.38794702526978
0.13701054250000003,4673,43.532934169999976,0.3449353934064391,-0.3565989210704257,0.00014701965174594988,0.6609047651290894,0.12557220458984375,77.29546905067093,28.692727254596612,140.76532777056013,29.089849351203846,78.07597455526378
0.12079461749999999,1250,39.456945320000045,0.4129888810908944,-0.4086748353446632,0.00015456825503671703,0.6664888858795166,0.1231832504272461,77.15091721644654,28.704420259267508,180.0191665287349,32.39015743882885,92.53347574141277
0.1465082175,214,50.67830498000001,0.3234613272287722,-0.39930644119674175,8.508044841351844e-05,0.9663112958272297,0.19684696197509766,76.84149609057553,28.41742979890946,82.3932441452522,20.17527162876885,46.24388317073002
0.159761925,6221,47.36966161999999,0.1543395969807558,-0.19201128204528034,8.605784747293756e-05,0.720656156539917,0.1136617660522461,77.04684069993837,28.61768140011829,100.00278013271566,23.588225922388915,69.33526385853105
0.13588826750000002,3717,39.80216533999999,0.18253538405319505,-0.22884344146685476,9.186525787501725e-05,0.6743142604827881,0.1063375473022461,77.0885516788431,28.6914608885878,170.64210682689384,32.60358415484921,120.54471031261134
0.13129648250000003,0,42.37935242000003,0.366910026383777,-0.3978639382516604,8.031308860090292e-05,0.8098287582397461,0.1892242431640625,76.87160288505574,28.47206715873783,152.80742643534666,30.351453039280234,83.97300761546174
0.1320790225,6142,38.92373420000001,0.2078192190143717,-0.2360993237878829,0.00013992699419169697,0.707304318745931,0.08461403846740723,77.27481257884182,28.631222988028576,178.96669904723535,33.21867785184372,123.68345846569986
0.1370089475,0,33.95051510000002,0.4130520070295747,-0.40797463880648166,0.00015456825503671703,0.6664888858795166,0.1231832504272461,77.22448315427042,28.740772496300025,202.957496124042,32.22378419754,107.00393467224698
0.10817085250000001,1039,40.48918736000002,0.5373682287127878,-0.487062355206056,8.991754130804885e-05,0.5436716079711914,0.14101839065551758,77.09887576994156,28.875121466989572,180.44174416573048,30.86413742488616,73.08602279826411
0.13721225500000003,4247,40.17472952000003,0.27561685677468617,-0.31755078902451794,0.00014701965174594988,0.6609047651290894,0.12557220458984375,77.2842783379316,28.740093555818905,165.06457152678888,31.752180531766566,103.06573635110793
0.105500025,2106,41.66498624000002,0.5577600264694066,-0.5011729069873371,9.186525787501725e-05,0.6743142604827881,0.1063375473022461,77.1015789425695,28.67634530904325,174.08611281830622,30.073922021868384,68.03558826084581
0.09882484,2884,42.59126966000002,0.49827522410150515,-0.4893776066540499,8.974528618691458e-05,0.8087546030680339,0.14197254180908203,77.02795595189976,28.506390495245206,174.36570239931405,31.618668503834392,77.50057173836578
0.08833247625,0,39.38003987000002,0.5986429303294547,-0.5665837529575927,0.00015226489729356117,0.7993351618448893,0.09926128387451172,77.25582103189268,28.430742812890355,202.4865712674963,31.043383797277123,74.35240158777019
0.0819701725,0,37.44031352000002,0.6109504452578857,-0.5024362641853447,0.0001581757076809691,0.6417844772338868,0.1521444320678711,77.24964898687072,28.83462839524095,220.27496666150978,31.37978723480511,78.33675284703821
0.115643015,6,45.045408020000025,0.45283626219032413,-0.44941481516722975,8.036239547384044e-05,0.675431489944458,0.08529806137084961,77.0032051611613,28.676206780551606,144.77518445854798,29.11113109957176,67.59574260107058
0.0854603625,0,38.69301785000005,0.6122330927290561,-0.5741811116192979,8.958636967903999e-05,0.8544745445251465,0.11635112762451172,77.2331010815875,28.408392394129606,209.1101160503415,30.925172213965595,75.05263239322832
0.13041397999999998,0,43.490208919999986,0.3160451250166973,-0.3486522810423356,8.605784747293756e-05,0.720656156539917,0.1136617660522461,76.99420478921218,28.645353106066544,146.9977851966696,30.16503382138625,85.73815756796701
0.10338236,2231,40.68059648000002,0.5068841716337272,-0.49731576942170697,0.0001456475671880576,0.7663278579711914,0.07316907246907552,77.17621592750069,28.469083718856346,183.64081899740017,31.89730907164381,80.58741629121687
0.11523222,2735,45.161620700000014,0.30611926724697924,-0.34474778956379837,8.431705107650853e-05,0.7819669246673584,0.12369108200073242,77.07119993267092,28.491907940321042,147.69743064940587,30.767742037941826,87.55864858917052
0.11384660500000002,0,42.04096844000003,0.305249180239018,-0.31297918015470055,3.897853951489846e-05,0.6287641525268555,0.1431746482849121,76.89523216432606,28.75591239399104,170.46950812055115,32.98808601072409,101.67472432929893
0.09757304000000003,1325,41.183045419999985,0.5559420633978391,-0.5095167615943239,8.974528618691458e-05,0.8087546030680339,0.14197254180908203,77.01892256412876,28.497258151592753,183.7762955791767,31.02096013629063,73.40206713949456
0.09561328,294,43.322725940000055,0.4915384299162751,-0.44969267548795683,8.605784747293756e-05,0.720656156539917,0.1136617660522461,77.01359838104614,28.56778048608609,172.0057407114508,31.667521631668667,76.56251446939508
0.08507946000000002,3,38.91006212000002,0.5625303288581417,-0.5846530468030335,8.4618303012062e-05,0.5411269664764404,0.13683176040649414,77.04194239813364,28.854843803717678,209.02760491776098,32.49166508818109,81.53973135381068
0.08312729,0,36.43883366,0.5393448397323001,-0.49463733617882844,8.4618303012062e-05,0.5411269664764404,0.13683176040649414,77.02821694067335,28.883513279869522,227.44050795995145,33.55685125173416,94.29861956869587
0.1163628,0,39.28604432000003,0.4245826792412132,-0.4381370028731287,8.4618303012062e-05,0.5411269664764404,0.13683176040649414,76.97895058143574,28.873459663733854,184.45756447387703,32.701339778572965,92.19717986880303
0.1192961975,277,41.7436007,0.443395830711799,-0.39494104838896477,0.0001581757076809691,0.6417844772338868,0.1521444320678711,77.16878317620659,28.831162899607406,165.05835619200923,31.042894480791386,79.513547520126
0.12176195750000002,0,41.69574842000003,0.40292833933682726,-0.4024016337025092,8.340164291130814e-05,0.6686423619588217,0.11760425567626953,76.92477894239626,28.74209367927534,164.3154763592246,31.3760637599629,84.76312856341505
0.133146765,4146,44.748040280000055,0.30120660553806855,-0.3367583653575781,8.031308860090292e-05,0.8098287582397461,0.1892242431640625,76.87198839557449,28.462745999210235,136.38494387909304,28.96882771862123,81.30411644103019
0.1443952,5328,43.162079000000006,0.24005367484344836,-0.27132961648927184,0.0001581757076809691,0.6417844772338868,0.1521444320678711,77.1652766317343,28.77906727974076,139.8089224177894,29.283229167650266,89.53357685565351
0.134927885,5607,41.55219158,0.18593673210729153,-0.2293079872375795,8.895342588428118e-05,0.6211264928181965,0.1589803695678711,77.14954273444015,28.76299889012303,159.59087518670185,31.78304006142795,110.71441983019221
0.151351765,7462,41.145447200000035,0.10350235232618928,-0.161579085107668,0.00014701965174594988,0.6609047651290894,0.12557220458984375,77.28019508151812,28.7131219881672,151.02356845031636,30.56912732869026,115.25172346835367
0.1112264325,0,43.02194018,0.40271292246766144,-0.401191701224359,8.031308860090292e-05,0.8098287582397461,0.1892242431640625,76.87262728929046,28.524857310101133,163.6220382976761,31.70456510772519,85.34532582582511
0.11976466000000001,0,35.909040559999994,0.449019982682425,-0.4413534675615213,0.0001581757076809691,0.6417844772338868,0.1521444320678711,77.22591709820388,28.775938376087588,203.45478455425786,32.87326394795066,100.186129283691
0.10942144250000001,18,37.23865034000005,0.5494000076746391,-0.5265707788946081,0.0001552692533234929,0.6322150230407715,0.1382284164428711,77.29594848716837,28.820629369809467,200.94365693036008,31.414122136894374,81.33358525147345
0.11466907499999998,0,42.47163896000001,0.3616857476345395,-0.38331998309670834,7.711288683433435e-05,0.7397317886352539,0.15915775299072266,76.90534122943593,28.606617311135835,165.5923729539477,32.144877027757374,91.6267770649416
0.13954915,4412,44.69335196000003,0.20875166850443974,-0.25714492657399646,8.617081325312803e-05,0.9222345352172852,0.10440381368001302,76.99306846567431,28.414371647563595,133.7863479426967,28.842461865580525,90.74351917103277
0.07630355000000001,0,41.473577120000016,0.5279636930411662,-0.4927113267400634,8.036239547384044e-05,0.675431489944458,0.08529806137084961,77.01674802431776,28.74496728216439,199.42123719144593,33.34998875072697,83.72853309656527
0.123936575,2653,47.667029360000015,0.2406583934215387,-0.2732353230268055,9.330361674741994e-05,0.712843656539917,0.1165914535522461,77.06555734198977,28.625561131360154,124.46282106949786,27.893669807709887,78.62563976869515
0.09992852499999999,0,42.310992020000015,0.2803491098016855,-0.27214781472796246,3.897853951489846e-05,0.6287641525268555,0.1431746482849121,76.88429346267628,28.763043310032508,180.31570788728504,34.42349270276363,111.76193318988115
0.1064484725,1895,41.68207633999998,0.5207159670577699,-0.5001462468288316,0.00014701965174594988,0.6609047651290894,0.12557220458984375,77.30238722094455,28.68088951278077,174.03518319313412,30.882190116214016,73.22659683105509
0.09601119125000002,1434,42.59981471000003,0.5510409761569818,-0.5116877346024769,0.00014912515112592523,0.7314157485961914,0.06677722930908203,77.30006978721372,28.472053182431722,175.36794158747296,30.651514895555962,69.74364591518645
0.0804459575,0,37.31726480000003,0.049965792218571,0.013789834079536522,3.897853951489846e-05,0.6287641525268555,0.1431746482849121,76.90687868988871,28.816870757748607,234.1297140529491,38.401856260912815,197.93919781067385
0.12106232999999998,3657,42.93990770000005,0.32895717554756465,-0.3380994700635267,9.208205715746468e-05,0.7053788503011068,0.10391569137573242,77.21128814568824,28.623122517102257,157.99106450015313,31.491705868876892,90.9388267129768
0.11868663250000001,0,38.000868800000035,0.5418704852959101,-0.4872481711899151,0.0001581757076809691,0.6417844772338868,0.1521444320678711,77.23836054913662,28.754625332499216,188.6484996443338,30.704075931905052,77.13159947559005
0.15620944750000001,6713,42.76217066000004,0.13449968474334564,-0.19434243176178662,0.00015456825503671703,0.6664888858795166,0.1231832504272461,77.1651573310391,28.745305612759378,135.49122261284367,28.705063241926723,98.6877030053113
0.07605771374999999,0,31.686076850000006,0.1314461068110132,-0.10584352596193533,0.00013992699419169697,0.707304318745931,0.08461403846740723,77.30906142250097,28.557726877779427,271.45193723258683,37.514774519249336,217.66101059646496
0.09209836750000001,0,40.40373685999998,0.4978072221703834,-0.3945295009990712,8.397091838929782e-05,0.6301561991373699,0.1371140480041504,76.99900563157237,28.838758318144873,194.74765630686386,33.140829003342965,86.39165369266313
0.1484124275,0,42.89205542000002,0.2923495048915309,-0.3325034470054315,8.605784747293756e-05,0.720656156539917,0.1136617660522461,77.03311968203998,28.568603544124983,137.26934747114126,28.633298028980928,82.48497971277915
0.10059556499999998,0,36.68493110000003,0.5179274743483526,-0.46523287789213374,0.0001552692533234929,0.6322150230407715,0.1382284164428711,77.28729097523271,28.845059183306425,212.30251464132584,32.8973506566544,92.08326017184163
0.11479326500000002,0,43.06295641999998,0.4899076056467032,-0.4843927339093734,8.974528618691458e-05,0.8087546030680339,0.14197254180908203,76.97632856516766,28.549363564850776,158.50726204365458,29.944720397379992,70.96358765033162
0.10888340499999999,5296,44.66600779999999,0.34710171551309954,-0.35531796920539693,9.186525787501725e-05,0.6743142604827881,0.1063375473022461,77.12049701769962,28.68788281825965,155.30846704739236,31.495551092970555,86.35557316868498
0.07622778750000002,153,38.25380228000006,0.6707833980994676,-0.604613966091489,8.958636967903999e-05,0.8544745445251465,0.11635112762451172,77.16155073201784,28.429738948306138,218.18501857519414,29.19759863629827,67.58320848874176
0.12203750750000003,0,40.820735300000024,0.432102544914423,-0.41812955779238636,8.37094887439586e-05,0.5485732555389404,0.15003156661987305,76.94298646244553,28.879414094862597,169.41100806334316,31.41288430051633,82.8257703183775
0.11443529750000003,0,35.91929462000002,0.43463970309193467,-0.4242602265616021,0.00015456825503671703,0.6664888858795166,0.1231832504272461,77.23841294385547,28.680736455031766,207.94941787656325,33.495043390606064,105.31446200823294
0.09875534750000001,5026,41.98628012000006,0.5167345187074931,-0.499431359492761,8.431705107650853e-05,0.7819669246673584,0.12369108200073242,77.1009065536406,28.465230328324058,178.18551408331962,31.528037969978215,76.48555291164624
0.1591642675,4992,42.13325498000006,0.15870890971292578,-0.20083364677301016,9.186525787501725e-05,0.6743142604827881,0.1063375473022461,77.11956021601529,28.65483467006391,136.86847797984342,28.68779281828642,97.22431879210716
0.11835963000000001,4830,45.22998110000003,0.306242307486488,-0.3215085708098451,9.330361674741994e-05,0.712843656539917,0.1165914535522461,77.1043818817637,28.64331011765629,144.7113190290861,30.341067452930062,85.07647143106495
0.10649098750000001,2088,44.146468760000005,0.42902136942449065,-0.42952881474116456,9.208205715746468e-05,0.7053788503011068,0.10391569137573242,77.1782606766662,28.586144506480842,158.97626149739074,31.130874979005224,78.20161129176763
0.19723513,3144,42.17085320000001,0.14843011115168875,-0.18059519741243618,0.00014912515112592523,0.7314157485961914,0.06677722930908203,77.28634977588926,28.532760212559413,106.38662123267238,23.585252451215908,75.68989868833498
0.13365248999999998,1343,42.66304808000001,0.2956996111659219,-0.3277391883533945,8.617081325312803e-05,0.9222345352172852,0.10440381368001302,76.98925208363057,28.440825780092634,150.57675603646658,30.53451397998472,92.39270770214728
0.08975740250000001,0,36.514030100000014,0.585931155894149,-0.5341496468105011,0.0001581757076809691,0.6417844772338868,0.1521444320678711,77.23139060838284,28.82670284063824,220.67302229213004,31.816102724028276,83.3576041384989
0.14671364250000002,7103,41.21722562000002,0.13299207973198893,-0.1721940990262993,0.00014701965174594988,0.6609047651290894,0.12557220458984375,77.2793340945033,28.687331326803154,153.59843599071007,30.921281917143542,113.51734224289874
0.10499045000000003,0,40.51311350000003,0.6399038461538461,-0.5881697368355878,8.036239547384044e-05,0.675431489944458,0.08529806137084961,77.00696863531877,28.656897587611834,180.57242036491732,27.980941953576135,58.68841648238325
0.11223153,4698,41.92475576000004,0.4191384313873289,-0.4112399977512508,9.186525787501725e-05,0.6743142604827881,0.1063375473022461,77.1314434194074,28.72180175951281,170.0097101895375,32.00629164123627,85.63304350018205
0.08303266250000002,0,41.309512160000054,0.5299951602695357,-0.4795832403280506,8.397091838929782e-05,0.6301561991373699,0.1371140480041504,77.0232097917883,28.79354069315624,195.11741031781912,32.83002032350463,81.19489528475525
0.1292638475,53,45.46582448000004,0.4466394199973926,-0.42609832694435457,9.208205715746468e-05,0.7053788503011068,0.10391569137573242,77.15674168725236,28.62968846160033,131.04352742842252,27.234333084173798,61.539622057948925
0.16675298875000005,2258,45.15136663999999,0.18997817950918694,-0.2393877573896181,0.00014701965174594988,0.6609047651290894,0.12557220458984375,77.30008694750754,28.656667508677,109.25683858353705,24.801364704419065,73.01296387106989
0.08663332,0,40.082442979999996,0.5998653814404187,-0.5517411280686844,8.397091838929782e-05,0.6301561991373699,0.1371140480041504,76.95402097238397,28.846924279693695,199.06691211838563,30.93922620966307,71.61219453721358
0.16601902749999997,84,47.12014615999999,0.17772541507719275,-0.24747099206280584,8.397091838929782e-05,0.6301561991373699,0.1371140480041504,76.99124271070438,28.76853174265336,96.21871114096109,22.776306945848127,64.28436716512958
0.1122674725,0,40.03800871999999,0.4153222517146389,-0.4199287360084611,8.4618303012062e-05,0.5411269664764404,0.13683176040649414,76.9983677406252,28.87459008037875,182.88799870658772,32.92001633134519,92.57704344921619
0.0854510675,221,37.13610974000005,0.547248533293726,-0.5290797365910288,0.0001552692533234929,0.6322150230407715,0.1382284164428711,77.28416363971796,28.846651836093148,220.8407981585044,33.155331968367236,90.47401755463238
0.108380485,0,40.06193486000001,0.45588151067022537,-0.44577093488189556,8.031308860090292e-05,0.8098287582397461,0.1892242431640625,76.91080285378274,28.539512604615005,184.9511461013219,32.65529014221582,89.75855817313264
0.091403745,0,38.81093954000005,0.5983115028865852,-0.54779137711304,7.711288683433435e-05,0.7397317886352539,0.15915775299072266,76.93126390110987,28.645426803847148,203.86364957819274,30.969883604764536,74.70439790348603
0.09211992750000002,0,41.326602260000016,0.4067687126672038,-0.3622856339612033,8.37094887439586e-05,0.5485732555389404,0.15003156661987305,76.85481390561075,28.852125964695173,190.46391566377395,34.32992153538926,97.89125516917139
0.1536335775,0,42.898891460000016,0.21706567408284702,-0.27653885740650913,8.036239547384044e-05,0.675431489944458,0.08529806137084961,76.96720612433793,28.715294505320397,134.74893596078414,28.475989557497943,88.86928452195514
0.12728624,4750,42.13325498000006,0.34431651712140626,-0.3715109728117137,8.431705107650853e-05,0.7819669246673584,0.12369108200073242,77.0984615076785,28.47406517100125,158.21138737402362,31.174054474129676,89.89075730886175
0.0705152675,0,36.15171998000005,0.7233719761613653,-0.6413151493351704,8.958636967903999e-05,0.8544745445251465,0.11635112762451172,77.21784465631069,28.430470114704654,235.58487416780304,26.931235517899417,62.696936211658965
0.1471144825,5542,44.27977154000001,0.1490821753302454,-0.19034799607706335,0.00014701965174594988,0.6609047651290894,0.12557220458984375,77.29009688049965,28.68090122771965,131.98891772951197,28.55756956106835,93.93236649146873
0.13038084249999998,150,40.52849459000004,0.2771679680132776,-0.2998653131868308,0.00014912515112592523,0.7314157485961914,0.06677722930908203,77.34185652326474,28.545381875803542,168.1198313994115,32.278004598152265,105.40252490067111
0.14125020375,3903,47.00222446999999,0.15474306097425045,-0.21296020607865124,0.00014701965174594988,0.6609047651290894,0.12557220458984375,77.31254605126259,28.709214876822035,117.42181224921853,26.72633521106399,81.81818316006243
0.0797274925,33,34.99301120000001,0.5987146661580109,-0.5118462040114057,0.00015456825503671703,0.6664888858795166,0.1231832504272461,77.21512043632026,28.684225626302595,238.33376589294267,32.00216643271002,88.40969156160254
0.09072039750000001,469,40.93352995999999,0.5429314543150408,-0.509117811206147,0.0001456475671880576,0.7663278579711914,0.07316907246907552,77.15827702480956,28.54534929853774,191.25230222817765,32.02363169222503,78.38099422451974
0.08629223750000001,7,40.742120839999984,0.2894811211687832,-0.25657395121381305,3.897853951489846e-05,0.6287641525268555,0.1431746482849121,76.86054675083531,28.797260494284387,201.68095280988712,36.22027708814959,125.14408730746527
0.116267925,5281,39.867107720000035,0.36880038438951473,-0.3450055410199411,9.208205715746468e-05,0.7053788503011068,0.10391569137573242,77.24501321675021,28.623211160400963,181.85055652929032,33.17455049008089,100.53525827142663
0.12221711000000002,174,47.31497330000002,0.3488082333445471,-0.35577639595974786,8.605784747293756e-05,0.720656156539917,0.1136617660522461,76.95989326236882,28.60072205184426,125.77731360004111,27.590487731475314,68.60317482779534
0.09943844749999999,0,41.733346640000036,0.3987470153666514,-0.37108939367259486,8.340164291130814e-05,0.6686423619588217,0.11760425567626953,76.8705005990515,28.69478470969924,182.0103496156337,33.60022806839324,95.29004456718432
0.11445135750000002,0,36.3943994,0.3901612848917472,-0.38268429583785446,0.0001520350962984842,0.547762393951416,0.12106871604919434,77.20134147492978,28.881367769040427,205.7781112869751,34.01140647133736,110.62627664657789
0.16403820249999998,40,45.31884962000004,0.26870962017180766,-0.32571520218119127,8.036239547384044e-05,0.675431489944458,0.08529806137084961,76.96876602342695,28.67516892270106,108.41791276765377,24.509218997711866,65.53909630591848
0.1156592675,47,42.461384899999985,0.47464867965934593,-0.4643311467793497,8.974528618691458e-05,0.8087546030680339,0.14197254180908203,77.00483726131412,28.49908359631327,162.3286553143946,30.49530266629785,74.94581568262451
0.10322891,0,41.620551980000016,0.4555134879318505,-0.434356781966576,8.974528618691458e-05,0.8087546030680339,0.14197254180908203,76.96510188873042,28.527619941342103,178.48516798077765,32.47311345949895,86.02963963453418
0.10824821,3054,40.97454620000002,0.48656297651723096,-0.442620039776494,8.895342588428118e-05,0.6211264928181965,0.1589803695678711,77.1029333267546,28.779248536706213,178.19468591425107,31.74900845132196,80.01147755001533
0.1119468225,0,42.18452528,0.4014258003754732,-0.3977816347224556,8.409465144421091e-05,0.7554222742716472,0.2055816650390625,76.84522204289168,28.56616389554998,168.8509441183271,32.128713704897514,88.24549775664791
0.073746215,0,36.84557804000002,0.6800766823602379,-0.5662949845917301,9.208205715746468e-05,0.7053788503011068,0.10391569137573242,77.17958662164527,28.626176303140923,229.33312060421412,29.023075625666046,68.6529825842951
0.09980485750000001,752,39.43985522000003,0.5431049457032818,-0.5134884267418636,8.974528618691458e-05,0.8087546030680339,0.14197254180908203,76.99641343216756,28.50562169329605,194.10784740770805,31.782810500296527,80.25539436318665
0.09821750250000001,770,40.99163629999998,0.31606342862668,-0.31869320727754213,0.00013992699419169697,0.707304318745931,0.08461403846740723,77.30325693810613,28.581339088758313,189.86866537125104,34.887722765292125,113.54781369900742
0.0888592525,0,37.35486302000004,0.5830804419960698,-0.5019653150922752,0.0001520350962984842,0.547762393951416,0.12106871604919434,77.17030181744595,28.86284647320163,215.91684768254834,31.880045064498173,81.03287873506049
0.111296255,3238,41.51801138000002,0.47176625451436155,-0.48028493349100115,0.0001456475671880576,0.7663278579711914,0.07316907246907552,77.20375428310517,28.47141525474962,172.37181111382586,31.48263902493825,80.15154954534907
0.09594047500000003,3324,40.54729370000001,0.46684350132626,-0.4368499975813864,9.186525787501725e-05,0.6743142604827881,0.1063375473022461,77.14104234328002,28.661858753349787,191.37985046695314,33.367913982861374,89.99605955023814
0.090032375,1179,35.34848527999998,0.6508296236341563,-0.57357463270547,0.0001520350962984842,0.547762393951416,0.12106871604919434,77.2365426141005,28.862470132751533,226.71786615753712,29.49951462608647,72.72588837990885
0.1761019025,2152,49.89216038000001,0.16722108559394522,-0.24213081505219505,9.330361674741994e-05,0.712843656539917,0.1165914535522461,77.08587925804007,28.5636838584019,68.38634873125432,17.39832689840179,45.52882734426816
0.1321851175,5198,47.68070144000001,0.21796103226955535,-0.25946877507794724,8.605784747293756e-05,0.720656156539917,0.1136617660522461,76.98309405399462,28.614783330619428,118.311135132,26.89479359259594,76.70688092555388
0.12046731249999999,0,40.94720203999998,0.4564248273159262,-0.4683818001218302,8.974528618691458e-05,0.8087546030680339,0.14197254180908203,77.01329463346751,28.525049760843352,169.27103348248147,31.13433199131729,81.25329091825824
0.11454078749999999,0,42.85445720000001,0.500890091028414,-0.5193630813093414,8.431705107650853e-05,0.7819669246673584,0.12369108200073242,77.09450592725281,28.539602117427513,159.9091285119806,29.884483792069645,70.03438127977576
0.14508798,5918,45.011227820000045,0.1781949257948824,-0.224003989374214,0.00015226489729356117,0.7993351618448893,0.09926128387451172,77.31544851283255,28.44909030267348,127.84356145342531,28.01720491292122,88.64574414630282
0.1387286325,240,43.37741426000002,0.3436700888247346,-0.3882511967201211,8.974528618691458e-05,0.8087546030680339,0.14197254180908203,77.01593477820659,28.511559667667218,140.49853115193207,29.013353202826067,79.17928837534062
0.09047042250000001,390,39.09463520000003,0.5760478751462751,-0.5410007114062131,8.431705107650853e-05,0.7819669246673584,0.12369108200073242,77.08825591969912,28.520863948101365,203.18518362903512,31.671974344701226,78.47002987636685
0.143357955,5369,43.654273880000005,0.20118478561882167,-0.23521327307620873,8.431705107650853e-05,0.7819669246673584,0.12369108200073242,77.05930573407875,28.476648806847024,138.12864171421052,29.263402047908706,93.8479929706471
0.09071255999999998,0,41.38129058000004,0.2565517927296237,-0.23926530812427965,3.897853951489846e-05,0.6287641525268555,0.1431746482849121,76.87845211199776,28.764000052795186,194.5513734892545,35.84444023652345,125.59910309364149
0.13604912875000003,7554,44.242173320000006,0.1874024729808102,-0.22818006767617507,0.00014701965174594988,0.6609047651290894,0.12557220458984375,77.31593007457731,28.705118482977632,140.2199105002719,29.78335636181072,95.77756703119452
0.14460257750000002,0,36.36021920000002,0.29725691713026103,-0.3291121625382689,0.00015456825503671703,0.6664888858795166,0.1231832504272461,77.22806374678233,28.729534049112868,183.81277146389488,32.29985449473904,113.69126065483928
0.15448171875000002,9506,43.775613590000034,0.1730628415061424,-0.21980045442273444,0.00014912515112592523,0.7314157485961914,0.06677722930908203,77.30881685929691,28.537131361472454,129.0342905414425,27.89719281028304,89.77658999293176
0.09861287,0,39.723550880000005,0.5970298926209282,-0.5601921923244153,0.0001456475671880576,0.7663278579711914,0.07316907246907552,77.17499475531258,28.513194079207565,191.97719621050453,30.24271950690339,70.19135115124509
0.1002845125,348,42.67672016000006,0.490601587798351,-0.47382713086750317,8.605784747293756e-05,0.720656156539917,0.1136617660522461,77.0412793903334,28.60688628049754,172.7791933160289,31.590456845234417,77.16844190416985
0.17699508875000003,0,44.34813194000003,0.2262483709243757,-0.3052424253028129,0.0001552692533234929,0.6322150230407715,0.1382284164428711,77.33466016023284,28.75371580780851,105.83179912813603,23.920799462488244,67.48032555388185
0.08301470500000001,0,35.44077182000001,0.35294500488122355,-0.3126534220517313,8.974528618691458e-05,0.8087546030680339,0.14197254180908203,76.95789801919153,28.48226800189217,237.8585819704162,36.64624636290208,140.88607245907528
0.101573905,3488,45.605963299999985,0.3721746932966165,-0.31725428461104355,8.37094887439586e-05,0.5485732555389404,0.15003156661987305,76.91414055232858,28.87285482435073,153.9433550669371,31.355058744029407,81.34113094759205
0.11343636000000001,2670,41.48724920000001,0.4435141696730424,-0.4367011426764825,8.617081325312803e-05,0.9222345352172852,0.10440381368001302,76.98924905249733,28.448881271743762,171.49827159993583,31.757813637626654,84.98102033475269
0.08335169,4102,39.56973998000001,0.5766491704692321,-0.5353329095310564,0.0001456475671880576,0.7663278579711914,0.07316907246907552,77.22546917863987,28.508957036758037,205.6679372835024,32.04991299758462,79.1595631029361
0.1214680925,3723,41.27874998000004,0.4079912899050667,-0.4055007208605967,8.617081325312803e-05,0.9222345352172852,0.10440381368001302,77.03156961916778,28.429561474152546,167.28435089763934,31.565954889726612,87.80363247839169
0.12254496500000002,4908,42.31782806000001,0.2764655472536889,-0.30118886750474316,9.186525787501725e-05,0.6743142604827881,0.1063375473022461,77.1203075021154,28.708307355545404,162.26300515456614,32.13498382792865,100.5793752515844
0.11595923750000002,0,43.96873172000005,0.26458165656450544,-0.28063531906606354,8.37094887439586e-05,0.5485732555389404,0.15003156661987305,76.85719924925212,28.864768864013815,156.41773599710973,31.882170248319618,96.79440081243777
0.12663317,4208,47.28079309999998,0.1839826240938521,-0.22470503216204818,9.186525787501725e-05,0.6743142604827881,0.1063375473022461,77.0572753209726,28.684427512779873,126.43134261073021,28.285430158243535,85.55600854102909
0.09563724625,0,40.02946367000004,0.5933698933300463,-0.5818472624610813,8.958636967903999e-05,0.8544745445251465,0.11635112762451172,77.22728318037426,28.44431683037976,192.3650704096732,30.49375629364448,71.49795246565381
0.14139010999999999,5033,43.15182493999998,0.2636228242703987,-0.29603889970731934,8.431705107650853e-05,0.7819669246673584,0.12369108200073242,77.05190876040028,28.475485570633907,141.7485698319715,29.503019600420973,89.19877302147756
0.1115033575,4827,37.55310817999998,0.45198476036717,-0.444309264553805,9.186525787501725e-05,0.6743142604827881,0.1063375473022461,77.09872588445212,28.662764010949168,199.26105309071437,33.19370642902489,97.2200352731754
0.13858249749999998,5192,44.12254261999999,0.2846137319296523,-0.2904518770657591,0.0001456475671880576,0.7663278579711914,0.07316907246907552,77.19806028643089,28.515508552115193,136.78935018950017,28.937053133645016,83.09562572303135
0.141287975,0,50.01179108000002,0.3275065644927924,-0.3962293927011413,8.508044841351844e-05,0.9663112958272297,0.19684696197509766,76.84394620191556,28.427094228246283,91.397188993687,21.898897926947956,51.34616220932778
0.1345307575,4295,46.21437086000003,0.25614411762932054,-0.28234649460353034,9.186525787501725e-05,0.6743142604827881,0.1063375473022461,77.06705536342263,28.72967591517304,125.99095484271913,27.804611914368984,78.02230525992343
0.092275935,0,32.87042078000002,0.5451086458237828,-0.47164126970265907,0.00015186386745350924,0.5615221659342449,0.1089315414428711,77.32129960037672,28.856526296188214,242.93852653015182,32.70018130537204,101.10587210786952
0.10917727,414,40.36613864000003,0.5924302103056874,-0.5552731641951929,8.974528618691458e-05,0.8087546030680339,0.14197254180908203,77.03779114653696,28.496012838885356,179.26607041962268,29.318872013662528,66.13214465163273
0.08252875250000002,1440,41.036070559999985,0.6191365386581251,-0.5362193268888817,9.330361674741994e-05,0.712843656539917,0.1165914535522461,77.12198101212574,28.60985834452419,195.42096134914095,30.277351758893904,67.44032645722693
0.13520295375000002,2612,44.78051147000002,0.3115899513052283,-0.32878522720415176,0.00013992699419169697,0.707304318745931,0.08461403846740723,77.33876247851613,28.623545106780995,134.2717350667773,28.597614182857892,77.9292499549944
0.11034575875000001,183,36.25767860000002,0.38750514511740897,-0.38307581458650214,0.00013992699419169697,0.707304318745931,0.08461403846740723,77.28813886653403,28.574043828168705,210.0052810456976,34.375124802956606,115.23547178653097
0.1489253575,4833,41.25482384000003,0.2514948125355741,-0.2818494040232042,0.0001581757076809691,0.6417844772338868,0.1521444320678711,77.19795624497885,28.761253254351285,148.94972844415167,30.004471398711516,94.90338689345961
0.17482703000000002,0,31.872358940000026,0.28216819119572695,-0.3365280280452297,8.397091838929782e-05,0.6301561991373699,0.1371140480041504,77.03602947478421,28.84450149001325,188.33319380537,30.385733864388282,120.6915779785871
0.1289919275,1026,41.49750326000003,0.40494162554376795,-0.42917944472300285,9.208205715746468e-05,0.7053788503011068,0.10391569137573242,77.15451020676595,28.63068654926919,159.84118165116092,30.705886274780745,82.32188723918347
0.1322243875,7028,44.68309790000001,0.18408347946569678,-0.18511830815011696,0.00015456825503671703,0.6664888858795166,0.1231832504272461,77.21555635049721,28.655661171052607,140.28864180745518,29.92021965181593,96.15489628815496
0.10983383249999999,0,36.575554460000035,0.565010143574606,-0.5445421230338466,0.0001552692533234929,0.6322150230407715,0.1382284164428711,77.30713029643145,28.815413082731094,204.64506934312465,31.078317475237462,80.38574338967392
0.1138160525,420,41.86323140000002,0.4478297087963703,-0.4412731646209855,8.605784747293756e-05,0.720656156539917,0.1136617660522461,77.01748921384106,28.64424413732473,168.52313124350042,31.459722118187706,81.20385722311971
0.13065004,3854,44.75829434000002,0.29962845321675124,-0.32334407447189406,8.340164291130814e-05,0.6686423619588217,0.11760425567626953,76.92218688869542,28.709514814169694,138.34700127875374,29.283780593192148,81.57058495014945
0.13625894,0,39.638100380000026,0.4069714697775037,-0.3728104768011258,8.605784747293756e-05,0.720656156539917,0.1136617660522461,77.01997062503331,28.552693965452942,166.5641772702786,30.892453117805907,86.32707471942548
0.16471154,5380,40.60198202000004,0.21742067642956758,-0.24487476602192706,0.00014701965174594988,0.6609047651290894,0.12557220458984375,77.28634724417203,28.675424300225412,141.47383431629726,28.765822168267075,94.13662343175154
0.13649898750000003,0,33.85481054000002,0.4184498621310983,-0.41530465481171547,0.00015456825503671703,0.6664888858795166,0.1231832504272461,77.24239606559719,28.682418156262653,203.8640420611713,32.20069008052927,106.59715030689468
0.073128565,0,36.035507300000006,0.6829713304444653,-0.6135596272453068,0.0001456475671880576,0.7663278579711914,0.07316907246907552,77.17880881918768,28.530725662828015,235.09463710927076,28.935395871764452,70.38976397880971
0.15035271750000004,0,44.146468760000005,0.2838599331942888,-0.3399701176826096,8.605784747293756e-05,0.720656156539917,0.1136617660522461,76.95739046971174,28.573754594188213,127.22387023804242,27.41604161230153,76.69104804612829
0.1172992025,0,41.23431572000004,0.4101343002787834,-0.3972511720047742,7.711288683433435e-05,0.7397317886352539,0.15915775299072266,76.85596106268281,28.574881436137414,170.87464391291758,31.978347169210636,88.1294886000441
0.07840664,0,39.48087146,0.5674313976241467,-0.4311176760216642,8.4618303012062e-05,0.5411269664764404,0.13683176040649414,76.98382256917832,28.871758263175547,210.42322006557538,32.69238359860318,81.171948434677
0.14355106,4809,41.996534180000026,0.2996542127013578,-0.3453668438226402,8.467832677738762e-05,0.8969619274139404,0.1082615852355957,77.1023407483798,28.44619539707122,147.13468240476845,29.807330813860922,89.59351847560995
0.104217645,0,39.86027167999998,0.34087764927231484,-0.33549200487767916,6.0659547028470396e-05,0.6286576588948568,0.1846785545349121,76.84452322362907,28.80199356673423,192.14455763618923,34.5473466984929,110.68202393182473
0.061062059999999994,69,38.28114644000004,0.06909069955053591,-0.023049352081609933,8.036239547384044e-05,0.675431489944458,0.08529806137084961,77.03962992625935,28.713793545335303,242.9717123532455,39.546661868871674,202.26252743335988
0.11096955499999998,3305,37.905164239999976,0.4518176139912555,-0.43886691304374736,9.208205715746468e-05,0.7053788503011068,0.10391569137573242,77.23330558996867,28.62753875056908,197.36922419783764,33.16053759245133,96.43440176077421
0.101342685,0,34.893888619999984,0.5029619487860755,-0.40218284832618795,0.0001520350962984842,0.547762393951416,0.12106871604919434,77.19517988385056,28.8554719163546,223.63737510279736,33.279057800374346,99.92308056782701
0.1360672925,5361,43.94138756000001,0.2031711283462598,-0.2467464288491951,0.00014912515112592523,0.7314157485961914,0.06677722930908203,77.29353591219642,28.48597439778949,141.92931575681519,29.928501474784277,95.80018614918077
0.10213091750000002,640,44.97021158000001,0.5033997475022589,-0.46578774719610117,9.186525787501725e-05,0.6743142604827881,0.1063375473022461,77.07118503455969,28.7185814536855,154.94211778083672,29.745876016417874,66.41667346417498
0.0928041,0,39.73380494000003,0.49629171817058104,-0.4573970067434726,8.031308860090292e-05,0.8098287582397461,0.1892242431640625,76.89816852489399,28.5156841812004,198.74446562999015,33.32480217753736,90.25276633556389
0.08663937,0,41.770944859999986,0.5494158258098778,-0.48708538807548707,8.036239547384044e-05,0.675431489944458,0.08529806137084961,77.01866530391644,28.74323575905227,188.63136770409676,31.86832211022247,75.44374777608594
0.10417248999999998,0,40.393482800000015,0.4532312496851862,-0.42384424621534594,7.711288683433435e-05,0.7397317886352539,0.15915775299072266,76.92971294642881,28.64844212364784,186.1349814592313,32.945610973867744,90.09688105702513
0.13823179,5747,42.488729060000026,0.16953506293347026,-0.2028058564258005,0.00015456825503671703,0.6664888858795166,0.1231832504272461,77.17293015686121,28.67041104672224,150.95025190418494,30.907613342027503,106.44804184449427
0.094252525,0,35.71763143999999,0.596906797939557,-0.5457783236106847,0.0001552692533234929,0.6322150230407715,0.1382284164428711,77.27733647962773,28.83663129471365,222.05126986891275,31.232395556620208,81.89552476737278
0.07170296499999998,0,35.034027440000045,0.6879884104807144,-0.6010226124180028,9.208205715746468e-05,0.7053788503011068,0.10391569137573242,77.1656615509791,28.61459039346846,242.6617978715082,28.732936340339666,71.50738433252756
0.12289861500000002,843,39.99357445999999,0.05894057618783667,-0.10129632093181377,3.897853951489846e-05,0.6287641525268555,0.1431746482849121,76.86691071872326,28.816080640039385,182.4542610429719,34.36443932387246,148.34816485721575
0.101969245,0,39.805583360000014,0.44179505371984595,-0.3879243580127209,8.4618303012062e-05,0.5411269664764404,0.13683176040649414,76.95995765831607,28.87139647142244,192.11419265398342,33.529455115145744,93.46376266028138
0.12009812499999999,0,37.334354899999994,0.44449847886814225,-0.43114537346211607,0.0001581757076809691,0.6417844772338868,0.1521444320678711,77.24143259248869,28.77593906696279,193.98211083183782,32.6576086244071,95.52682736507624
0.1048415375,1990,45.192382880000025,0.4904641109450298,-0.4666495779702291,8.036239547384044e-05,0.675431489944458,0.08529806137084961,76.996113544056,28.69554765896701,151.49952297511504,29.552324579851803,66.36670165919766
0.13618569375,3229,43.40134039999998,0.2688609697850691,-0.3084420351924818,0.00014912515112592523,0.7314157485961914,0.06677722930908203,77.29024878433142,28.489071444115876,144.07064027037563,29.9083903316907,89.5988837189503
0.07405058500000002,2475,38.30507258,0.5322277312361087,-0.4296539127244305,9.186525787501725e-05,0.6743142604827881,0.1063375473022461,77.13955488428181,28.723159857929733,222.5406750517891,34.14950060826418,94.13993994211985
0.10739247875000002,180,38.71352596999998,0.4746837960993612,-0.4629627942984654,0.00014912515112592523,0.7314157485961914,0.06677722930908203,77.33748324048885,28.53685469330437,194.37789235626076,32.85506991502364,91.08247082011547
0.17544853000000002,0,38.5990223,0.2292773828421561,-0.28677586153512713,0.0001520350962984842,0.547762393951416,0.12106871604919434,77.16547873377407,28.851518497614208,145.95303206695542,28.64433318068646,95.4844478876036
0.1064766875,0,37.38904322000002,0.49853614409965225,-0.48209449656639924,8.895342588428118e-05,0.6211264928181965,0.1589803695678711,77.12801427506346,28.820186014925902,203.38014905771155,32.775525852685995,91.03721904709894
0.1294854425,0,35.775737779999986,0.3461108449129533,-0.35420014139726214,8.991754130804885e-05,0.5436716079711914,0.14101839065551758,77.05622446552624,28.872181394731015,198.66725733427546,33.34309579268146,114.17545672401573
0.09460172,3052,41.54877356000003,0.41594101852813337,-0.40596115746912276,9.208205715746468e-05,0.7053788503011068,0.10391569137573242,77.1750145399508,28.63755096299355,186.75860210741666,33.89430972802582,95.6474824410005
0.08537142750000001,215,38.18031485000006,0.6363017154389505,-0.5733756212041733,0.00015226489729356117,0.7993351618448893,0.09926128387451172,77.2957323629121,28.448815144334976,212.09628483423808,30.122513666333816,71.51446583442312
0.1392566875,5998,45.55127498000002,0.19554660216860012,-0.22787355203590562,9.330361674741994e-05,0.712843656539917,0.1165914535522461,77.12039582675159,28.6411661657917,128.3173735112283,28.193907873252698,86.36252772560502
0.15831355500000002,0,46.24513304000004,0.2911827170279141,-0.3632598759736498,7.711288683433435e-05,0.7397317886352539,0.15915775299072266,76.93549471675253,28.61738182823153,105.91946644014047,24.18023678660979,62.32212872621822
0.1109631475,0,43.045866320000016,0.32743485268786693,-0.32290488928108546,3.897853951489846e-05,0.6287641525268555,0.1431746482849121,76.89374167673861,28.76584911540938,165.37356948424292,32.52561037590127,95.11065333344285
0.10674783749999998,2868,37.69666502000001,0.43994917962308233,-0.4270561077513021,0.00015456825503671703,0.6664888858795166,0.1231832504272461,77.17278281380297,28.683556237982994,202.37427166171733,33.73026472002993,100.85076416973403
0.1288630625,4694,44.26951747999999,0.3582858247739804,-0.36745179233986325,8.605784747293756e-05,0.720656156539917,0.1136617660522461,77.00700522497918,28.635218450165233,141.8444899052986,29.367570691789457,77.44388620355237
0.10201407,0,35.235690620000014,0.4857116783563215,-0.47146813689096617,0.00015456825503671703,0.6664888858795166,0.1231832504272461,77.21891296773349,28.730682229235335,221.2521870206312,33.57308964084642,103.06314995887034
0.08861442,0,40.605400040000006,0.3033944969253343,-0.27236004602769714,3.897853951489846e-05,0.6287641525268555,0.1431746482849121,76.86173067582739,28.798158626681772,200.43895752361107,35.96377238325843,121.96274903269571
0.09664516249999999,2294,38.78701339999998,0.5392098147039074,-0.5077063469959765,8.617081325312803e-05,0.9222345352172852,0.10440381368001302,77.02402329610148,28.41256261909066,201.10009218906976,32.301052831963695,84.99998701837258
0.071669195,0,37.27624856,0.2494080174346724,-0.17761033369214216,8.974528618691458e-05,0.8087546030680339,0.14197254180908203,76.97748013867343,28.469875532987476,237.21566248236508,38.14598127636369,161.68931010357647
0.1333766925,6335,44.52928700000001,0.18947002902424806,-0.22961367576939756,9.186525787501725e-05,0.6743142604827881,0.1063375473022461,77.09949257696498,28.700363633847843,140.31386462250248,29.871689197944495,95.62752652714256
0.14553309500000003,862,43.849101020000035,0.29121952266483514,-0.314653147296308,8.340164291130814e-05,0.6686423619588217,0.11760425567626953,76.89856129365103,28.6659663302231,132.9792802815025,28.237125056429463,79.27933832188232
0.12997073500000003,4372,44.22166520000002,0.3087054662229772,-0.3305888267825984,8.431705107650853e-05,0.7819669246673584,0.12369108200073242,77.09781528638499,28.488394801416664,142.43383097430728,29.725915863090616,84.08276164012443
0.079288345,464,39.01260272000002,0.6994674721302329,-0.625608447190555,0.0001456475671880576,0.7663278579711914,0.07316907246907552,77.20394032459423,28.536681064936495,210.02377387769354,27.511411702600416,59.073395438255105
0.11314068000000001,3361,43.948223600000006,0.20637752573524196,-0.26396213958801584,8.431705107650853e-05,0.7819669246673584,0.12369108200073242,77.09913932716908,28.44970183139256,160.14971778241977,32.58024982482126,109.25721612686192
0.11238341249999999,561,42.17768924000001,0.28019221974607833,-0.30234241153187225,9.186525787501725e-05,0.6743142604827881,0.1063375473022461,77.14343279436895,28.725975320849212,171.2670411775798,33.25522891682552,106.12352985149005
0.12225671,0,41.19329948000001,0.4227508670127162,-0.4126245548097427,7.711288683433435e-05,0.7397317886352539,0.15915775299072266,76.86526659315686,28.58922603929572,166.90854451114967,31.334712458213005,84.18148862339632
0.14460062499999998,2986,42.68013818000003,0.24948397876941225,-0.2597845812713297,8.991754130804885e-05,0.5436716079711914,0.14101839065551758,77.12498684047426,28.86592240431781,142.74371808795104,29.557232975332614,89.71949807399191
0.0740326825,653,38.97842251999998,0.6663163960543711,-0.5986029540887007,8.431705107650853e-05,0.7819669246673584,0.12369108200073242,77.14186764861614,28.549220900656127,215.17251352428127,29.42150052549568,66.88912065919567
0.1249511875,0,46.730491880000045,0.26645291621105704,-0.25841441330836995,0.0001581757076809691,0.6417844772338868,0.1521444320678711,77.1620866750746,28.84789378466683,129.73962197489516,28.503025037219782,79.15991165494228
0.14662294750000002,6598,44.173812920000046,0.13170083474177186,-0.17997127992655185,0.00014701965174594988,0.6609047651290894,0.12557220458984375,77.2924786515287,28.650089046588278,133.51627099301106,28.80291599654574,97.03913470200594
0.1669430825,0,34.81869218000003,0.29414619062343894,-0.35165108167463305,8.895342588428118e-05,0.6211264928181965,0.1589803695678711,77.10311286720257,28.805975864455636,175.90072410916832,30.613596700423596,109.1265564286237
0.11788982000000002,15,40.02091862000003,0.35823350058819303,-0.3572478153694829,8.031308860090292e-05,0.8098287582397461,0.1892242431640625,76.90062110687761,28.535565814853513,179.7506359900084,33.06964941410343,101.96360062434574
0.131777045,1090,44.881343060000006,0.3415162454873647,-0.3647429171038826,8.605784747293756e-05,0.720656156539917,0.1136617660522461,76.97218836957322,28.625020177980673,135.61045230806837,28.67592288944777,75.55185301956061
0.116848285,4211,38.97842251999998,0.37108364094951585,-0.37276978015112555,0.00015456825503671703,0.6664888858795166,0.1231832504272461,77.21157690551476,28.683658732610468,187.27540181513018,33.417982430776554,103.32185115194329
0.0714238675,0,36.61998872000004,0.3814726840855108,-0.3214883986171009,8.974528618691458e-05,0.8087546030680339,0.14197254180908203,76.9510367931059,28.496689150516698,238.91463421474964,37.08466208803581,135.08801188100216
0.1498118475,5600,43.28341870999998,0.14832122473318485,-0.19424273776866544,0.00014912515112592523,0.7314157485961914,0.06677722930908203,77.32135494748816,28.50396828106883,136.7252669687581,29.035053430354026,98.4537298360823
0.1326138425,4521,47.584996880000006,0.3666688015650746,-0.36903623171499905,8.605784747293756e-05,0.720656156539917,0.1136617660522461,77.04551239216276,28.64961976523931,115.08593779611635,25.720535949083594,60.7270784381768
0.11717039249999998,0,41.57611772000001,0.41878090511944593,-0.42578925910388143,3.897853951489846e-05,0.6287641525268555,0.1431746482849121,76.93347467147956,28.804155217417367,168.45361160211905,31.70120966578707,84.60864827499515
0.0905267425,0,38.18885990000001,0.6259275657486939,-0.5839616293714739,8.958636967903999e-05,0.8544745445251465,0.11635112762451172,77.22173660043195,28.439627207280576,208.13605366810816,30.184425647097278,72.30725143474562
0.179171645,4321,50.33650297999998,0.23295968369471487,-0.24746123360906455,8.036239547384044e-05,0.675431489944458,0.08529806137084961,77.04472076119632,28.679045052902534,61.041016891429535,15.704245070326307,37.142609533052415
0.10674943250000002,627,40.735284800000045,0.4353401354268529,-0.43204619226733587,8.974528618691458e-05,0.8087546030680339,0.14197254180908203,76.96467516129185,28.48689128818502,182.15015634162705,32.858309914284625,91.22109368490625
0.1358972875,0,43.48679090000002,0.28280170801090365,-0.34133573446766224,8.397091838929782e-05,0.6301561991373699,0.1371140480041504,76.95361593926337,28.773046457107565,143.39269877359015,29.778631958869102,86.73871274338278
0.11895297,0,42.64937600000002,0.4627570161083838,-0.4628465824644998,8.397091838929782e-05,0.6301561991373699,0.1371140480041504,77.03057732838182,28.77009702528282,158.6619363964221,30.247193566822073,73.43908534607559
0.10445882,0,41.69233040000006,0.27668379434478946,-0.2793901132360537,8.340164291130814e-05,0.6686423619588217,0.11760425567626953,76.86775886975613,28.71350133975069,180.99473877758703,34.31005410508694,113.30256221499475
0.10138806000000002,0,41.81537911999999,0.4544989421574457,-0.4045078847925652,8.397091838929782e-05,0.6301561991373699,0.1371140480041504,76.97222065406501,28.847858798694602,178.64496687908377,32.56959840438878,84.82311319122186
0.14366364499999998,0,46.009289660000036,0.28203226821266464,-0.3331931275813923,3.897853951489846e-05,0.6287641525268555,0.1431746482849121,76.94930918309537,28.76996000908839,119.52884905708424,26.57854813588583,71.03880476611546
0.086962715,18,35.28354290000004,0.5689329119113427,-0.5415740849023506,8.991754130804885e-05,0.5436716079711914,0.14101839065551758,77.11826147730945,28.855594341887517,231.27649543261947,32.53721307623786,90.48172616445109
0.12255189500000001,0,47.88578264,0.3542058075102857,-0.40482930890924224,8.296685417903404e-05,0.9189741611480713,0.16247224807739258,76.89050817579285,28.411395481958994,121.2614026425806,26.909839592602356,66.61799525281634
0.10963426500000001,0,38.605858340000054,0.05479925027128355,-0.04647179721397581,8.37094887439586e-05,0.5485732555389404,0.15003156661987305,76.89300893495981,28.85403106981994,202.29741389895946,36.01326332000442,166.11057946154048
0.07919413000000002,12,39.58683008000003,0.6655313888961943,-0.5589801030236264,3.897853951489846e-05,0.6287641525268555,0.1431746482849121,76.9046793870404,28.84804251665725,206.95033403511025,29.024049374063633,63.348363021059605
0.09930257,0,40.55412974000001,0.4283292473006103,-0.41735034550583594,8.031308860090292e-05,0.8098287582397461,0.1892242431640625,76.89813956189553,28.529775812981512,189.48976298913453,33.69886119060439,96.46779748583677
0.1197054525,0,43.76023250000003,0.3780970859342553,-0.38841633254643326,8.340164291130814e-05,0.6686423619588217,0.11760425567626953,76.91335727443689,28.65041565743682,152.27110815304036,30.598236221973206,80.80590805401768
0.07401227750000001,0,37.016479040000036,0.7090814771585124,-0.6163842535523952,0.0001456475671880576,0.7663278579711914,0.07316907246907552,77.2132910743751,28.48430525546233,227.38217507586887,27.52791835025581,62.617098570892644
0.1017893125,0,37.24548637999999,0.4996052983260919,-0.4674971563433311,0.0001552692533234929,0.6322150230407715,0.1382284164428711,77.29559281435697,28.825195313995874,208.052601825394,33.12887896552083,93.19546527737727
0.1037880125,0,41.65815020000002,0.3640194851939084,-0.3456057252776802,8.37094887439586e-05,0.5485732555389404,0.15003156661987305,76.87649872026964,28.865777764934208,179.8184180800855,33.629850653896334,98.26064253051449
0.10912326000000001,1208,42.18281626999999,0.4789915474490153,-0.4769469084744771,0.00014912515112592523,0.7314157485961914,0.06677722930908203,77.26051269459833,28.463902619289634,169.3821740999358,31.22248110459182,77.26916869033997
0.1417842675,7093,41.476995139999985,0.1448956396628409,-0.1855046632970293,0.00014701965174594988,0.6609047651290894,0.12557220458984375,77.27135950454367,28.668860991877764,155.52661465400115,31.267616858874884,113.40244670160526
0.13127494999999997,63,40.67205143000001,0.37604357798165144,-0.3969253694853691,0.00014912515112592523,0.7314157485961914,0.06677722930908203,77.33168676378925,28.535940269379978,164.2630558492625,31.25286254263847,89.08801756386832
0.084340425,1603,36.954954680000014,0.6356973552894212,-0.5849659870112994,0.00014912515112592523,0.7314157485961914,0.06677722930908203,77.26707465156488,28.50209640782923,221.06603914191044,30.35849828564699,74.57792596750134
0.13048842250000003,0,42.686974220000025,0.3924755884080559,-0.3662544865247337,0.0001581757076809691,0.6417844772338868,0.1521444320678711,77.17665915227892,28.78777671643815,150.75954118643642,29.95582003100737,78.23188841638685
0.1448225225,3828,43.56540536,0.20681868549831384,-0.241501272421421,8.895342588428118e-05,0.6211264928181965,0.1589803695678711,77.147420980318,28.828589935428734,137.44213815317573,29.118004732349025,91.4294798650591
0.08694231000000001,1503,37.72400918000005,0.5994427830176622,-0.561038280675057,0.0001456475671880576,0.7663278579711914,0.07316907246907552,77.22587203798922,28.522843635545893,214.6599335954587,31.428684330663124,79.04461114468944
0.1741896075,1126,45.41455417999998,0.24328436990294497,-0.32499847965782175,8.296685417903404e-05,0.9189741611480713,0.16247224807739258,76.9303881710552,28.412570950236837,100.21678884102607,23.082068407300188,63.81619986406416
0.16352711500000003,108,44.04051014000004,0.224727171158949,-0.29214707074108953,8.296685417903404e-05,0.9189741611480713,0.16247224807739258,76.94662116254538,28.424405762231945,118.77952428943468,26.142884681806198,78.52097451934388
0.1265964025,1155,42.78951482000002,0.3498780258960406,-0.37728595831500966,0.00014912515112592523,0.7314157485961914,0.06677722930908203,77.32459696920989,28.46489025635106,154.12783717534728,30.780773928484837,86.08029973543937
0.13795096,1411,44.604483440000024,0.3870024637284425,-0.3709028923942749,8.340164291130814e-05,0.6686423619588217,0.11760425567626953,76.91950858868782,28.711241588444413,131.5635055825859,27.668329945236145,68.01126843829353
0.13729225250000002,4854,44.84374484,0.2955021184657257,-0.32360917602674144,8.974528618691458e-05,0.8087546030680339,0.14197254180908203,77.00812936041832,28.476743255346946,132.5296765012206,28.40799951478421,79.3767131523385
0.14139329999999997,3143,47.76273392000002,0.1525961157352359,-0.1910395898980691,9.330361674741994e-05,0.712843656539917,0.1165914535522461,77.07013676477565,28.604130053461354,111.92761971528148,25.89445889743986,78.17086368124811
0.09963529250000001,0,38.790431420000004,0.12395288514691503,-0.10605249062667374,6.0659547028470396e-05,0.6286576588948568,0.1846785545349121,76.84636440619653,28.777224290813667,207.60269874894607,36.53042538913374,159.68701998990187
0.1150746725,1374,43.72263428000002,0.3598805255425023,-0.37821325930964333,8.467832677738762e-05,0.8969619274139404,0.1082615852355957,77.08051528757373,28.417935561098467,156.65415775361748,31.33630217990408,87.46590595698386
0.0990279825,4185,41.48383118000004,0.41561559483862043,-0.414001382170007,0.0001456475671880576,0.7663278579711914,0.07316907246907552,77.23304857922618,28.523182329805362,183.6684190362639,33.52678969221169,94.49479911959217
0.10713811750000002,0,40.07560694000006,0.45240923021661916,-0.42900463992156584,3.897853951489846e-05,0.6287641525268555,0.1431746482849121,76.91897222726664,28.771525215466077,185.92858564499466,32.817099949172686,89.24909264094953
0.14188258,0,44.00632994,0.2918121320995604,-0.34636082097900445,8.036239547384044e-05,0.675431489944458,0.08529806137084961,76.99816371912696,28.70176473445992,134.79291968836174,28.564102546717482,80.35158652792556
0.12209792500000002,3744,37.310428760000036,0.38853029394121175,-0.3956214237909474,0.00013992699419169697,0.707304318745931,0.08461403846740723,77.27151807941877,28.632339900265332,193.7186970289569,33.23660449990867,105.12019936493957
0.173289945,0,44.61131948000002,0.23691387861670019,-0.28778585070584783,8.036239547384044e-05,0.675431489944458,0.08529806137084961,77.01951862330714,28.659237405865426,106.71481344261451,24.1207646569685,67.31718377397391
0.137088725,5860,46.388689880000015,0.26846599250672404,-0.3016795125978511,8.036239547384044e-05,0.675431489944458,0.08529806137084961,77.02191018812331,28.650165408547583,122.41561786864372,27.20067431529247,74.39491686162852
0.16422622,2568,41.91108368000005,0.2763963474517834,-0.3074243518741472,8.991754130804885e-05,0.5436716079711914,0.14101839065551758,77.12751139036237,28.858018247439006,131.69759528003783,27.523923419577766,79.6142882368508
0.13690565749999997,2687,39.29629838000005,0.2449468545924922,-0.29172400967082013,0.0001552692533234929,0.6322150230407715,0.1382284164428711,77.27839994887994,28.782822605424276,171.83742127782182,32.38617034809679,112.10714741516422
0.09198545250000002,1,39.09805322,0.5309049748566552,-0.5136037573155742,8.467832677738762e-05,0.8969619274139404,0.1082615852355957,77.10984574681751,28.415984469645746,202.923461765326,32.78167706936808,87.02351385709129
0.10551971500000001,4065,42.55708946000004,0.3982350603614839,-0.4019331038888775,8.431705107650853e-05,0.7819669246673584,0.12369108200073242,77.09753403393772,28.52296533923737,171.50044357455306,32.609502010608885,90.19661339423578
0.10018958249999999,2923,39.69278870000005,0.4293619180691401,-0.4165799753360295,0.00013992699419169697,0.707304318745931,0.08461403846740723,77.25865583752855,28.57756297058255,194.56638073546242,33.9045940877868,98.21051652065954
0.0770499,194,39.542395820000024,0.6749308073129848,-0.5884288354898336,9.330361674741994e-05,0.712843656539917,0.1165914535522461,77.06278764443147,28.556369131630067,208.76288963714183,28.73937179160941,62.74709696661956
0.11776521750000002,0,38.30507258,0.3890166574554445,-0.3454794552090169,8.974528618691458e-05,0.8087546030680339,0.14197254180908203,76.9570522918248,28.486600479621007,190.62530637711097,33.34505199798319,103.98623133683026
0.11242964000000001,0,39.11172529999999,0.39620208965646914,-0.3203286724832045,0.0001581757076809691,0.6417844772338868,0.1521444320678711,77.22931776696208,28.80268191578763,189.38107777064738,33.48064621375033,100.34106149189647
0.07033836,0,39.95597624000004,0.6560476639207223,-0.5313628761366671,8.991754130804885e-05,0.5436716079711914,0.14101839065551758,77.05200699110017,28.87151817362479,211.7362927908979,29.916442392622294,66.04985275041932
0.100964725,143,35.64243499999998,0.5432321575061525,-0.5064319992678562,0.0001552692533234929,0.6322150230407715,0.1382284164428711,77.30143241142997,28.808050371599855,218.27755278122663,32.35734851311492,90.41812053166333
0.08623296125,0,36.55504633999999,0.636333384609106,-0.5840391423926091,0.00014912515112592523,0.7314157485961914,0.06677722930908203,77.26719730109546,28.542164658228803,222.17194350655615,30.252617576879217,74.92077401640027
0.099813025,2,40.86516956000003,0.5314528329510517,-0.5144813440714264,8.431705107650853e-05,0.7819669246673584,0.12369108200073242,77.10518636527965,28.506316708176012,184.69796462324177,31.578094788968357,77.42376666764926
0.0977994475,0,40.885677680000015,0.39314776065774737,-0.37041990948971876,3.897853951489846e-05,0.6287641525268555,0.1431746482849121,76.88326467423862,28.75636785168161,189.21961626511643,34.177776576465625,100.15480545245063
0.10604691750000002,4339,42.33150014,0.46759866549268353,-0.46220362954961836,8.431705107650853e-05,0.7819669246673584,0.12369108200073242,77.07887539889424,28.483841347710168,171.07375249479924,31.646320167886618,80.10816676851012
0.154365765,6984,42.86129324000001,0.1161395789033788,-0.17591909146238818,0.00015456825503671703,0.6664888858795166,0.1231832504272461,77.16052949194301,28.745859485614925,136.7039586908047,28.95333598372195,101.69142161688781
0.12371196875000001,766,41.92133774000001,0.37449198814311657,-0.37545204949261607,0.00014912515112592523,0.7314157485961914,0.06677722930908203,77.34249667539507,28.501754416171188,161.84665055469736,31.3769635949465,87.60373209072876
0.154742075,4007,40.76262896000003,0.2525697661889883,-0.2938197682830464,8.895342588428118e-05,0.6211264928181965,0.1589803695678711,77.09347131841551,28.7576416547095,147.59564798775648,29.63293322046791,93.82184541323366
0.08693408749999999,800,40.97796421999999,0.6032099866250558,-0.5482423426537382,8.431705107650853e-05,0.7819669246673584,0.12369108200073242,77.10531964306446,28.526099258429497,192.64670558135379,30.525578596104598,69.42082578591717
0.11520604000000002,0,42.51265520000004,0.4387134198314234,-0.43357967313284057,7.711288683433435e-05,0.7397317886352539,0.15915775299072266,76.89809618242471,28.601362273748585,163.14612324526922,31.097387848272625,79.72533365750247
0.1279865275,0,42.10249280000005,0.3338089738861244,-0.3653186775099954,0.0001552692533234929,0.6322150230407715,0.1382284164428711,77.27582664511544,28.82208326566165,158.0972466920391,31.21358337067939,89.99903517627307
0.09302841750000002,3324,42.13667300000003,0.5288377360800759,-0.5161770152207834,8.431705107650853e-05,0.7819669246673584,0.12369108200073242,77.12998638115045,28.46847289650868,181.45888425699752,31.68816396386665,76.15297017021204
0.14304561,0,43.93113349999999,0.3664147565215581,-0.392727928616142,8.031308860090292e-05,0.8098287582397461,0.1892242431640625,76.88394813361938,28.483115895322477,132.67520818199444,27.818088761739077,71.96101403340342
0.11263385499999998,2772,41.25140582000006,0.5580737434382171,-0.5261480671829056,7.711288683433435e-05,0.7397317886352539,0.15915775299072266,76.87105546788054,28.558227110873634,171.21209599522467,29.614324221720423,67.31063148280741
0.14607547750000002,4383,42.24946766000005,0.14019600939718463,-0.19780234559931145,0.00015456825503671703,0.6664888858795166,0.1231832504272461,77.1606293339847,28.73578854050708,146.9645850921679,30.295254257441393,107.11172329054068
0.1193764425,6494,39.96281227999998,0.35056583551366516,-0.3622806850194912,0.0001456475671880576,0.7663278579711914,0.07316907246907552,77.23623040710568,28.535916146408688,179.1187144481006,33.02787948158589,102.18008663866173
0.10226522750000001,1,38.56484210000002,0.4751173027301344,-0.414336604594952,0.0001520350962984842,0.547762393951416,0.12106871604919434,77.17846711328869,28.881346782148483,199.46080517583346,33.30102281146663,92.10696895725276
0.0996911725,0,41.032652540000015,0.48817883822331143,-0.43439708871156296,8.4618303012062e-05,0.5411269664764404,0.13683176040649414,76.98365959463703,28.873874651870615,184.60848983328174,32.45988008327836,82.21942197760875
0.104135915,0,42.143509040000026,0.41035464925768156,-0.41260674455153085,3.897853951489846e-05,0.6287641525268555,0.1431746482849121,76.92879708409858,28.7858918666047,175.18127532628694,32.805974332989415,89.36458720875136
0.0974522875,0,41.40179870000003,0.503065899509078,-0.47645489380404965,8.036239547384044e-05,0.675431489944458,0.08529806137084961,77.00755862629966,28.695554500870735,183.54724479539937,32.200577362420724,80.32954192209787
0.13034193,2205,45.53418488,0.30260082183017156,-0.3215587398272506,9.186525787501725e-05,0.6743142604827881,0.1063375473022461,77.07135431902094,28.677908565762362,133.0650329141298,28.63111886558362,77.80399155391599
0.1057691125,0,40.42082696,0.13678519442711584,-0.11776300185653167,3.897853951489846e-05,0.6287641525268555,0.1431746482849121,76.88843770636126,28.834989878709667,191.61140550705738,35.481187603044184,143.46493513158842
0.136644215,5,41.38470860000001,0.32650693341443915,-0.3671647336096502,8.605784747293756e-05,0.720656156539917,0.1136617660522461,76.98270532416821,28.551032376567555,156.23000912934606,30.760304239664944,90.66801308979926
0.1348048775,1838,40.72161272000005,0.21035328980876983,-0.24616914338640922,0.00014701965174594988,0.6609047651290894,0.12557220458984375,77.27356936908113,28.66990021836206,164.75087906000965,32.12466878011457,111.77319047037525
0.07118085000000002,34,36.21324434000002,0.6714095945002122,-0.5981039799398984,8.974528618691458e-05,0.8087546030680339,0.14197254180908203,77.01193797448279,28.547220012704887,235.72755352004066,29.579484503869224,73.30041193439993
0.1433721175,0,44.09178043999998,0.3284610082450686,-0.38798913700783944,8.296685417903404e-05,0.9189741611480713,0.16247224807739258,76.91096004173815,28.44117735717109,132.16456746281892,28.003467076815593,76.47599188610641
0.14298225,4173,43.03561225999999,0.2689057017288211,-0.2869768789202674,9.208205715746468e-05,0.7053788503011068,0.10391569137573242,77.18009721945221,28.59209714520276,141.15582476524685,29.360219911704895,87.56063716518108
0.11619931249999998,458,43.67820002000002,0.3751124768160033,-0.3853734343876614,7.711288683433435e-05,0.7397317886352539,0.15915775299072266,76.89157272266846,28.636119504427217,155.715510729313,31.078593960958045,83.77722882553498
0.11090304625,0,39.482580470000016,0.5204949204491155,-0.5081118524189726,0.0001552692533234929,0.6322150230407715,0.1382284164428711,77.33336575183465,28.833192932051794,185.43150339450892,31.396216124824942,78.64059695372667
0.12364768749999999,4256,43.34665208000001,0.32139625921742776,-0.342529453820135,8.605784747293756e-05,0.720656156539917,0.1136617660522461,77.04350870686855,28.562071992292633,153.2833812044463,31.00034537177768,89.03577728234005
0.12088657749999998,2993,39.90812396000001,0.40103303419138264,-0.4043848891090665,9.186525787501725e-05,0.6743142604827881,0.1063375473022461,77.11081547875702,28.667248609623137,177.17817115156174,32.35310628651781,92.66708338981898
0.142978015,7196,43.25778356000001,0.16255098450592276,-0.2074657066096407,0.00015456825503671703,0.6664888858795166,0.1231832504272461,77.22005118491477,28.65594668965888,142.04494266907125,29.830026430448406,100.34363029686685
0.130781325,0,40.86175154,0.3342771840864394,-0.3782844415072633,8.031308860090292e-05,0.8098287582397461,0.1892242431640625,76.9177391876105,28.54184717713292,164.29454144508452,31.6161884295779,95.67265172095293
0.07708001250000002,0,38.20595000000003,0.6419355926487944,-0.5896910178389532,8.958636967903999e-05,0.8544745445251465,0.11635112762451172,77.2146949233194,28.441945925009854,218.43817433027903,30.403945648963774,73.13449180114202
0.1356586425,5828,46.90139288,0.17904922335612022,-0.21815679766867696,9.330361674741994e-05,0.712843656539917,0.1165914535522461,77.06390853216028,28.648486789327553,122.03386083361283,27.46755822602774,83.24192372396631
0.08115813875,405,39.39200294,0.4634308695049231,-0.4319754661166446,0.00014912515112592523,0.7314157485961914,0.06677722930908203,77.31820138298197,28.461938115811908,211.07148908464671,34.934755118050916,101.45086023500774
0.093709785,0,41.56244564000002,0.37104482410885226,-0.32678504501064276,3.897853951489846e-05,0.6287641525268555,0.1431746482849121,76.8805205391507,28.772575249771748,188.37759524379453,34.52769239079764,103.00465257943588
0.11460544000000002,1590,41.13861115999998,0.46642333337031416,-0.4610742038533389,8.974528618691458e-05,0.8087546030680339,0.14197254180908203,77.04528873115646,28.53194489578514,172.4355531830472,31.443046036648628,81.40763323798507
0.14385012249999998,5244,46.28614928000002,0.21710126232378152,-0.2553568939518735,9.330361674741994e-05,0.712843656539917,0.1165914535522461,77.0782908939569,28.619539223244644,118.94808113951854,26.723870655794684,77.41749590929336
0.08959083500000002,121,41.87690348000001,0.5988938570883066,-0.553940728946565,8.036239547384044e-05,0.675431489944458,0.08529806137084961,77.02871224506275,28.740133099549755,184.4350899277291,30.124299429622432,66.10879443264898
0.1442895175,685,47.07229388000002,0.2929844958952779,-0.32006531576315206,8.605784747293756e-05,0.720656156539917,0.1136617660522461,77.0045473907809,28.623432580019625,111.194798197664,25.294724435837914,65.16352469618907
0.1046590475,4556,42.33491816000003,0.392834830021267,-0.40306154882839806,8.431705107650853e-05,0.7819669246673584,0.12369108200073242,77.07922792106565,28.450922282688516,173.84023579344046,32.8802191980585,92.3617644223258
0.135858925,0,44.61473750000005,0.39247564451962536,-0.4499315023811078,8.296685417903404e-05,0.9189741611480713,0.16247224807739258,76.87969883426489,28.442708542693595,133.03853014125775,27.85886936609648,69.862445536831
0.0951862325,0,40.051680799999986,0.5899310172129045,-0.544746247733579,8.605784747293756e-05,0.720656156539917,0.1136617660522461,76.98743429269284,28.55172940155471,192.65020299272658,30.63031644298813,71.28650742749261
0.07824095249999999,0,31.35452891,0.04053413587999725,-0.023197557906510808,0.00013992699419169697,0.707304318745931,0.08461403846740723,77.31005119342859,28.556992216845597,273.5094857895756,37.55301304723994,242.5191710188473
0.12378227250000001,4088,45.195800899999995,0.29592631772314676,-0.31517064484401214,9.330361674741994e-05,0.712843656539917,0.1165914535522461,77.07424965703859,28.595014685032286,140.8542013442643,29.79643955922252,83.84083764982583
0.06009271249999999,0,31.322057720000032,0.3733255966123038,-0.29142286616513424,0.00013992699419169697,0.707304318745931,0.08461403846740723,77.25566734173357,28.629808555440693,281.73950030216065,36.74486392095,164.46867151252562
0.1354687825,0,42.90572750000001,0.24554878237460165,-0.30470183263213163,8.036239547384044e-05,0.675431489944458,0.08529806137084961,76.9755579787663,28.70868972071535,148.5892552205421,30.50824524819288,95.15132734811257
0.100578185,0,39.120270350000055,0.5551431222785351,-0.533568365664944,0.00014912515112592523,0.7314157485961914,0.06677722930908203,77.27549296010915,28.514778911116974,195.37755548080008,31.50006982075426,78.25637248747927
0.1356055125,2388,44.61131948000002,0.3492319821656743,-0.3841682796628604,8.031308860090292e-05,0.8098287582397461,0.1892242431640625,76.87267463014166,28.46143670311181,134.26521004278902,28.352222655390065,74.65685952357725
0.10677830750000002,1491,43.182587119999994,0.4685191337702739,-0.46181691360400223,8.031308860090292e-05,0.8098287582397461,0.1892242431640625,76.87851300897982,28.52882085526955,164.57269623335344,31.08038443957873,76.84899392494826
0.1351929575,0,41.78461693999998,0.38157518928677286,-0.4020201357329966,7.711288683433435e-05,0.7397317886352539,0.15915775299072266,76.90066214924583,28.592425063585758,153.43910024470006,30.138025287587944,82.02216113182055
0.14436693,1205,38.61611240000002,0.3115882949186902,-0.3199869160018406,0.0001552692533234929,0.6322150230407715,0.1382284164428711,77.27922841492708,28.786478846307073,168.94199615344758,31.466936492210653,100.7640301977512
0.12173058000000002,514,40.492605379999986,0.3919090482780707,-0.38242995325483786,8.031308860090292e-05,0.8098287582397461,0.1892242431640625,76.90862137133574,28.48730851061296,172.76317860327129,32.12483960374665,92.63317884069286
0.11592051750000001,4476,43.40134039999998,0.339221228344362,-0.3510818880203966,9.186525787501725e-05,0.6743142604827881,0.1063375473022461,77.08982955693716,28.70070347813341,158.68046920003405,31.66183220441447,89.6607612970127
0.10809267000000002,10,40.625908159999994,0.5251399105012589,-0.5297653182760599,8.431705107650853e-05,0.7819669246673584,0.12369108200073242,77.12396546063837,28.476331841398252,179.84310506779434,31.103313920018866,76.22233795493482
0.1491443675,5578,45.192382880000025,0.13348705806714856,-0.1897991629084067,0.00014701965174594988,0.6609047651290894,0.12557220458984375,77.30330878238063,28.70414290804221,124.37223882430385,27.553363688747474,89.53865026459182
0.13367791375,7215,43.80466676000003,0.13894536981099517,-0.1871356812849926,0.00014701965174594988,0.6609047651290894,0.12557220458984375,77.33486224850809,28.682771334256515,146.25751288102413,30.672161409239852,106.22065169230542
0.08591895249999998,0,39.44156423000004,0.6772914209948901,-0.6192935952332406,0.00014912515112592523,0.7314157485961914,0.06677722930908203,77.26307211445817,28.490883555992195,202.29929998786554,28.09449754402044,60.346313642297424
0.0994946575,1414,42.41695063999998,0.4584378767636613,-0.444048679133274,9.330361674741994e-05,0.712843656539917,0.1165914535522461,77.1031414353493,28.602953823967482,175.93187458770467,32.38650322437644,83.35392530674048
0.125786555,619,44.93944940000006,0.35745629640171733,-0.3794109139992287,0.00014701965174594988,0.6609047651290894,0.12557220458984375,77.33266893797322,28.706052773749796,139.62411529118617,29.209208226451427,75.71916928809985
0.099232665,252,39.344150660000025,0.330982681224907,-0.2914169074417469,8.031308860090292e-05,0.8098287582397461,0.1892242431640625,76.94736403794792,28.489274269659024,199.79725884676134,35.224430922910884,119.25862292778292
0.12462737499999998,0,37.823131760000024,0.4692376800984927,-0.4574130409668777,0.0001581757076809691,0.6417844772338868,0.1521444320678711,77.21283035887437,28.764868837489136,186.6153416220817,31.74774771185189,87.61942578389844
0.10750405999999998,17,41.15570126,0.3639601814857453,-0.35658335185521955,8.340164291130814e-05,0.6686423619588217,0.11760425567626953,76.85835780981874,28.686622970853527,180.26796784323813,33.50818055598426,99.68232126165515
0.12474243499999998,4384,41.08050481999999,0.29884883177274857,-0.31780739373193073,9.330361674741994e-05,0.712843656539917,0.1165914535522461,77.14032528495184,28.630633186208183,168.42762487709422,32.42407012151553,102.24698314534785
0.146948245,827,47.321809340000016,0.3369776408645666,-0.40138021273003555,8.031308860090292e-05,0.8098287582397461,0.1892242431640625,76.90101954001875,28.482966787288223,106.22623226313056,24.257695364257064,58.86669526871306
0.13506797,0,43.27829168000005,0.30988854635997143,-0.3360261216592091,7.711288683433435e-05,0.7397317886352539,0.15915775299072266,76.88685632865466,28.582624295431593,144.88193741443547,29.82207385440569,85.4123223325656
0.11651383,0,39.58341206,0.2699161088914298,-0.29554777913209873,8.031308860090292e-05,0.8098287582397461,0.1892242431640625,76.86123172575564,28.525610081980712,185.7002192813569,34.09194801199484,119.89193228139919
0.11230242500000001,4288,47.48587429999998,0.3495822926535182,-0.3123861502920834,8.37094887439586e-05,0.5485732555389404,0.15003156661987305,76.9121303278649,28.87621679378009,132.45986276519648,28.702765950984933,71.32348363470854
0.1325080775,0,42.08882072000006,0.42859070643739844,-0.42007780173970466,8.036239547384044e-05,0.675431489944458,0.08529806137084961,76.95634769610817,28.708728161695472,152.4507075239792,29.660007662861673,74.94046825492462
0.0850287775,959,38.64687458000003,0.6183215592710644,-0.5801977795304254,0.0001456475671880576,0.7663278579711914,0.07316907246907552,77.210683907329,28.449694752058097,209.63407628570633,30.743886637402017,73.53469873954718
0.1360947925,4945,47.04494971999998,0.2760678704674442,-0.3076609127793917,8.036239547384044e-05,0.675431489944458,0.08529806137084961,77.02556813801075,28.734215398061636,118.34968474422192,26.612409384687574,70.93283490826634
0.13732492250000003,6221,41.059996700000056,0.14870807950071485,-0.18656335090261295,0.00015456825503671703,0.6664888858795166,0.1231832504272461,77.20095504142996,28.74527464386298,161.81955633922553,31.985021147420426,118.01836188761139
0.13624761,0,40.63274420000005,0.23770393617785876,-0.2809114124910123,8.425432941976397e-05,0.550548235575358,0.18518781661987305,76.84920958498577,28.87857117486282,163.59240078031803,31.86132199379187,106.25096369077104
0.0997143825,0,39.98161139000001,0.5322633612170932,-0.5108786204419743,0.0001552692533234929,0.6322150230407715,0.1382284164428711,77.3348225326364,28.772500840677818,190.7603116373,31.887737637176702,79.1195282000691
0.10331407750000002,5452,41.41205276000005,0.3519060518690129,-0.35428625473805214,9.186525787501725e-05,0.6743142604827881,0.1063375473022461,77.14420836356983,28.659755202400635,182.14423279115567,33.91260052007746,102.6260819223523
0.08447776,2625,40.66692440000003,0.5172029172029172,-0.46333995365772923,7.711288683433435e-05,0.7397317886352539,0.15915775299072266,76.86039123605273,28.578830134148713,198.63051405505314,33.23828858036133,85.89288071997625
0.132841185,1160,43.28170970000002,0.37382283048759024,-0.38640627949062406,8.974528618691458e-05,0.8087546030680339,0.14197254180908203,76.96294566298083,28.47390956375047,145.1859539347612,29.480828886178646,78.40108825885422
0.13007619750000002,1,44.72753216000001,0.38904168718836984,-0.40503565710959116,9.186525787501725e-05,0.6743142604827881,0.1063375473022461,77.0587187092996,28.746435568430563,136.9511436858736,28.518095790551072,70.7704790324032
0.09978813749999998,0,40.161057440000036,0.5375789997358998,-0.5250092897739387,3.897853951489846e-05,0.6287641525268555,0.1431746482849121,76.94061595962009,28.8230729146606,189.3704045576153,31.691210406152237,77.61610778402913
0.07952008750000002,485,38.85537380000005,0.6986248885004279,-0.6256166102335815,0.00014912515112592523,0.7314157485961914,0.06677722930908203,77.2822648604971,28.46238731187659,210.91652224462644,27.56834152542754,59.31494066676189
0.09456608000000002,0,41.74018268000003,0.43522436214923504,-0.40632842940140596,8.340164291130814e-05,0.6686423619588217,0.11760425567626953,76.87909294679255,28.665420880556923,185.04808719727498,33.533995475401944,91.38096616478587
0.10278107249999999,1588,41.48041316000001,0.5570650770793053,-0.530788017575426,8.431705107650853e-05,0.7819669246673584,0.12369108200073242,77.05675313880643,28.50129031992586,177.54554186963549,30.417398403756362,70.3274881932197
0.14631098750000004,5692,48.012249380000014,0.16999981725034882,-0.21156648394279842,8.605784747293756e-05,0.720656156539917,0.1136617660522461,77.0468795304541,28.63703011766983,105.78328738956213,24.77842248718301,72.13921016762859
0.15630017000000002,0,43.011686120000036,0.18355806369544606,-0.25924467712069293,8.036239547384044e-05,0.675431489944458,0.08529806137084961,76.95657797442865,28.70711594059839,132.60033629448844,28.23796429534596,91.00659666374179
0.10812005999999999,0,41.70600248000005,0.3637277464751475,-0.33422190015269554,8.397091838929782e-05,0.6301561991373699,0.1371140480041504,76.98684475317673,28.801052091973563,176.03261042723489,33.19280363573022,96.74618744456444
0.092451385,0,40.66008836000003,0.3292102082889031,-0.27547600978879067,8.37094887439586e-05,0.5485732555389404,0.15003156661987305,76.88639059661315,28.880951122519583,196.43289651432792,35.40246440273417,114.16074192651445
0.12640207375,3845,41.63935108999999,0.37723990173621086,-0.3836443909889044,0.00013992699419169697,0.707304318745931,0.08461403846740723,77.33272640094455,28.573603716916026,161.56104316129324,31.2240223619519,86.95072749152213
0.1772614125,0,37.542854120000015,0.2603662308547402,-0.3417109810562174,8.4618303012062e-05,0.5411269664764404,0.13683176040649414,77.03552384061113,28.851821987083778,150.77167342407353,28.804145596028633,95.24652618002804
0.07143455125,0,31.997116670000025,0.12019092141669584,-0.08653479958107214,0.00013992699419169697,0.707304318745931,0.08461403846740723,77.29968868948725,28.55782736972435,273.4599893109729,37.867343507037724,222.04184137067477
0.09802339374999999,1293,40.34050349000006,0.5162265970269185,-0.4897851550780523,0.00013992699419169697,0.707304318745931,0.08461403846740723,77.29382797239236,28.634052422980343,190.03283463521905,32.27718675322073,81.75447917213383
0.07436699999999999,0,36.89684834000002,0.6411792038824926,-0.5668761552680222,8.974528618691458e-05,0.8087546030680339,0.14197254180908203,76.97837052992233,28.4692116635879,229.313125450259,30.711193892050847,77.11401921085186
0.09419224500000002,0,43.22702138,0.5330764869601071,-0.4838617145992866,8.340164291130814e-05,0.6686423619588217,0.11760425567626953,76.88559529166422,28.68481663961526,172.86552431596476,30.944494895189585,70.76512222500155
0.08747809250000001,2405,40.41399092000006,0.6252931187838603,-0.5451572654323543,8.340164291130814e-05,0.6686423619588217,0.11760425567626953,76.87317571522385,28.691947716708892,195.57915633895652,29.885940345524265,66.30147040689208
0.08760209000000001,1077,38.69130884000003,0.461048452862704,-0.4391264151801278,0.00015456825503671703,0.6664888858795166,0.1231832504272461,77.23079168368369,28.67743611657745,210.65072803992246,34.649467250493885,101.28528280594865
0.11292307250000003,4438,38.20595000000003,0.3826228223947396,-0.39216117310850485,0.0001552692533234929,0.6322150230407715,0.1382284164428711,77.31831673677303,28.82060097935194,195.29080483203506,33.86120331148869,106.11263821375509
0.0748667025,0,36.346547120000025,0.7019085605036753,-0.6170098152822755,9.208205715746468e-05,0.7053788503011068,0.10391569137573242,77.18771193437333,28.55150982154174,231.2692131193137,27.893123465201377,64.94716274562279
0.09871566500000001,0,39.248446100000024,0.47049886985413086,-0.4274443978178766,8.031308860090292e-05,0.8098287582397461,0.1892242431640625,76.90997236149552,28.495656283675984,197.83486617940696,33.48859589680212,94.25861234381463
0.1459258225,3307,39.279208280000034,0.21747249624487472,-0.2807950898685832,0.0001552692533234929,0.6322150230407715,0.1382284164428711,77.29524120964386,28.75406274527913,165.32846701330118,31.620148764633104,111.40159365684514
0.14295527249999998,4254,44.70702404000002,0.20918255338590347,-0.2529326414676733,8.617081325312803e-05,0.9222345352172852,0.10440381368001302,77.01980319947383,28.442464087863645,130.95604796119926,28.387780746258496,88.64105759461405
0.12604456000000003,2318,38.903226080000024,0.3791716311387418,-0.37506762955470346,8.991754130804885e-05,0.5436716079711914,0.14101839065551758,77.13580628366427,28.87785618210402,180.24463817129958,32.514116987849185,96.86660484035346
0.0655165375,0,37.77869750000002,0.6528507836334512,-0.563421783987513,8.4618303012062e-05,0.5411269664764404,0.13683176040649414,77.00695298506035,28.8535733111876,230.30539122503922,30.643780589821468,73.1811031774989
0.0890582975,2062,39.672280580000006,0.5444231459593462,-0.5057187384436579,9.208205715746468e-05,0.7053788503011068,0.10391569137573242,77.15847808314662,28.577943357258803,201.11015276765556,32.5134659496784,82.28515156489225
0.089596225,2649,41.09075888000001,0.4996662074059344,-0.42581651462872816,8.397091838929782e-05,0.6301561991373699,0.1371140480041504,77.02551817111261,28.78487790921609,192.03403757693331,33.0655667456126,84.66666496241989
0.13747364250000002,5416,47.144072300000005,0.2250233764666848,-0.26203986252586975,8.340164291130814e-05,0.6686423619588217,0.11760425567626953,76.93184558754838,28.705972748656965,117.7554148243729,26.675926101510875,75.37649704188209
0.135273175,993,43.080046519999996,0.3088534041514874,-0.33697737640491776,8.974528618691458e-05,0.8087546030680339,0.14197254180908203,77.03291523423152,28.542186736161444,146.11092448157024,29.9503828002705,86.87625026213954
0.1259813925,931,38.65029260000006,0.3588065982257368,-0.3716477838831117,0.0001581757076809691,0.6417844772338868,0.1521444320678711,77.19112046378089,28.77356950795226,182.41211109036885,32.82185143580822,102.2426573626666
0.09602435,1,39.38174888000003,0.5692526017029329,-0.5325695278573409,8.974528618691458e-05,0.8087546030680339,0.14197254180908203,77.03095179696365,28.532762348859205,196.95749991541254,31.386092734562297,77.17564515407258
0.1011669875,0,40.36613864000003,0.5012192526376601,-0.48277084046585117,8.974528618691458e-05,0.8087546030680339,0.14197254180908203,76.97775541223204,28.48856402074985,187.67291385723752,32.327522185201445,83.84560868504246
0.10354004499999998,0,40.34221250000002,0.3388453478023714,-0.28770924653988195,8.397091838929782e-05,0.6301561991373699,0.1371140480041504,76.99273340033328,28.83940081599656,189.49351976868695,34.45572604310513,109.11444751990152
0.10526512,0,42.28364786000003,0.46231749514726983,-0.4559455501404461,8.031308860090292e-05,0.8098287582397461,0.1892242431640625,76.8549664732127,28.515833796738526,172.1478035395986,31.83822896301152,81.71607745298182
0.12012238000000003,5220,44.36522204000005,0.3342910380477249,-0.3500006081467336,8.617081325312803e-05,0.9222345352172852,0.10440381368001302,77.04600785364289,28.440214532708392,148.72042506343234,30.558842630865122,85.96197214775056
0.09728165000000003,150,43.65085585999998,0.4707250250584697,-0.46212715073407296,8.031308860090292e-05,0.8098287582397461,0.1892242431640625,76.86720085394039,28.50533544298216,168.8556916769062,31.711699325053562,78.62351324875046
0.1271747825,677,42.480184010000016,0.4019244921169413,-0.4124486408609518,0.00014701965174594988,0.6609047651290894,0.12557220458984375,77.31152909136448,28.725889183045247,154.62330003321028,30.3450992100911,79.32798670797621
0.13915342500000003,5220,42.998014040000044,0.22874738415545598,-0.26177611866987577,9.186525787501725e-05,0.6743142604827881,0.1063375473022461,77.1154736660637,28.733363245318795,145.38768100658217,30.11150630981885,94.97626751861593
0.11105142250000001,2731,40.98480026000004,0.3785014879847759,-0.3782968645628808,9.208205715746468e-05,0.7053788503011068,0.10391569137573242,77.22403558510777,28.62637636273495,178.26882094809014,33.08896076336666,96.66232865262894
0.10450273750000003,415,41.606879900000024,0.4553389246841188,-0.44196428571428575,8.895342588428118e-05,0.6211264928181965,0.1589803695678711,77.11578359808689,28.816544204348883,177.563619965292,32.363723467287336,84.15524659781529
0.0804249475,85,39.53555978000003,0.666109994265224,-0.6010706910438632,8.467832677738762e-05,0.8969619274139404,0.1082615852355957,77.10757092790264,28.448629288968277,206.30040391937985,28.931431780731405,64.57224308852237
0.0899092575,338,41.753854760000024,0.4923476754259313,-0.457015939378103,8.617081325312803e-05,0.9222345352172852,0.10440381368001302,77.0078530119128,28.426130213071318,187.40587990303038,32.928741487077254,85.69910049238516
0.148969495,4778,46.03663382000002,0.24234507966050395,-0.2815423938563317,8.036239547384044e-05,0.675431489944458,0.08529806137084961,76.96788589900063,28.748697303246374,116.02460167851302,26.09693789243218,72.77268304891291
0.1113122325,678,44.621573539999986,0.46047119641106393,-0.4493873170501587,8.036239547384044e-05,0.675431489944458,0.08529806137084961,77.04754485795753,28.735290146768428,151.05536726451692,29.79220903777918,69.87907350390745
0.05216580999999999,0,33.81379430000004,0.12721611488847961,-0.06050098642912666,8.031308860090292e-05,0.8098287582397461,0.1892242431640625,76.9291280731487,28.507223354929238,277.455285524392,39.262454294898994,225.17994228814396
0.106937285,0,36.86266813999998,0.5466345495228093,-0.5180400242027655,8.895342588428118e-05,0.6211264928181965,0.1589803695678711,77.12225056046559,28.81774524732325,205.46288479465807,31.731564230650182,83.81371533186342
0.0841087925,663,36.69518516000005,0.6075992734277532,-0.5572183539548164,0.0001552692533234929,0.6322150230407715,0.1382284164428711,77.31424481015425,28.78013585984758,223.550315299089,31.432469863763956,80.26586250978326
0.08414876375000001,0,40.255052990000024,0.6341485936997495,-0.5812020322460386,0.00015226489729356117,0.7993351618448893,0.09926128387451172,77.26798599204375,28.439382788836177,199.1316042120353,29.833872984183127,66.9267472345852
0.13270082500000002,6356,44.35667698999998,0.15300811515922227,-0.20306141292824564,0.0001456475671880576,0.7663278579711914,0.07316907246907552,77.24743763632785,28.498831240966368,142.89584471572527,30.293787555502544,102.71496863322243
0.10990560750000002,3600,43.58249546000002,0.3117575673520336,-0.336323947044944,0.0001456475671880576,0.7663278579711914,0.07316907246907552,77.23364863356886,28.514867470070058,162.86241479614478,32.44184848027501,96.67088407836378
0.10680440500000002,0,42.030714380000006,0.3466078661266254,-0.3210513933183458,3.897853951489846e-05,0.6287641525268555,0.1431746482849121,76.94739227964703,28.7986669952307,175.24768113183995,33.33331253942749,98.70523591739122
0.1414839125,4283,44.281480550000026,0.24053271640830864,-0.2687628507259672,0.00014701965174594988,0.6609047651290894,0.12557220458984375,77.3266506518026,28.6781907073249,134.37566308053965,28.746639219789767,85.61853523879783
0.12115715000000002,2720,43.999493900000004,0.23964143158573786,-0.2804342243168393,0.0001552692533234929,0.6322150230407715,0.1382284164428711,77.26589019127536,28.82414697456783,152.61791523133672,31.436010224231026,98.10464854498642
0.1231593425,4203,41.14202918000001,0.2939597850419488,-0.31062323803884895,9.208205715746468e-05,0.7053788503011068,0.10391569137573242,77.22371300769167,28.629363461723216,169.38569442123628,32.59273053047674,103.46750681635758
0.1413298575,5408,46.08790412000002,0.19076504452907303,-0.23692265916216143,8.974528618691458e-05,0.8087546030680339,0.14197254180908203,77.00533768098877,28.456334890316064,122.98835103007139,27.43191217693282,83.67714544983673
0.1058543075,2704,40.39690082000004,0.5268756171251872,-0.5105669846803582,9.208205715746468e-05,0.7053788503011068,0.10391569137573242,77.1890738071803,28.58885786788442,183.15206223769735,31.350034651744878,76.94203863389644
0.11136500500000002,0,41.31293018000002,0.32722431712822164,-0.32368204671977563,8.425432941976397e-05,0.550548235575358,0.18518781661987305,76.84981701067066,28.875781175838995,176.92516112270516,33.41916525120271,102.15538965320052
0.11711968249999999,2590,46.13917442000002,0.26279474366092914,-0.2658874169728004,9.186525787501725e-05,0.6743142604827881,0.1063375473022461,77.0983862633801,28.67930207734508,140.29629966246898,30.066987245714206,86.80893200138668
0.09863330250000002,0,33.89240876000002,0.5858916032319677,-0.5650883671854392,0.00015186386745350924,0.5615221659342449,0.1089315414428711,77.31068715456703,28.8540995455367,230.5428041863625,31.307651711591863,87.22415496659373
0.12246356499999998,1334,41.171082350000006,0.37378091915521405,-0.3907074391900991,0.00014912515112592523,0.7314157485961914,0.06677722930908203,77.34140570563987,28.534416637375507,167.9784695844736,31.92500228052318,91.45680424007888
0.08221142999999999,0,41.20355354000003,0.6215355622705268,-0.5820122424784203,8.958636967903999e-05,0.8544745445251465,0.11635112762451172,77.17784245221925,28.409508963999816,194.4724184474743,30.157956768256096,67.54995245761053
0.1500101225,4612,46.05714194000001,0.18210637548432543,-0.22991703064639193,8.974528618691458e-05,0.8087546030680339,0.14197254180908203,77.00379232195999,28.46291980366909,116.46536325281761,26.309558790810083,79.79263033413795
0.13692785,0,34.15559630000001,0.4532035685320356,-0.45677757678001574,0.0001520350962984842,0.547762393951416,0.12106871604919434,77.15226661484115,28.87741024871285,200.9069019393026,31.66357596897674,97.73307037060351
0.11938980750000001,4961,43.70896220000003,0.33239292288423455,-0.3434233268915548,9.330361674741994e-05,0.712843656539917,0.1165914535522461,77.109489571457,28.619834616478933,153.92559996866726,31.133198226768602,87.89840750982289
0.10031440500000002,0,38.89297202,0.07424784163251068,-0.07116521739130427,8.37094887439586e-05,0.5485732555389404,0.15003156661987305,76.86581366464742,28.85644782170497,207.45376622829292,36.6486412166527,167.1159916417727
0.11038160500000001,0,38.906644099999994,0.5058977264842611,-0.4806590257879656,0.0001581757076809691,0.6417844772338868,0.1521444320678711,77.16447464887932,28.848580730880588,190.0267872235296,31.94250179907251,83.26170897468796
0.13108854125,4244,40.919857879999995,0.26050542016952416,-0.2866032187280813,0.00014912515112592523,0.7314157485961914,0.06677722930908203,77.25725740141858,28.531453480543185,165.2835034509252,32.116077612322826,105.7092791225449
0.0911017125,96,40.325122400000055,0.5726676746221698,-0.5539386461508686,8.958636967903999e-05,0.8544745445251465,0.11635112762451172,77.2092625522481,28.44723497770023,194.4383998347655,31.38324740873646,75.68755128654436
0.11907669250000003,5181,42.22554151999998,0.412329194557775,-0.42134981247667064,8.605784747293756e-05,0.720656156539917,0.1136617660522461,76.98064123736644,28.569121780785917,162.6205752078572,31.233811561096317,82.84529033513364
0.086821695,0,33.99494936000002,0.5874983515758935,-0.43173168411037105,0.00015186386745350924,0.5615221659342449,0.1089315414428711,77.31802138364029,28.876536332208012,239.3040289042059,31.920827787030415,90.43905791615619
0.1467031925,4747,49.98102890000001,0.18686452478246782,-0.22224303222559075,8.605784747293756e-05,0.720656156539917,0.1136617660522461,76.992870474678,28.621914430196654,90.76930160581401,22.13824371483595,59.87778064626074
0.11045522249999999,1396,38.05555712,0.49385532155676976,-0.4725643766849494,0.00014912515112592523,0.7314157485961914,0.06677722930908203,77.32851912740269,28.539287975614005,195.8919128178851,32.41487908204404,88.82015673805019
0.12778872,4117,43.41159446000006,0.27908190544084316,-0.29992431544288395,9.330361674741994e-05,0.712843656539917,0.1165914535522461,77.06868841180636,28.648913646537896,150.48455112007855,30.81786406298904,92.50128695326464
0.1123776925,1473,44.04051014000004,0.5301911584410444,-0.5099195477749509,8.036239547384044e-05,0.675431489944458,0.08529806137084961,76.97280840002017,28.747290142725554,152.68638573769908,28.732845017535574,62.19904987996174
0.11224888250000001,25,43.365451190000044,0.4598441614790799,-0.45636869728322627,0.00014701965174594988,0.6609047651290894,0.12557220458984375,77.34347583829367,28.70492705940668,159.12082181014375,30.552860962943235,74.11861370296982
0.11478446499999999,2033,42.81002294000001,0.34819746263032286,-0.35315216500564184,8.467832677738762e-05,0.8969619274139404,0.1082615852355957,77.11058285479764,28.422939199421347,163.47395765244437,32.06931538599438,93.38810419856098
0.09390792250000002,0,39.737222960000054,0.1937202990162041,-0.11632064493279136,8.37094887439586e-05,0.5485732555389404,0.15003156661987305,76.9295722947679,28.882070524955424,204.41529398192472,36.46136530390125,143.11932280749448
0.12068511250000002,1637,48.33012524000003,0.3399375180295471,-0.39219825139818,8.296685417903404e-05,0.9189741611480713,0.16247224807739258,76.86974705526833,28.42871891630248,119.87884434193552,26.83469034405342,67.14635843250106
0.1251677225,3582,43.26461960000006,0.33567637940999606,-0.3525270021814571,8.467832677738762e-05,0.8969619274139404,0.1082615852355957,77.06325204916749,28.42526412835234,152.31042670201793,30.756773415073567,88.04658473690466
0.1164148575,0,40.31486834000003,0.535066587635201,-0.4659666287566018,0.0001581757076809691,0.6417844772338868,0.1521444320678711,77.22847705755765,28.7962643679864,175.0809556677517,30.259436849818346,71.77341715930959
0.08823388874999999,1483,39.57828503000002,0.5897758759201877,-0.5474124999202078,0.00014912515112592523,0.7314157485961914,0.06677722930908203,77.31168045390164,28.501346277189203,201.41975137804206,31.289087439127375,74.91760832230544
0.130395005,4555,40.94036600000004,0.291070353672469,-0.3090245558095073,9.186525787501725e-05,0.6743142604827881,0.1063375473022461,77.13379677544123,28.711427418751597,165.02526752910705,31.96629656209459,100.76882402316367
0.112349835,0,41.10784898000003,0.46596362343740727,-0.420240609789696,8.397091838929782e-05,0.6301561991373699,0.1371140480041504,76.98579739078787,28.794780755017626,174.45998034309332,31.68031628291535,81.16687334649161
0.15010800875,0,43.21676732000003,0.3198516700318039,-0.3424571482261984,0.00014912515112592523,0.7314157485961914,0.06677722930908203,77.3224056541882,28.517216493179184,133.04889185484137,27.947190703173167,76.73499916795699
0.13293017499999998,5052,43.568823380000026,0.22751198246287616,-0.2610999777332444,0.0001456475671880576,0.7663278579711914,0.07316907246907552,77.18260872234974,28.497543313257264,146.46016969377752,30.444998867136086,96.51941902998534
0.10996275250000001,0,42.39986054000002,0.47153699630243384,-0.4683936116374593,8.974528618691458e-05,0.8087546030680339,0.14197254180908203,76.95266253627169,28.54784545412833,167.38078785333641,31.156849028952976,77.90050771625495
0.15859345000000002,0,44.53612304000001,0.2356773230246875,-0.3191512590821501,8.296685417903404e-05,0.9189741611480713,0.16247224807739258,76.87371623977657,28.408927226297557,119.02541146879582,26.284951165978875,77.49868207204202
0.14873720249999997,3639,47.352571520000026,0.2630227880885395,-0.2738620865022308,8.036239547384044e-05,0.675431489944458,0.08529806137084961,77.00618768586106,28.722459763066908,106.34363748525084,24.5622121251339,64.37427677439148
0.12428073750000002,19,44.15672282000003,0.3447783091667779,-0.34845242644249136,7.711288683433435e-05,0.7397317886352539,0.15915775299072266,76.87868256469335,28.60064016062798,146.6094493108958,30.13110046786359,82.09390453994332
0.12472159,2812,42.52632728000003,0.34599736606932885,-0.3483517972095105,8.974528618691458e-05,0.8087546030680339,0.14197254180908203,76.99218673424774,28.54542705378258,157.52748109180948,31.194912398667075,89.40608744926698
0.0954646425,1871,41.19329948000001,0.5829232716396225,-0.5642702502608054,8.467832677738762e-05,0.8969619274139404,0.1082615852355957,77.13386711437522,28.433581667892756,184.7953096912505,30.422783547485334,70.20220825302009
0.114817245,0,36.985716860000025,0.5219274558860809,-0.5169618139473569,8.895342588428118e-05,0.6211264928181965,0.1589803695678711,77.12686092994181,28.817740266250556,198.8687447017706,31.712501702151773,85.03641742109403
0.1013445,0,41.81196110000002,0.5708229978222641,-0.5132494166217914,8.397091838929782e-05,0.6301561991373699,0.1371140480041504,76.96699633212268,28.82492833748184,176.10702450991766,30.01709973030503,66.74186338698712
0.091990375,3630,39.39883898000005,0.5286535766213013,-0.5271133211201255,0.0001456475671880576,0.7663278579711914,0.07316907246907552,77.20702565129396,28.489702412131468,200.9482480911861,32.75914387094261,85.3780511236882
0.13662326,394,41.15570126,0.355095386675016,-0.3977571384026014,3.897853951489846e-05,0.6287641525268555,0.1431746482849121,76.92861747480525,28.764764721286628,157.1688176785583,30.634631377991855,86.86469121084545
0.13999366,4108,45.08642426000006,0.2952152949468055,-0.33319515214324785,8.431705107650853e-05,0.7819669246673584,0.12369108200073242,77.07566047440987,28.487853620812082,128.6710141547893,27.84606302904072,76.68561751433938
0.18225046250000002,0,30.66921590000004,0.3194581226883768,-0.3888696918179013,8.397091838929782e-05,0.6301561991373699,0.1371140480041504,77.0420013098698,28.84507878706338,189.0739503954855,29.551026798449918,115.56320436035301
0.1109686475,2124,38.527243880000015,0.4668713967030737,-0.4633272255394415,8.617081325312803e-05,0.9222345352172852,0.10440381368001302,77.02578915234038,28.420921447412987,192.92477638807122,32.7492204055334,93.3198200095026
0.07942878749999999,0,34.38118562,0.724603637177155,-0.5803028586533742,0.0001520350962984842,0.547762393951416,0.12106871604919434,77.23304578011937,28.856050313442953,239.96141160039934,26.419917506047977,62.1076070920685
0.11434102750000001,2956,41.37274553000003,0.44038475650025677,-0.4398036650814803,0.00014912515112592523,0.7314157485961914,0.06677722930908203,77.32381451618714,28.546894462755088,171.626368886597,31.774486512467544,84.01134995562083
0.09303482500000002,683,38.34608881999998,0.6087930584860481,-0.549397232750354,8.958636967903999e-05,0.8544745445251465,0.11635112762451172,77.20279500501866,28.43169293754431,205.4453684691366,30.600051525601717,74.29930285463286
0.12284309250000001,2356,44.16697687999999,0.3638742082660809,-0.39015988406623425,8.431705107650853e-05,0.7819669246673584,0.12369108200073242,77.08334177905627,28.516298878346035,147.2488612730649,30.099254633494734,80.42170336596271
0.08913967,0,42.03755042,0.5923109804277146,-0.4992773641170121,8.397091838929782e-05,0.6301561991373699,0.1371140480041504,77.0009324750498,28.755398377521562,183.83309359132454,30.306518447228864,66.62760414402084
0.15001611750000002,1,42.601523720000046,0.2866795960228258,-0.3094625955587914,9.330361674741994e-05,0.712843656539917,0.1165914535522461,77.14846461162222,28.644468214907853,138.11181919193473,28.698799514364108,83.68396171596132
0.09085407500000002,17,40.967710160000024,0.3184796223142885,-0.29536956693223937,3.897853951489846e-05,0.6287641525268555,0.1431746482849121,76.90479069624938,28.778436221528334,195.86797879381515,35.525252851866036,116.32365198182886
0.08511421999999999,0,39.34585966999998,0.6030954316371323,-0.5560668465653554,0.00015226489729356117,0.7993351618448893,0.09926128387451172,77.27650285071473,28.430252674863844,205.19531598798267,31.127863208132144,74.65304433503783
0.08964954750000001,1757,39.54581384000005,0.6022698024098693,-0.5790839802732485,8.958636967903999e-05,0.8544745445251465,0.11635112762451172,77.19120597110658,28.439439021119497,200.23556720850013,30.7861838193515,73.20702203911985
0.12023320500000001,2582,41.244569780000006,0.3645758626770914,-0.3793824724869863,8.431705107650853e-05,0.7819669246673584,0.12369108200073242,77.08904698620756,28.453230024675324,169.46711549070903,32.21178371011813,94.12009572984815
0.10883723249999999,42,41.70600248000005,0.48619177084740184,-0.4772224524458504,7.711288683433435e-05,0.7397317886352539,0.15915775299072266,76.93115583649745,28.588592202701506,172.72926943238576,31.359846564951877,78.13290665053691
0.09801598250000002,2873,40.01579159000005,0.5370959260835817,-0.5133882484183407,0.00013992699419169697,0.707304318745931,0.08461403846740723,77.33181786961904,28.552986004305104,191.78239644252835,31.896567802258843,79.28401347692153
0.12314270500000002,0,41.56928168000002,0.4578158168104421,-0.418097743411189,8.397091838929782e-05,0.6301561991373699,0.1371140480041504,76.99071273742948,28.814290939636003,162.85394664420164,30.520808627212112,76.37602916991571
0.0887480425,96,38.588768240000036,0.631876319006465,-0.5849045458841319,0.0001456475671880576,0.7663278579711914,0.07316907246907552,77.19863089119436,28.522516022624018,206.7575957467377,30.003035088635112,70.07652346688377
0.100899495,2408,37.99745078000001,0.5457008462265673,-0.5136438046852949,8.617081325312803e-05,0.9222345352172852,0.10440381368001302,77.02460643240462,28.40701257245695,202.8194770471523,31.994271307243213,84.80853258678374
0.07788672499999999,0,39.576576020000005,0.6339227242960054,-0.5822747180879525,8.958636967903999e-05,0.8544745445251465,0.11635112762451172,77.18104325304265,28.414364296038016,208.75138467640522,30.433978342629942,70.90725798946158
0.1482566125,6087,48.23100266000006,0.2903578285732125,-0.33316488904180297,9.186525787501725e-05,0.6743142604827881,0.1063375473022461,77.05149912424449,28.673559449631956,99.74062401306503,23.393840825844524,57.877405014744035
0.10640246500000002,293,42.85445720000001,0.3830320482056203,-0.38110801222101665,7.711288683433435e-05,0.7397317886352539,0.15915775299072266,76.86443426639498,28.64532628262012,169.08526454883508,32.53921992697403,90.61898008908106
0.07553852750000001,0,38.182023860000015,0.48349620065040394,-0.39797754670240726,8.397091838929782e-05,0.6301561991373699,0.1371140480041504,77.02263927982456,28.843111523971594,223.20714195467326,35.15992117227839,103.39083911672353
0.083812205,19,40.289233190000004,0.6515197940924133,-0.5879876376256935,0.00014912515112592523,0.7314157485961914,0.06677722930908203,77.2878967200524,28.478388475487492,198.78779092375794,29.15037338470859,63.45704994537187
0.13999379750000002,0,45.03857198000003,0.3420530484610867,-0.412248125031319,8.031308860090292e-05,0.8098287582397461,0.1892242431640625,76.89534181731744,28.473984534389253,127.91837651378239,27.487427918177264,71.57358020437356
0.06107091499999998,16,37.10876558000001,0.5442351543487843,-0.4505251221685251,8.397091838929782e-05,0.6301561991373699,0.1371140480041504,77.02439674837781,28.82320435167381,240.58828167205655,34.69721367388692,99.88952560815972
0.14481611500000002,0,41.01898046000002,0.32250051964248583,-0.36157031425544883,8.974528618691458e-05,0.8087546030680339,0.14197254180908203,77.0324354263734,28.5253682322004,152.26244733062583,30.10400280781726,89.55807010778436
0.1785060625,4130,44.95312148000005,0.18026185331130035,-0.20768538413914028,9.208205715746468e-05,0.7053788503011068,0.10391569137573242,77.23342790165745,28.58199905739495,101.46722017860384,23.33383331288051,68.61555524398008
0.09350532250000002,1994,43.261201580000034,0.3984501105424613,-0.3897957166642591,9.208205715746468e-05,0.7053788503011068,0.10391569137573242,77.21345940927003,28.568526450051955,176.23699132552144,33.40158901612418,92.04883578418996
0.10283054500000001,0,33.236148920000005,0.066689186786616,-0.10381940611546545,0.00015456825503671703,0.6664888858795166,0.1231832504272461,77.23301815740032,28.677982274195436,241.74214235253623,36.64456560283654,204.3937773803659
0.17101737250000001,0,34.83578227999999,0.2843153848013734,-0.3299449173760642,0.0001581757076809691,0.6417844772338868,0.1521444320678711,77.19169553107014,28.83615124639022,172.73300692057904,30.2855633650928,108.67161192547373
0.108023865,294,40.014082580000036,0.5307185005206526,-0.514813224559897,9.208205715746468e-05,0.7053788503011068,0.10391569137573242,77.1920938346047,28.592727375098924,183.92677109044257,31.218132109136103,76.77287884230978
0.12394622750000003,0,41.41888879999999,0.3834288365479052,-0.3909887859639769,8.340164291130814e-05,0.6686423619588217,0.11760425567626953,76.93040451786621,28.661316332297716,164.89193452927054,31.534382011841945,87.80668668286151
0.1485244625,0,45.08984228000003,0.3687772892776745,-0.41026119983811216,8.031308860090292e-05,0.8098287582397461,0.1892242431640625,76.88283647035448,28.45399272829148,120.1110865784267,26.051488889485526,64.31022525262469
0.11797969000000001,4600,44.62499156000001,0.27610122610741866,-0.2885847286875564,3.897853951489846e-05,0.6287641525268555,0.1431746482849121,76.8649469448684,28.78392309310142,149.96126143440586,31.094045031712625,91.5967055110115
0.08758229000000001,1120,42.786096799999996,0.48400273351349665,-0.39096699057393447,8.37094887439586e-05,0.5485732555389404,0.15003156661987305,76.92287820920056,28.87446463620911,182.33195273919216,32.8347102801968,81.52728173796126
0.12158153000000001,75,35.61850886000002,0.4697016884301382,-0.4724941634024439,9.208205715746468e-05,0.7053788503011068,0.10391569137573242,77.24348462957423,28.63282594097301,203.45515291755538,32.43312878222775,97.15900820900333
0.1293592175,4159,43.99265786000001,0.33012126401083364,-0.36017899652078367,8.467832677738762e-05,0.8969619274139404,0.1082615852355957,77.08749244576552,28.423155399246905,144.02778550705295,29.79193809403265,83.43790748679429
0.1521890025,81,44.41307432000002,0.33532295885738655,-0.39361327842049704,8.031308860090292e-05,0.8098287582397461,0.1892242431640625,76.89715224458146,28.479478660704594,122.70856697056252,26.51447413935889,69.255358094121
0.142943255,6620,43.85935508,0.1795841458915301,-0.21028296402449742,0.00013992699419169697,0.707304318745931,0.08461403846740723,77.32711244164331,28.584487724710158,137.5369225074869,29.273624387788217,95.14806250609396
0.08054781750000001,0,38.97842251999998,0.6153539933472326,-0.5585573855868757,8.958636967903999e-05,0.8544745445251465,0.11635112762451172,77.19294469223422,28.41998011539369,211.05745500309047,31.083197804096017,75.19618362409383
0.117963575,49,43.55173328000001,0.41304856504393206,-0.42519993981892584,0.0001552692533234929,0.6322150230407715,0.1382284164428711,77.32319798874587,28.759778057002986,154.31829216442225,30.5101016842278,77.37219388491788
0.15081829249999998,0,46.70314772000006,0.24061817666241325,-0.2847812808344688,8.397091838929782e-05,0.6301561991373699,0.1371140480041504,76.98636686972316,28.760426665179523,109.85418236563044,25.13914443675176,68.47977544773958
0.151202,3347,44.19432103999998,0.18085295266503318,-0.20846733896611247,8.340164291130814e-05,0.6686423619588217,0.11760425567626953,76.85649952937659,28.734048651241054,128.58044542135667,27.922440346937066,88.05153940657355
0.11724830000000001,3600,42.93648968000002,0.37982239946496904,-0.3894764410965054,9.330361674741994e-05,0.712843656539917,0.1165914535522461,77.11919314143242,28.59472126338499,159.91430519082917,31.39506911022478,85.46194899734537
0.1322852175,4673,43.71238022,0.291569804495214,-0.31091287687436087,9.186525787501725e-05,0.6743142604827881,0.1063375473022461,77.11506690437808,28.694118436241897,144.51883843315068,29.97580954113435,86.68513276202248
0.11050222000000001,6,43.94993261000002,0.4783533672865372,-0.47436129733647403,0.0001552692533234929,0.6322150230407715,0.1382284164428711,77.32001549731605,28.760742665115547,156.0118981321316,30.03768559132085,69.96670585463994
0.12530159250000003,767,41.86323140000002,0.3928412794554527,-0.39887721818929706,8.340164291130814e-05,0.6686423619588217,0.11760425567626953,76.94811623584587,28.742742856886434,160.5627874136817,31.033309750524012,83.9842049756927
0.0989395425,1344,40.851497480000035,0.4907498994901117,-0.467874804421181,8.605784747293756e-05,0.720656156539917,0.1136617660522461,77.00636091554777,28.553224980973333,186.38741760734592,32.54720469381586,84.05878119083734
0.10881915125000002,53,38.95107836,0.4740843271519496,-0.46155757124073704,0.00013992699419169697,0.707304318745931,0.08461403846740723,77.27380446412978,28.582387206195385,191.66415788830568,32.678685224346324,89.56909939724038
0.13436375000000003,0,42.17085320000001,0.28156843564033585,-0.3216953712377796,8.340164291130814e-05,0.6686423619588217,0.11760425567626953,76.86683781738016,28.653532686704708,153.6986388077736,30.88328266769543,94.22471680657218
0.14255881875,4108,42.86129324000001,0.2665964837800081,-0.311196567237309,0.00015226489729356117,0.7993351618448893,0.09926128387451172,77.33090240784756,28.44542193811322,142.74648718897515,29.55689818196889,89.7001815195032
0.0834737075,0,42.91256354000001,0.4801128958989598,-0.4068191309394886,8.036239547384044e-05,0.675431489944458,0.08529806137084961,76.99744877182292,28.731810130640305,184.82952596433154,33.21453474723978,84.18889668454175
0.13460487,3826,41.12493907999999,0.40667731039501265,-0.4269644352386408,0.00015456825503671703,0.6664888858795166,0.1231832504272461,77.19184802784656,28.688231120530382,157.85112684638398,30.2997194007087,80.80850182167818
0.1167831375,1720,40.738702820000015,0.46854483356633453,-0.4175867350715461,8.4618303012062e-05,0.5411269664764404,0.13683176040649414,77.04506745749089,28.868767319916596,173.36895267409318,31.38648515015655,79.66903292900078
0.09753752375000001,0,41.218934630000035,0.4401053706432332,-0.43057937255290685,0.0001552692533234929,0.6322150230407715,0.1382284164428711,77.31969783630184,28.776839018142727,186.12483186250097,33.41502936983258,91.03461998600292
0.10072660250000001,1530,41.84272328000003,0.509867214878666,-0.4833844173177661,8.617081325312803e-05,0.9222345352172852,0.10440381368001302,77.03085792200592,28.43747391042133,177.75025064192437,31.567486320150564,78.29888763567254
0.0922192575,3,38.44862942000003,0.10213110030948823,-0.07455734971637752,6.0659547028470396e-05,0.6286576588948568,0.1846785545349121,76.84547995600153,28.78267173182027,216.24547669210148,37.26442084853966,171.23105026368023
0.11872018250000001,2657,43.47995486000002,0.31818552510241077,-0.33607167155201473,8.605784747293756e-05,0.720656156539917,0.1136617660522461,77.04233189630229,28.56322364021444,156.37510057415284,31.49064242969157,91.36012894844127
0.17743567999999998,0,51.173917879999976,0.210536803848818,-0.29625207667569303,8.296685417903404e-05,0.9189741611480713,0.16247224807739258,76.86205231612772,28.44534358403291,56.8008809943525,14.833531007711388,36.22361256390389
0.11234648,0,41.11810304000005,0.32297833128560266,-0.32389328601666806,8.340164291130814e-05,0.6686423619588217,0.11760425567626953,76.86340307643901,28.695685052073863,177.55601316115985,33.4519303913184,104.18510132417374
0.0722810425,1534,37.40271530000001,0.17660025226858028,-0.17660025226858028,9.186525787501725e-05,0.6743142604827881,0.1063375473022461,77.12756945875697,28.66029368262415,237.43790422904084,38.460600339083335,175.02220994460882
0.15454102249999999,5314,45.30175952000002,0.18721168703469596,-0.2353917934445783,8.974528618691458e-05,0.8087546030680339,0.14197254180908203,77.024683877932,28.484921945963688,118.03685023016862,26.402995171514736,80.59454985226213
0.1067957425,0,42.35200826000005,0.3433871668747802,-0.3363895904249479,8.340164291130814e-05,0.6686423619588217,0.11760425567626953,76.89371490255441,28.719093359030733,173.12454707641518,33.198184950015495,98.11506002001654
0.091363045,4783,36.28844078000003,0.5290152726470749,-0.4703808274015455,0.00013992699419169697,0.707304318745931,0.08461403846740723,77.24989321947491,28.622328969661993,222.04931779900835,33.299202659507046,95.23107818713338
0.09263475500000001,471,40.28752417999999,0.6165954047831602,-0.570234638401287,8.958636967903999e-05,0.8544745445251465,0.11635112762451172,77.19961348282374,28.43477805896282,192.50589786002104,29.859866683439606,67.73684521906715
0.137604075,569,48.63774704000002,0.386654545834509,-0.4170301596877787,8.296685417903404e-05,0.9189741611480713,0.16247224807739258,76.85810711207887,28.40953265817718,102.9707534314316,23.60261263646126,53.22304070638999
0.141266305,64,41.59662584,0.3306808134394341,-0.36923448442405216,8.4618303012062e-05,0.5411269664764404,0.13683176040649414,76.99664558855858,28.86176873429203,150.99762667169853,30.07710374004513,85.45185282824279
0.12494711750000001,0,43.98240380000004,0.37779609621102844,-0.3920414998483019,8.397091838929782e-05,0.6301561991373699,0.1371140480041504,76.98732634465024,28.75292226338266,146.53522406179513,29.842052846594495,77.2893747884412
0.10748813750000001,1881,39.887615840000024,0.5031219389073514,-0.47207966476764446,9.208205715746468e-05,0.7053788503011068,0.10391569137573242,77.19258978777377,28.609677737653165,185.8114206786497,31.92051970706076,81.91690779285162
0.08247325750000001,542,40.89934976000001,0.6399332357022722,-0.57820625650052,9.330361674741994e-05,0.712843656539917,0.1165914535522461,77.11425557832186,28.630454877564315,195.94336907965203,29.535253897902678,64.24600373220073
0.16655492000000002,5474,46.68947564000001,0.18300835059692885,-0.23086495194711396,8.036239547384044e-05,0.675431489944458,0.08529806137084961,77.05003160880227,28.658744959637772,98.72955820114294,23.172497891507554,65.93200732535419
0.07963171000000001,0,39.901287920000016,0.5467653517190546,-0.4017436561114938,0.0001581757076809691,0.6417844772338868,0.1521444320678711,77.23906365764488,28.81129828550405,207.05362259164644,33.08680969507965,84.04836665031637
0.06720528500000002,0,38.622948440000016,0.6830329676925616,-0.5779373799759424,8.397091838929782e-05,0.6301561991373699,0.1371140480041504,77.02984955251182,28.826515207015177,222.6664981104759,29.07411789070809,65.31966872942206
0.16666096,0,47.205596660000026,0.2813217472172979,-0.3439036781142046,8.031308860090292e-05,0.8098287582397461,0.1892242431640625,76.88002122253668,28.47952588468873,92.62090237631594,21.87160012552591,55.07455063489741
0.126496825,802,43.80808478000006,0.41172203684897724,-0.4275815761706739,8.605784747293756e-05,0.720656156539917,0.1136617660522461,76.96862391810438,28.636898769772078,145.7348729109334,29.385355342835,73.43942365511278
0.073139235,54,37.201052119999986,0.7152659322055636,-0.6289714560635312,0.0001456475671880576,0.7663278579711914,0.07316907246907552,77.20492995990247,28.496793131606367,226.72732369451194,27.223867821321054,61.17838658177534
0.10908203749999999,0,41.032652540000015,0.276884925714871,-0.26467327909116595,8.37094887439586e-05,0.5485732555389404,0.15003156661987305,76.88926473225274,28.856727102973753,181.76517379419602,34.16404050428893,112.80269785349128
0.1204342575,5108,45.77344628000003,0.31366160910980806,-0.34609759509608173,0.0001456475671880576,0.7663278579711914,0.07316907246907552,77.15574275967295,28.465246988454837,139.04000704402415,29.57326812775007,80.91492506424783
0.12101357250000001,1115,42.92623562000006,0.26075349752112553,-0.30373957864877027,0.00014912515112592523,0.7314157485961914,0.06677722930908203,77.29762732634757,28.500101420944862,159.6682817642643,32.03695993031645,101.2806912556455
0.08665809750000003,507,37.78553354000002,0.6645746691871456,-0.5954664050130455,8.617081325312803e-05,0.9222345352172852,0.10440381368001302,76.98363290224137,28.43887748486954,213.09811032955815,28.925039224777862,67.50992963899806
0.116985455,0,43.05953840000001,0.4849765414434499,-0.4610893455414535,8.296685417903404e-05,0.9189741611480713,0.16247224807739258,76.87031866600836,28.445434885913983,156.8890859456302,29.81063479710796,71.55619663087863
0.09722313,569,40.50285944000001,0.5839119523750577,-0.5602520826751359,8.031308860090292e-05,0.8098287582397461,0.1892242431640625,76.87386613521937,28.50627825029957,188.08532697867759,30.50684057571735,71.01931239506474
0.10022720250000001,0,40.06193486000001,0.5535389769908781,-0.5394054574036274,3.897853951489846e-05,0.6287641525268555,0.1431746482849121,76.94934563463765,28.829369981520422,189.3421917305983,31.280859357055434,75.11888074185306
0.1176559325,1903,41.753854760000024,0.4052593509202968,-0.4171876412961567,8.974528618691458e-05,0.8087546030680339,0.14197254180908203,76.99999223934147,28.50630819012137,167.15083356522393,31.735718418138358,87.14992780702744
0.09257499749999999,0,36.78063566000003,0.5463531651349596,-0.5090943325174165,8.895342588428118e-05,0.6211264928181965,0.1589803695678711,77.05287200485624,28.84832161654459,217.4971221397488,32.74601505856519,89.18534272943509
0.1055450425,4481,41.54193752000003,0.46198098303973306,-0.46111865780129174,8.974528618691458e-05,0.8087546030680339,0.14197254180908203,77.04698688692393,28.452039248229063,177.02660271852244,32.18517443904786,84.32623127763306
0.1413873325,6055,46.95608120000003,0.17248968363136183,-0.21436570254779191,9.186525787501725e-05,0.6743142604827881,0.1063375473022461,77.06316539047026,28.655891396612176,117.21780462726429,26.65113919225254,80.06094024192546
0.07846190125,0,32.15776361000002,0.6837021666864719,-0.591224144832134,0.00013992699419169697,0.707304318745931,0.08461403846740723,77.31027030186998,28.561521489698237,255.7444188269834,28.312201426202556,77.0606830580248
0.098035425,0,40.17472952000003,0.4974585663511637,-0.4517868059801033,8.719183587195072e-05,0.8373379707336426,0.24370765686035156,76.84751673300332,28.54813005209637,191.55689302033613,32.73670717471594,86.77414096075677
0.13079766,0,42.18452528,0.20417948813010547,-0.2442665236489937,7.711288683433435e-05,0.7397317886352539,0.15915775299072266,76.91761443976647,28.6103177090608,158.1934889756286,31.763534095366758,108.22872741456759
0.10749553499999999,0,43.71579824000003,0.5153544295133582,-0.5134553160461195,8.467832677738762e-05,0.8969619274139404,0.1082615852355957,77.12819676852975,28.416573727774466,159.21034651052992,29.773480237506565,68.39857311656098
0.11117209249999999,0,37.66248482000003,0.44460526232626923,-0.37957592182378974,0.0001581757076809691,0.6417844772338868,0.1521444320678711,77.24535002380567,28.837173651754423,198.96157512836282,33.31301756846305,98.06842195211829
0.10551724000000003,1843,43.77390458000002,0.38758312393275113,-0.3863128840312357,9.330361674741994e-05,0.712843656539917,0.1165914535522461,77.11953641503447,28.637913792038468,163.30937694208615,32.022716513264804,86.20973935568558
0.09465056000000001,276,41.25482384000003,0.591980991980992,-0.5583788812652634,8.431705107650853e-05,0.7819669246673584,0.12369108200073242,77.06741676743427,28.47020272194133,184.82386980294962,30.18517340483873,68.09073213826139
0.0935682425,3817,42.09223874000003,0.5058810826860657,-0.48385166271020774,8.605784747293756e-05,0.720656156539917,0.1136617660522461,77.0420649751811,28.574155195839438,181.84789275560763,32.17956298318968,79.34937060454747
0.12649869500000002,977,43.770486559999995,0.3973474624279383,-0.4258317890477567,0.0001552692533234929,0.6322150230407715,0.1382284164428711,77.3158407422885,28.779317383157956,146.32463571003416,29.59222577865441,74.90172292867194
0.11100087749999998,11,43.623511699999995,0.428106193001187,-0.44690262812804044,8.296685417903404e-05,0.9189741611480713,0.16247224807739258,76.86637073109691,28.40737762430406,159.04460532593475,31.00823747736864,80.05658568761164
0.08656593124999999,0,38.93911529000002,0.6256392792825961,-0.5888563383998153,0.0001456475671880576,0.7663278579711914,0.07316907246907552,77.23300753502525,28.458042014707786,206.2858272587124,30.313689039066464,70.94835812756224
0.11565121000000002,4100,43.39450436000004,0.45754396301667877,-0.4482479101578991,7.711288683433435e-05,0.7397317886352539,0.15915775299072266,76.94676864414167,28.60876935451004,156.24897370715303,30.21223655951769,73.54262692303217
0.13292726,103,34.02571154000003,0.42657704239917277,-0.4416093355394931,8.397091838929782e-05,0.6301561991373699,0.1371140480041504,77.03355933174274,28.837612892341355,205.47215373171002,32.358920425925255,105.66884603515378
0.14275971999999998,0,44.93944940000006,0.2938812826619412,-0.35012042658689263,8.031308860090292e-05,0.8098287582397461,0.1892242431640625,76.87580100796295,28.47670243003354,127.52171996592813,27.627525832343874,76.40332679863882
0.0712672825,0,36.787471700000026,0.6918086430730926,-0.5885142536535841,9.208205715746468e-05,0.7053788503011068,0.10391569137573242,77.17786141680462,28.62177824863315,231.4542603894268,28.574928806425223,66.98368666307144
0.08614931999999999,0,40.11662318000003,0.6265733908647587,-0.5307063911580969,3.897853951489846e-05,0.6287641525268555,0.1431746482849121,76.90505283567508,28.754109708144572,198.6386620102461,30.019975715516463,67.02716987709702
0.12345177750000003,0,33.020813660000044,0.5023028084092461,-0.525215723873442,0.0001581757076809691,0.6417844772338868,0.1521444320678711,77.201934622116,28.794888812060385,217.90030528697383,31.799265556827287,98.73105042636034
0.1070936775,3305,42.69722827999999,0.36467477743581267,-0.3215362048273103,8.37094887439586e-05,0.5485732555389404,0.15003156661987305,76.91536098838642,28.881433700518112,170.03206957844168,32.763165527475685,92.17022402739337
0.187058425,729,44.760003350000034,0.2143991555082166,-0.2708680107185775,0.00013992699419169697,0.707304318745931,0.08461403846740723,77.33043397190598,28.640484055762062,95.18277484481348,22.04107137179778,61.55334575470503
0.100848455,25,40.345630519999986,0.5707616543363935,-0.5300687005502556,8.617081325312803e-05,0.9222345352172852,0.10440381368001302,76.99023433588782,28.42811370588501,186.54335031796586,30.65765637399253,73.12240072183556
0.0756602425,266,38.178605840000046,0.6758488401985405,-0.6014185111931368,8.958636967903999e-05,0.8544745445251465,0.11635112762451172,77.21784589678755,28.44739673479819,219.03401753043943,29.00445127855039,66.91029410410096
0.10117218500000001,2,40.769465000000025,0.5094560175216252,-0.4860240453045034,8.340164291130814e-05,0.6686423619588217,0.11760425567626953,76.94458645133605,28.7253289986196,184.74759131317376,31.99910297229236,80.0168844521093
0.15583715250000005,0,44.901851179999994,0.35121892868250437,-0.38691458431557435,8.031308860090292e-05,0.8098287582397461,0.1892242431640625,76.9262308882136,28.46710090586913,115.99299476088925,25.413028762972303,63.65384199844023
0.10500442,114,39.26553620000004,0.5119547600175091,-0.4923398491323945,8.031308860090292e-05,0.8098287582397461,0.1892242431640625,76.9170573269435,28.545502497423854,191.79367123023314,32.14858666359987,84.39368112518719
0.095499265,1947,44.14988678000003,0.5650198479123822,-0.5291210813147272,8.605784747293756e-05,0.720656156539917,0.1136617660522461,76.99412915356262,28.613916903385167,164.61920073234637,29.482774980262278,63.07016421724858
0.12085965500000001,324,41.357364440000026,0.38056865584809435,-0.39194029478203357,8.974528618691458e-05,0.8087546030680339,0.14197254180908203,76.9510037511626,28.540159466493648,167.8438301724151,31.91640461065686,91.1113611706829
0.08704397750000001,0,39.82950950000003,0.4348924672898756,-0.33065245802754595,8.37094887439586e-05,0.5485732555389404,0.15003156661987305,76.94123103461975,28.881624106383722,204.04365466621005,34.85112386753755,101.04961484889682
0.1324406475,2207,44.44725452,0.32527829809255415,-0.3483040614395019,8.605784747293756e-05,0.720656156539917,0.1136617660522461,77.00538237420618,28.58837424424632,138.49981994659993,29.10292179977218,79.19755610620246
0.13384427499999998,6885,41.04632462000001,0.14854240829061127,-0.18366248455167092,0.00013992699419169697,0.707304318745931,0.08461403846740723,77.29811555219233,28.553451930863815,164.69968443844164,32.3694916914839,120.69981898997497
0.09570277875000001,1833,37.864148,0.5463419453323433,-0.5068304271540146,0.00014912515112592523,0.7314157485961914,0.06677722930908203,77.31380541025943,28.540771358440853,207.84773207607634,32.38158192397556,85.44803596574394
0.10171704250000001,117,39.25870015999999,0.5559286872704141,-0.5244094841864722,8.974528618691458e-05,0.8087546030680339,0.14197254180908203,77.00620905702071,28.538453120229693,193.5194368554436,31.350702556939428,77.92774538431131
0.1177119775,2943,42.25630369999999,0.4313815378203792,-0.4330708661417323,0.00013992699419169697,0.707304318745931,0.08461403846740723,77.32760339130493,28.61496825440274,163.0731656949754,31.09537119664284,80.39082297813582
0.1186472525,4739,46.063977980000004,0.28129350936478953,-0.2886324455546565,3.897853951489846e-05,0.6287641525268555,0.1431746482849121,76.91094491939654,28.771448700336027,139.17163643518518,29.805644555790895,83.67077331669407
0.10600408625000002,3371,42.415241630000025,0.4738657526957446,-0.46019095935524085,0.00014701965174594988,0.6609047651290894,0.12557220458984375,77.31605467666604,28.671407398448295,170.38914513704037,31.49494028014014,77.99309504577776
0.10857141749999999,0,35.19467438000004,0.4374395151021241,-0.4234330226121388,0.00014912515112592523,0.7314157485961914,0.06677722930908203,77.33316962826508,28.526992958242733,217.2603980824897,33.93659888402528,110.70524148553672
0.15207309,0,48.39506762000002,0.28557427642005173,-0.34917004956724407,8.031308860090292e-05,0.8098287582397461,0.1892242431640625,76.85239313932246,28.47809848839455,95.61476894282316,22.64239977618333,56.46896501088616
0.0898423775,33,40.52678558000002,0.39664120753348603,-0.36200685158581064,3.897853951489846e-05,0.6287641525268555,0.1431746482849121,76.86418178900858,28.80914486163874,197.93882954793662,34.94735948574132,104.68403223789569
0.11262062749999999,0,40.95745610000006,0.4439473827583494,-0.4111529177907141,7.711288683433435e-05,0.7397317886352539,0.15915775299072266,76.91558109478115,28.635580877860125,175.75407422218802,32.08353172431708,85.93321518296523
0.07137922125,0,37.82825879000001,0.6724258801996096,-0.6110419896339961,8.958636967903999e-05,0.8544745445251465,0.11635112762451172,77.21912904287963,28.412233759944282,224.87014240477538,29.440990978559554,69.53814655016183
0.12060247500000001,72,40.74895688000004,0.44886681509390874,-0.45425478882197545,8.895342588428118e-05,0.6211264928181965,0.1589803695678711,77.11626543569372,28.825232084061536,170.6770999641036,31.337303601294174,81.71848078008874
0.0907431675,0,40.51994954000003,0.5210257900673296,-0.467196208657344,8.340164291130814e-05,0.6686423619588217,0.11760425567626953,76.86960600999349,28.682858638763385,194.53354261067557,32.70100893599437,82.77605551681182
0.07167901250000001,0,34.97933912000002,0.7287075272313445,-0.6476202872141958,0.0001456475671880576,0.7663278579711914,0.07316907246907552,77.22211681857796,28.546380662312135,242.20327555140773,26.549628471661613,63.009018558665396
0.10020333250000002,12,39.162995600000045,0.3460763199644383,-0.3284923300353998,0.00015456825503671703,0.6664888858795166,0.1231832504272461,77.2117684551779,28.724543235472805,199.90167472221344,35.05448649133279,115.10374432679338
0.04452215749999999,0,35.05795358,0.22865535562368575,-0.1709705054460896,8.031308860090292e-05,0.8098287582397461,0.1892242431640625,76.9418440875085,28.495002706961717,273.6515568367953,39.510560092420064,195.62314163821415
0.12404024999999999,2082,43.568823380000026,0.3180672000000001,-0.33166079337881094,9.330361674741994e-05,0.712843656539917,0.1165914535522461,77.08844804273346,28.641343590956485,151.50553060887103,30.83009612342995,88.23665422164905
0.07926571250000002,24,39.17324966000001,0.6880422505883911,-0.5922271158195452,8.958636967903999e-05,0.8544745445251465,0.11635112762451172,77.197326952215,28.427433277943884,209.2037084323489,28.053412028492744,61.3845405247279
0.108374875,0,46.621115239999995,0.21075865059942386,-0.2414280496132896,8.431705107650853e-05,0.7819669246673584,0.12369108200073242,77.10231257123218,28.53924110481939,145.10100034747984,31.07110264657066,97.12208416642008
0.15672020499999997,4551,47.24319488000003,0.3467647220240382,-0.3365176708949005,8.895342588428118e-05,0.6211264928181965,0.1589803695678711,77.11908102341039,28.778776830433024,98.73995863387483,22.808266708720847,52.781442939805515
0.0863366225,371,40.687432520000016,0.6096760659515444,-0.5585736892844799,8.605784747293756e-05,0.720656156539917,0.1136617660522461,76.95795930757978,28.642750864590447,194.96928357349145,30.444971246313855,68.90287756558715
0.14274874750000002,812,43.79783071999998,0.27547361585589647,-0.29878792060534964,8.991754130804885e-05,0.5436716079711914,0.14101839065551758,77.09920710902169,28.88175981701979,135.92325742296407,28.747339341150198,82.0131913641844
0.1499695875,4225,45.56152903999998,0.221738369170465,-0.25607539588063477,8.397091838929782e-05,0.6301561991373699,0.1371140480041504,77.03096314796547,28.79350577129203,119.06203026788103,26.57070256137504,76.62460590723434
0.09117901499999999,0,38.920316179999986,0.49428767353698455,-0.4147536565646667,8.4618303012062e-05,0.5411269664764404,0.13683176040649414,76.95703008632312,28.879037435754228,205.54716967090644,33.703512963918385,91.75404887158207
0.10979288499999998,0,40.195237640000016,0.43389236051078134,-0.41344321965293296,8.605784747293756e-05,0.720656156539917,0.1136617660522461,76.99240720469858,28.552269859016345,183.4019768192669,32.82153985777476,91.46388863163855
0.073837295,0,37.218142220000004,0.6882132772998885,-0.6070734283874758,8.958636967903999e-05,0.8544745445251465,0.11635112762451172,77.21035801719223,28.424164622501134,226.62480751663327,28.60038342185556,67.06571481768465
0.15022550249999997,6360,39.77140315999998,0.18182944017550173,-0.23603170197674778,0.00014701965174594988,0.6609047651290894,0.12557220458984375,77.28632070582181,28.7366114090399,159.3923520050363,31.102978537377773,112.02371983070267
0.15694884,4358,44.587393340000006,0.18997019883726615,-0.21427770230691565,9.186525787501725e-05,0.6743142604827881,0.1063375473022461,77.13297002606203,28.747547550613383,121.0398904320981,26.74188758132598,81.5985391102602
0.11260712500000003,2453,44.18406698000001,0.4533016974762141,-0.44523225374763753,8.397091838929782e-05,0.6301561991373699,0.1371140480041504,76.99526473386642,28.771774631519158,153.26142628129207,30.077062962587583,71.68774656491183
0.11101900000000002,0,40.72844875999999,0.32640994128089573,-0.3086203528436993,3.897853951489846e-05,0.6287641525268555,0.1431746482849121,76.92445596405584,28.79431179989458,181.17881981952587,33.72358184956568,105.72940620747032
0.13015625,3754,43.95847766000003,0.2940369208915426,-0.32253927047801256,0.00015226489729356117,0.7993351618448893,0.09926128387451172,77.32289559756813,28.434283329660545,144.45584640185564,30.024756135259953,87.29108175724474
0.12686348249999999,5062,44.21824718000005,0.1995039765012332,-0.23078344748168725,0.00013992699419169697,0.707304318745931,0.08461403846740723,77.33576659775332,28.64412763641638,147.45609316369735,30.85012451873627,99.99185183466066
0.07801820250000001,0,37.443731540000044,0.7067246119949258,-0.6310398032459772,0.0001456475671880576,0.7663278579711914,0.07316907246907552,77.22899986783358,28.464464489616855,221.39246347005587,27.41592993565266,61.267897304857286
0.1275305775,0,34.96224902000006,0.4947348016767222,-0.505650227717601,0.0001581757076809691,0.6417844772338868,0.1521444320678711,77.21852403877887,28.756932911871324,202.41542367448375,31.5999059447178,91.99971363463102
0.0849240575,296,39.87394376000003,0.4494319817525523,-0.39060353252786795,6.0659547028470396e-05,0.6286576588948568,0.1846785545349121,76.84189950454363,28.751545642406324,205.12404161524785,34.77242484696523,99.9354945271777
0.11645550250000002,2529,37.57703432000005,0.45944344735053755,-0.45609429599624485,0.00015456825503671703,0.6664888858795166,0.1231832504272461,77.17549826569163,28.683539629699336,194.98405621347882,32.66492081742089,93.68966804134574
0.1497071,5266,48.039593540000055,0.18578130638758572,-0.2266855820204584,8.895342588428118e-05,0.6211264928181965,0.1589803695678711,77.11731986575444,28.77469555342609,102.4888863225384,24.135623667605785,67.88701380131624
0.1445977375,0,41.097594920000006,0.3236313772759695,-0.3512454772777305,7.711288683433435e-05,0.7397317886352539,0.15915775299072266,76.89907619825487,28.559017690810023,151.87956432893327,30.07132924474358,88.62118298476287
0.1588199125,30,45.28466942,0.20213693024665633,-0.27533635377009086,8.296685417903404e-05,0.9189741611480713,0.16247224807739258,76.89421462612425,28.432559765837205,114.38552910678652,25.729276902403424,77.33677483014709
0.08887072000000001,0,39.166413620000014,0.09648559814847216,-0.06626067385979996,8.340164291130814e-05,0.6686423619588217,0.11760425567626953,76.85056094965587,28.719411740529228,214.3308094151405,37.416816898023754,170.69626843124993
0.09489723500000002,4891,39.90812396000001,0.5394515245205237,-0.5107334250140296,9.208205715746468e-05,0.7053788503011068,0.10391569137573242,77.17866295785574,28.55986369646345,194.95429971506428,32.121505642105525,80.33929390146976
0.12522022000000002,3464,44.07469034000002,0.2979504172803142,-0.3224997655297466,8.605784747293756e-05,0.720656156539917,0.1136617660522461,77.0500121133554,28.56430399483617,147.50601550791202,30.49182191539604,88.143120688649
0.11322254750000003,418,41.736764660000006,0.4709555628456814,-0.47011791774518275,8.036239547384044e-05,0.675431489944458,0.08529806137084961,77.0154976034157,28.73012638360281,169.34960369588896,31.200393195869776,78.06281130555996
0.09204782250000001,1066,39.98673842000005,0.5631011986041572,-0.516530750434245,8.467832677738762e-05,0.8969619274139404,0.1082615852355957,77.07405868433297,28.426731087437027,196.1864272624714,31.690252899718853,78.36126884292635
0.10585928500000001,0,40.94378402000001,0.24535008057350263,-0.24370177628709375,8.37094887439586e-05,0.5485732555389404,0.15003156661987305,76.88199772297517,28.859022502416636,185.63997190480347,34.71349355658335,120.37418176036073
0.11749164750000002,0,40.031172680000054,0.4302587805811523,-0.41731529996615835,7.711288683433435e-05,0.7397317886352539,0.15915775299072266,76.86478182088055,28.584568847433342,178.4288018963639,32.23232072953423,89.59669722138045
0.132267425,5337,40.24308991999999,0.2160120845921451,-0.2557832562232503,0.00014701965174594988,0.6609047651290894,0.12557220458984375,77.30169002088726,28.731447743591545,169.86598074334495,32.597704376163016,114.85634874803883
0.11161245,5243,40.37297468000003,0.383382604636689,-0.38298810048479515,9.330361674741994e-05,0.712843656539917,0.1165914535522461,77.09954299902246,28.64483820516704,181.85246104439432,33.24418626902084,98.2533452575749
0.14186795,2112,46.33058354000002,0.2284790248572663,-0.265788064890616,8.340164291130814e-05,0.6686423619588217,0.11760425567626953,76.92633246246785,28.689518595916528,119.95001176639528,26.880203575579568,76.68021475974732
0.0903401275,543,40.08927902000005,0.5886914625731995,-0.5666383651821957,8.958636967903999e-05,0.8544745445251465,0.11635112762451172,77.1535740784145,28.43016372825199,196.29903491397226,31.02601680386732,73.84036997529687
0.09412998500000001,0,39.20401184000002,0.1764726947179946,-0.10702822916929909,8.37094887439586e-05,0.5485732555389404,0.15003156661987305,76.92792070382119,28.87960675412671,208.14872834987352,36.658262006328115,149.25894386120396
0.12570510000000001,4904,43.84568300000001,0.2945979143084223,-0.32191427095885694,8.431705107650853e-05,0.7819669246673584,0.12369108200073242,77.0515151999266,28.45073375249147,148.78805396631503,30.63080425217478,89.94697067445726
0.149444475,6158,47.09622002000003,0.15794647189836883,-0.19634397958593391,9.330361674741994e-05,0.712843656539917,0.1165914535522461,77.12205066198314,28.64429162680586,110.12077900109784,25.427759383412255,76.4673250607112
0.10601818,0,43.41501248000003,0.5149736392219685,-0.4829902517232098,8.031308860090292e-05,0.8098287582397461,0.1892242431640625,76.86011768660394,28.54424081598532,162.50446233827336,30.1152122034444,69.55243883994613
0.09708774750000002,0,38.752833200000055,0.09038788537039191,-0.05816083215260742,3.897853951489846e-05,0.6287641525268555,0.1431746482849121,76.8803028639044,28.82282773123148,210.60832317454185,36.87567650171746,168.21998562202413
0.0756340625,0,34.459800080000036,0.6937944346147661,-0.6105839527698755,0.0001552692533234929,0.6322150230407715,0.1382284164428711,77.31302638258981,28.80871386617142,243.1149580879071,28.23081909790019,70.05688241320081
0.13419553250000002,4350,44.31053372000002,0.2392445354448652,-0.27612543692701913,8.431705107650853e-05,0.7819669246673584,0.12369108200073242,77.05974192913438,28.456470244382167,140.0337644760201,29.645229214362413,90.62718275373011
0.11865498,2855,43.64060180000001,0.3509515876621737,-0.3588747556300303,9.330361674741994e-05,0.712843656539917,0.1165914535522461,77.13610091166949,28.61447009350368,154.56451522021882,31.085659699944497,85.9326625900112
0.10188329374999999,1374,43.59445853,0.3184090583456284,-0.3237659025164079,0.00014701965174594988,0.6609047651290894,0.12557220458984375,77.3230203003537,28.673866980002632,169.04544121651952,33.22192463885709,98.80393419431226
0.10576693999999998,202,40.820735300000024,0.5730100516164086,-0.5207485226526593,8.974528618691458e-05,0.8087546030680339,0.14197254180908203,76.98874039403805,28.532423669614346,179.32194542171646,30.001309741195946,68.99374949787888
0.125250195,4639,46.737327919999984,0.3517170717919728,-0.36319583833153196,8.431705107650853e-05,0.7819669246673584,0.12369108200073242,77.06960347335126,28.46714035723598,127.42679129637668,27.728999629516377,69.74925160752886
0.07684400750000002,0,38.363178919999996,0.70701911496773,-0.6050638792102208,8.031308860090292e-05,0.8098287582397461,0.1892242431640625,76.90524447005447,28.545739871789177,216.18601198762235,27.35935281056887,59.92346168987373
0.09609332,350,40.93011194000002,0.5906057000396623,-0.5568384742510453,8.974528618691458e-05,0.8087546030680339,0.14197254180908203,76.95625786986194,28.52620870828052,185.92512685253416,30.235758861671794,68.97203074782163
0.1434865175,4375,47.728553720000036,0.16131053675978202,-0.20116666243041956,8.605784747293756e-05,0.720656156539917,0.1136617660522461,77.04866531854306,28.62193348834089,110.28843093268301,25.575083974585954,76.2316149950868
0.1681170575,5514,42.66646609999998,0.20982648809998894,-0.24315074110320772,0.00015456825503671703,0.6664888858795166,0.1231832504272461,77.15740689004932,28.713481127762112,124.91910548856458,26.833080829139412,82.75808711051896
0.1243620275,2715,42.338336180000056,0.36250262187996296,-0.37018019646839034,9.330361674741994e-05,0.712843656539917,0.1165914535522461,77.10471074296998,28.632111199133117,158.73586684053464,31.18632315335477,87.18582736564565
0.15079566000000003,0,41.79487100000006,0.3028554822460688,-0.33042073331574784,8.974528618691458e-05,0.8087546030680339,0.14197254180908203,76.95697267541576,28.541801187719972,142.64338103581542,29.065725735853654,85.68168155025609
0.09946127250000002,0,40.07902496000003,0.37807238177441216,-0.3315524049049374,3.897853951489846e-05,0.6287641525268555,0.1431746482849121,76.90607933805931,28.786549512148255,193.66991149535602,34.504010837327534,105.37310903555233
0.16143854500000002,4653,46.82277842000002,0.24494758283831194,-0.2757017261068887,8.617081325312803e-05,0.9222345352172852,0.10440381368001302,77.01774067845469,28.443045560619844,100.40257777230534,23.397627618327427,63.5391520612491
0.06704721499999998,0,33.04815782000003,0.24122307373653687,-0.20351960636642064,0.00014701965174594988,0.6609047651290894,0.12557220458984375,77.25110595181411,28.66143238156346,268.05633329893215,37.932305082973,186.35950176394124
0.08415812750000001,0,41.42914286000001,0.5501312053190097,-0.41929710839298795,8.4618303012062e-05,0.5411269664764404,0.13683176040649414,76.9649924798739,28.874491997719314,192.94994853585592,32.18104014340927,76.3617943281146
0.1475037175,0,45.257325260000016,0.3816354184631305,-0.37954175338125395,8.031308860090292e-05,0.8098287582397461,0.1892242431640625,76.8550910091659,28.480496781623152,119.44588781186019,25.892926719952143,62.660873158991954
0.08714663500000001,0,40.12004120000006,0.6732859680284191,-0.5629451842675752,3.897853951489846e-05,0.6287641525268555,0.1431746482849121,76.90427314393898,28.753794526505068,196.79721451541218,28.0271554896779,58.69527063529021
0.13300558,1,42.509237180000014,0.3870568792478849,-0.40472957620026717,8.397091838929782e-05,0.6301561991373699,0.1371140480041504,76.95740130493765,28.829154134160582,150.09325042664057,29.853729681953705,78.45290546384479
0.09793774499999999,0,41.788034960000005,0.3865449609396643,-0.38612257331967104,8.031308860090292e-05,0.8098287582397461,0.1892242431640625,76.86434402913281,28.508003180280397,183.10900950071834,33.86474725115576,99.16871359938132
0.1441801775,3534,41.001890360000004,0.36138529844903955,-0.3732942339446756,9.208205715746468e-05,0.7053788503011068,0.10391569137573242,77.21948735851207,28.610719577278545,152.02794458227754,29.830606686310347,83.60099441713344
0.09706627000000001,1219,41.94184586000006,0.5684108305723753,-0.5368331495547334,8.467832677738762e-05,0.8969619274139404,0.1082615852355957,77.07872042828025,28.436102476941947,178.68758734163612,30.398161000339346,69.78233975668566
0.07461375750000002,0,35.87827837999998,0.6536403866053146,-0.5488620507145263,9.208205715746468e-05,0.7053788503011068,0.10391569137573242,77.1756114197327,28.609964266584303,235.542456563325,30.199944807565153,76.19332085919676
0.0940900275,0,35.25619874000006,0.5583590872528683,-0.5460169079661841,0.0001581757076809691,0.6417844772338868,0.1521444320678711,77.19047962085556,28.80892904549765,225.96858549116956,32.40876892094201,91.1222151280908
0.11849176750000003,0,40.557547760000034,0.1075086145825452,-0.14906340314696542,3.897853951489846e-05,0.6287641525268555,0.1431746482849121,76.90881511348462,28.831712863444544,181.1622744871338,34.35856517011112,139.47005810602317
0.11862929500000001,769,47.42434994000001,0.4155813520392327,-0.3976390982973559,8.036239547384044e-05,0.675431489944458,0.08529806137084961,77.03567333022342,28.652579832092854,126.2607704961323,27.191454777971384,61.83962632029013
0.149025265,4165,43.97214974000002,0.3332800383723718,-0.3152700479935107,8.895342588428118e-05,0.6211264928181965,0.1589803695678711,77.14121385671919,28.791450104982328,128.36538506875286,27.339185860555496,71.67472303988774
0.09429814750000001,0,33.42755804000001,0.6240530035135763,-0.5774202057504617,8.397091838929782e-05,0.6301561991373699,0.1371140480041504,77.00948821367166,28.823223200330077,236.21029912424245,30.235810147720677,82.4293117936613
0.0819685225,276,39.72696890000003,0.5836195737849544,-0.4814509146011473,8.37094887439586e-05,0.5485732555389404,0.15003156661987305,76.86901736554128,28.858059944858603,205.56100994967176,31.894017640332677,76.42403573870989
0.1056862825,167,40.63616222000002,0.5062718761065029,-0.5011917158394077,3.897853951489846e-05,0.6287641525268555,0.1431746482849121,76.92689704375387,28.793510426348828,182.11331271680274,31.726027127887114,79.03853953440552
0.14320340499999998,4663,41.93159179999998,0.24343103308512737,-0.265188292407032,9.186525787501725e-05,0.6743142604827881,0.1063375473022461,77.08418002276258,28.744893901182152,149.11290793226124,30.28094143573778,96.04189027331661
0.09669061999999999,1036,38.85879182000002,0.5659007451885699,-0.5398657907582647,0.0001456475671880576,0.7663278579711914,0.07316907246907552,77.19866465457527,28.519319476049862,200.00979750489194,31.567939921224454,78.74939504641767
0.1300765275,0,47.195342600000004,0.3741441369835015,-0.39425796528741847,8.031308860090292e-05,0.8098287582397461,0.1892242431640625,76.89646146158766,28.464191677243758,119.74492331285057,26.398312574433685,63.28010295345174
0.10623606249999999,0,41.97602605999998,0.4899616244201407,-0.4411349750831069,8.397091838929782e-05,0.6301561991373699,0.1371140480041504,76.98954164081246,28.80686821902111,172.87037881841457,31.399460854788078,76.80891773640366
0.08234961749999999,341,39.49796156000002,0.6277858355192101,-0.5863226272103933,8.431705107650853e-05,0.7819669246673584,0.12369108200073242,77.14399120682694,28.471955719661704,205.8457259987041,30.393300535230264,70.47607363526774
0.09401091000000002,925,37.91200028000003,0.5002033677702756,-0.4444110851488766,8.991754130804885e-05,0.5436716079711914,0.14101839065551758,77.14464536944807,28.87401357925491,209.86354594320812,33.57476529675257,93.05726696987239
0.13919360249999999,2078,43.74314240000001,0.28420792586299365,-0.30880072707398787,0.00013992699419169697,0.707304318745931,0.08461403846740723,77.32899941546516,28.63288472600751,138.9470270273464,29.169133064380095,84.17564088638248
0.105850045,2790,42.95699780000001,0.455521472392638,-0.4373343430518743,9.186525787501725e-05,0.6743142604827881,0.1063375473022461,77.05936934536938,28.739911250875096,167.17688622299488,31.52568997109706,78.90113978756642
0.08552160500000001,620,36.55504633999999,0.5840221110818636,-0.5430296736475702,0.00015186386745350924,0.5615221659342449,0.1089315414428711,77.2573091474247,28.86093444703675,223.83254793576776,32.1353743561273,84.3029405951247
0.12446997875000002,1853,42.00166121000001,0.30583407648237676,-0.32326940840261037,0.00014912515112592523,0.7314157485961914,0.06677722930908203,77.31196251170307,28.532526436848123,162.22627346687045,31.892550007712522,97.11810602480239
0.14500086000000004,5046,40.26359804000003,0.2469556568988938,-0.2752848362307963,0.00014701965174594988,0.6609047651290894,0.12557220458984375,77.27678922606597,28.69949980545955,158.8648254794897,31.056420513493702,102.72009741729653
0.1283088,88,37.61463254,0.38445303867403313,-0.4325994614588633,0.00015186386745350924,0.5615221659342449,0.1089315414428711,77.28613166136013,28.857501063969277,186.83989817998116,32.66435831738533,100.33060638101402
0.09851453,682,41.29925810000003,0.47627222095063715,-0.47410722788305876,0.0001456475671880576,0.7663278579711914,0.07316907246907552,77.18543346848716,28.49073339997179,183.99340199547714,32.6796014443498,85.34779653981425
0.13500032,2190,43.685036060000016,0.25363493656553177,-0.2654561512884456,0.00015456825503671703,0.6664888858795166,0.1231832504272461,77.22906602279713,28.66182337769903,143.40345538634267,29.941830205474783,90.42346508811131
0.1364795175,1896,40.89593174000004,0.30576802837559086,-0.31916526461819994,0.0001552692533234929,0.6322150230407715,0.1382284164428711,77.26955671159136,28.757339445842966,160.1336439296026,31.229625859921928,95.28058872925014
0.1136458,1590,41.65815020000002,0.4811496575726957,-0.4671975266078718,8.974528618691458e-05,0.8087546030680339,0.14197254180908203,76.98824352177698,28.4994883754848,169.3230581754225,31.01662278630466,77.652735933331
0.13701010249999998,0,42.345172219999995,0.3843746263147223,-0.41075742805069304,8.605784747293756e-05,0.720656156539917,0.1136617660522461,76.97275030337521,28.57118028567944,148.07897215018113,29.539353429763256,78.30006641951216
0.11983016500000002,197,38.349506840000004,0.47911068212479835,-0.4760831016440815,0.0001552692533234929,0.6322150230407715,0.1382284164428711,77.30155229214446,28.764735291098873,186.75546139023993,31.833060448747197,85.9197563307139
0.11126894750000002,0,37.97694266000002,0.48298053993581996,-0.46364169945199596,0.0001581757076809691,0.6417844772338868,0.1521444320678711,77.23098975513194,28.82455663963587,195.99297664453013,32.57775786616963,90.06149616583039
0.098913995,1037,40.608818059999976,0.5462818176474047,-0.5133042222567414,8.605784747293756e-05,0.720656156539917,0.1136617660522461,77.00451313745813,28.555186329311944,186.83760752181308,31.38417352579021,75.67781713472402
0.14885245500000002,72,44.28660758000001,0.2638953708024979,-0.3257996083550913,7.711288683433435e-05,0.7397317886352539,0.15915775299072266,76.94488489799653,28.563593739985826,127.90712358907876,27.632986457983627,79.39733450858313
0.0717926975,0,33.97785926000006,0.6612858564768043,-0.5375014718003062,9.208205715746468e-05,0.7053788503011068,0.10391569137573242,77.19367949056776,28.63433052936438,249.9475238710619,29.890516939298603,79.85080884310337
0.12346563750000003,3521,48.340379299999995,0.33051751459806755,-0.3613576858774171,9.330361674741994e-05,0.712843656539917,0.1165914535522461,77.10684613941885,28.558545009106144,117.80819173193254,26.529766592480787,65.52332673305753
0.140378,0,48.27885494000003,0.2860806826625758,-0.27765871314949747,0.0001581757076809691,0.6417844772338868,0.1521444320678711,77.1703544758824,28.805119927936975,105.80056001402579,24.553995121097167,61.82924016544735
0.0930038325,0,39.788493259999996,0.5198002511722611,-0.3914966287242223,8.4618303012062e-05,0.5411269664764404,0.13683176040649414,76.97246408683176,28.85694574630503,197.70478760958383,32.78015818437739,83.61720334885231
0.137915045,3376,42.17768924000001,0.26141501171680825,-0.27628593154072284,8.617081325312803e-05,0.9222345352172852,0.10440381368001302,77.04153722017065,28.4435352858596,151.26277434770805,30.61407768029224,97.37977788342275
0.15183672750000002,6548,47.714881640000044,0.14906747201820372,-0.1938925817272581,8.605784747293756e-05,0.720656156539917,0.1136617660522461,77.04143637540834,28.628600844806908,104.00056392678039,24.420883757386296,72.65732554543429
0.0932936,0,39.932050100000026,0.5453149404769718,-0.4596487748030324,8.4618303012062e-05,0.5411269664764404,0.13683176040649414,76.95339155789554,28.865410239441754,195.94766094296313,32.090526233210085,78.66186390696984
0.14334460375,2575,40.815608269999984,0.2859449140672156,-0.3199090556071013,0.00013992699419169697,0.707304318745931,0.08461403846740723,77.26669635817302,28.586046740326445,155.62115814763376,30.672096901911843,95.57611341719145
0.14326847,4811,48.1352981,0.21831779285217764,-0.2564146932318188,8.036239547384044e-05,0.675431489944458,0.08529806137084961,77.04073895443912,28.656634151487697,106.16460165022045,24.781546529244928,67.94661784833002
0.10381642000000002,1145,39.97990238,0.531523583305056,-0.5298105277429414,8.958636967903999e-05,0.8544745445251465,0.11635112762451172,77.18151024045972,28.44886729897606,187.50637077548038,31.5670667143743,79.35375948210113
0.1417224475,5846,47.49271034000003,0.16482283452158078,-0.2083940961436596,8.605784747293756e-05,0.720656156539917,0.1136617660522461,77.04863361368109,28.644938278361174,113.3038776837351,26.07275658963761,78.16856851016713
0.127827605,62,41.439396920000036,0.5094227255751042,-0.482670923539881,8.340164291130814e-05,0.6686423619588217,0.11760425567626953,76.90210131081568,28.667028452953087,158.84827429059567,29.17856525268544,67.93173807505941
0.13994196,0,45.38037398000006,0.3453691004008379,-0.40561976861083193,8.031308860090292e-05,0.8098287582397461,0.1892242431640625,76.8856113371507,28.475636911605235,125.47193627195543,27.149657653452415,69.71764900522162
0.15397104375,5015,46.94411812999999,0.16223910372111414,-0.21722023062579626,0.00013992699419169697,0.707304318745931,0.08461403846740723,77.32576292843004,28.624892625783225,107.48005367474536,24.905027772158448,74.10601421739658
0.10616327000000002,0,42.33150014,0.45414144016488467,-0.4669248312292488,3.897853951489846e-05,0.6287641525268555,0.1431746482849121,76.93950378140093,28.843374022665703,171.28300948873039,31.862709612236905,81.01138506030665
0.09461965000000001,358,37.447149560000014,-0.06443839714161086,0.10786022740778893,3.897853951489846e-05,0.6287641525268555,0.1431746482849121,76.88380398706482,28.82910772007548,204.53674172403635,34.468350586700595,192.70103862793718
0.13660706250000001,3714,43.32785296999998,0.29465961440027294,-0.33555887365756215,0.00015226489729356117,0.7993351618448893,0.09926128387451172,77.31176725014222,28.433956205637852,143.6543286603835,29.72289961979829,86.83326812313014
0.09587131249999999,2114,39.05190994999998,0.5182603050957482,-0.49283701455574813,0.00014912515112592523,0.7314157485961914,0.06677722930908203,77.27203193810568,28.55016316861085,200.3965982328907,32.79533225013498,86.67020808518133
0.13651777,1129,49.80670988000003,0.3425913766688553,-0.3632686623552681,9.330361674741994e-05,0.712843656539917,0.1165914535522461,77.10839451265116,28.55657081927798,96.35154949741104,22.772444481145406,51.865489190062306
0.077632295,303,36.869504180000035,0.43520440012822464,-0.3928121162505116,8.895342588428118e-05,0.6211264928181965,0.1589803695678711,77.11143778275547,28.769330264525028,231.19652367609353,35.977587784991215,117.32803488653302
0.11864843500000001,819,41.95551794000005,0.45921543182043134,-0.4505293882927842,8.974528618691458e-05,0.8087546030680339,0.14197254180908203,76.96002061093918,28.46231851855209,163.76907259056316,30.741813260466348,77.84616091370333
0.12015051250000001,6024,43.71921626000005,0.3335001067756795,-0.35283995246112704,8.617081325312803e-05,0.9222345352172852,0.10440381368001302,77.02752069997854,28.44528099614326,153.22044889338633,31.030069334714067,88.99851629812248
0.0792471775,0,39.45010927999999,0.6310424512729993,-0.573551205054208,0.0001456475671880576,0.7663278579711914,0.07316907246907552,77.22263301953738,28.45470532683788,208.5804949235528,30.484731451852383,70.76820052192532
0.183982055,0,48.43608386000005,0.15166522098723093,-0.22448257372654154,8.397091838929782e-05,0.6301561991373699,0.1371140480041504,76.98150126869854,28.779087998625133,73.03840408850658,18.250224823752575,49.476134388378796
0.09893156750000001,0,41.40521672,0.28289448468820655,-0.281058158938167,7.711288683433435e-05,0.7397317886352539,0.15915775299072266,76.8581697166306,28.644917450344682,187.2290940991545,34.91345177845756,117.49111065545964
0.14085848000000004,0,43.37057822000003,0.414507299270073,-0.43102413809018336,8.397091838929782e-05,0.6301561991373699,0.1371140480041504,77.0106018357279,28.786867938695117,137.22949031506107,27.986554426705545,68.08578808346704
0.12562634,0,37.97694266000002,0.4432310760967674,-0.393524994082331,0.0001552692533234929,0.6322150230407715,0.1382284164428711,77.27956501965758,28.79707382750264,185.35180605096434,32.03315889552508,90.88732723537403
0.09937305250000002,2480,41.439396920000036,0.49816610496219,-0.46961774709376103,9.208205715746468e-05,0.7053788503011068,0.10391569137573242,77.23596727941796,28.57684157479515,181.86196660372843,32.11665650421016,80.50521368396348
0.12245905500000002,0,34.234210759999996,0.4919367481527157,-0.47347233691164325,0.0001552692533234929,0.6322150230407715,0.1382284164428711,77.30046403052071,28.844237253588403,211.19655483653145,32.073596172788754,96.89523139388076
0.1017513075,1888,34.75374980000004,0.5867551686360895,-0.5580393352469815,0.0001552692533234929,0.6322150230407715,0.1382284164428711,77.3096440085232,28.839552049934348,222.5030569694888,31.117556085152486,84.20731696786032
0.11169833250000002,1071,42.76558868000001,0.46822300645649456,-0.4688242630315139,9.330361674741994e-05,0.712843656539917,0.1165914535522461,77.13077146444505,28.58095280414602,163.53776234306554,30.83315395276763,75.66658436865073
0.15359507749999998,1347,38.899808060000055,0.2619061541487479,-0.29282532213617396,0.0001552692533234929,0.6322150230407715,0.1382284164428711,77.2636036030166,28.841954517481888,160.74874929641237,30.726711840632767,102.17906350322099
0.0976432475,0,35.39975558000003,0.46157115964617534,-0.43777462133782913,0.0001520350962984842,0.547762393951416,0.12106871604919434,77.21635742196246,28.870766262644892,224.18630807509192,34.295151652111116,107.97852068701232
0.15799856999999998,0,39.46719938000001,0.1925362515954887,-0.2927353456537395,0.0001552692533234929,0.6322150230407715,0.1382284164428711,77.2717794880839,28.837879756633335,154.96273512872438,30.350361542552644,107.13159441572958
0.12112338000000002,3426,42.02387834000001,0.33970809640533045,-0.36207921668838317,8.895342588428118e-05,0.6211264928181965,0.1589803695678711,77.08197696727072,28.798608940382987,163.9936995662457,31.942945656805332,92.78235852734859
0.11408172999999999,0,40.90960382000003,0.4488938237998018,-0.44415222772277224,7.711288683433435e-05,0.7397317886352539,0.15915775299072266,76.90082333571692,28.559455929487942,174.80147490161005,31.88943681836993,84.7191385787043
0.07020391249999999,381,37.79236958000001,0.7190657385078869,-0.6191720179649194,9.208205715746468e-05,0.7053788503011068,0.10391569137573242,77.16389368740491,28.552361289781143,225.06065846110369,27.11407189193902,59.57492584917598
0.10146857999999997,145,35.249362700000006,0.5458149832029535,-0.5200126063662148,0.0001581757076809691,0.6417844772338868,0.1521444320678711,77.19933327614748,28.849300711135626,220.36732078551688,32.27557879926615,91.0630725523724
0.08213509000000001,1760,38.510153779999996,0.6730396433071629,-0.6124384035124594,0.0001456475671880576,0.7663278579711914,0.07316907246907552,77.2183065556701,28.544066347404854,211.69375498261752,28.708034612282855,64.43479665257331
0.13482797750000003,1083,41.69233040000006,0.36187577885577066,-0.39394105281597624,8.974528618691458e-05,0.8087546030680339,0.14197254180908203,77.00792533725732,28.515161224904727,154.80089679109733,30.444188451304857,85.87103810313218
0.09811374500000003,3617,41.31293018000002,0.4915206633676608,-0.46819294873482714,9.330361674741994e-05,0.712843656539917,0.1165914535522461,77.08241815896099,28.648881557681875,183.88241735259317,32.41637900357995,82.5804331291184
0.0886921075,0,39.94914019999999,0.5250634583238748,-0.5119070351073406,8.467832677738762e-05,0.8969619274139404,0.1082615852355957,77.13460656091475,28.407429426582112,199.95464393117982,32.94568650030334,86.48487352038353
0.13860282000000002,0,45.59570924000002,0.2978254514380804,-0.35936027887695504,8.719183587195072e-05,0.8373379707336426,0.24370765686035156,76.84812197956221,28.49068012639308,126.13348744410462,27.539093754683066,75.2679439903928
0.10211724999999999,0,42.15376309999999,0.4399712531033581,-0.4182609087340655,8.340164291130814e-05,0.6686423619588217,0.11760425567626953,76.9139050659123,28.749305423225348,176.06187119858362,32.569077302354565,85.81578432323751
0.11680387250000002,0,40.619072120000055,0.44518560990979233,-0.4654094567056955,8.974528618691458e-05,0.8087546030680339,0.14197254180908203,77.00377601644621,28.53464832344863,174.6782713284573,31.82086553998482,85.76749816140124
0.07343711500000001,0,39.20401184000002,0.6826791797563659,-0.6100221318908499,8.958636967903999e-05,0.8544745445251465,0.11635112762451172,77.17100687457284,28.405850462812644,213.7745607961807,28.653136835650553,63.80863178628222
0.060238737499999986,1,40.62932618000002,0.3408250912482299,-0.2809591904080959,8.974528618691458e-05,0.8087546030680339,0.14197254180908203,76.97379133016048,28.515803146632134,222.15528751272495,37.81561045228311,131.48970647792606
0.162965895,725,39.132233420000034,0.2375129158366799,-0.29613638138590437,0.0001581757076809691,0.6417844772338868,0.1521444320678711,77.16364789726502,28.812990263540307,152.2380604175081,29.729501279767835,99.57233499300041
0.16355082,5468,48.98638507999999,0.26658192502448463,-0.292203029497741,8.605784747293756e-05,0.720656156539917,0.1136617660522461,77.04738815958882,28.635413633764113,82.59809013100835,20.172152287480106,49.12457176069816
0.0987630475,0,40.571219840000026,0.5229851227174432,-0.4749317411263464,7.711288683433435e-05,0.7397317886352539,0.15915775299072266,76.85555453794494,28.60919307477777,187.7261096785761,31.978271004432507,79.9155684651165
0.0910310375,0,34.709315540000034,0.6187909489240495,-0.5596059225253684,0.0001520350962984842,0.547762393951416,0.12106871604919434,77.23853924478763,28.875481546925915,230.71292085951853,30.677018706657492,80.53329572503732
0.0938339475,196,40.000410500000044,0.3923586634710277,-0.3796338504521726,8.895342588428118e-05,0.6211264928181965,0.1589803695678711,77.08643734083492,28.826282042112986,198.38881670382864,34.83734356080338,105.75242174681439
0.08001891,429,37.81971374,0.6251503069425987,-0.5895191641081511,8.958636967903999e-05,0.8544745445251465,0.11635112762451172,77.15923709067313,28.43833484422082,219.01798294285152,30.93545854145065,76.58254356730961
0.14393828749999998,5311,45.158202680000045,0.27480981475871763,-0.31252133181117375,8.617081325312803e-05,0.9222345352172852,0.10440381368001302,76.9838508402119,28.440967838899983,125.48560464409525,27.415236541395043,77.72046523557108
0.1422324625,4431,39.932050100000026,0.22879937546943294,-0.2654331514324692,0.0001581757076809691,0.6417844772338868,0.1521444320678711,77.18734753426959,28.769786112105148,163.69373883680737,31.63392701731465,108.56199477473122
0.0607709175,0,37.047241220000046,0.6102531336959537,-0.5394965277777778,8.974528618691458e-05,0.8087546030680339,0.14197254180908203,77.01265268685785,28.545193670363545,239.8468324585823,32.62911421048895,87.39403374788523
0.07247434000000001,0,38.38368704000004,0.6512782864052513,-0.5822534259329505,8.431705107650853e-05,0.7819669246673584,0.12369108200073242,77.11713690765578,28.451156714930644,220.734975763251,30.262071042309923,71.68059857463001
0.11139119874999999,3988,40.28752417999999,0.3637773637149074,-0.3645585968420613,0.00013992699419169697,0.707304318745931,0.08461403846740723,77.2959642680721,28.5948725844854,183.03494559898581,33.51444542893695,101.90476920098347
0.1252174425,437,44.43358244000001,0.36970967648000924,-0.3912791419934573,8.031308860090292e-05,0.8098287582397461,0.1892242431640625,76.91385584522716,28.475996615541003,143.34894259331202,29.554950005854522,77.68805937777879
0.1502473375,5948,41.12835710000002,0.12484643245892674,-0.1732329469253343,0.00014701965174594988,0.6609047651290894,0.12557220458984375,77.27889805784724,28.670300350318772,151.54966318295396,30.60809353285795,112.96276798539769
0.0848577275,1023,40.85833352000003,0.6228699355274432,-0.564228367528992,8.397091838929782e-05,0.6301561991373699,0.1371140480041504,76.96129424036121,28.844536993246194,194.69308456968906,30.02782824437985,66.10506707639567
0.12986678499999998,1214,42.427204700000004,0.31943116634799246,-0.36232116527135994,8.605784747293756e-05,0.720656156539917,0.1136617660522461,77.03891296279028,28.55575831940069,154.69020933562308,30.928067297490752,90.37368005046443
0.13009711125,5013,39.28091729000005,0.29997224484318336,-0.3307335897692077,0.00013992699419169697,0.707304318745931,0.08461403846740723,77.30590199079887,28.58048723939187,176.19726623052998,32.70211277423076,107.60616264372533
0.09593833000000002,2694,42.47163896000001,0.5492207728760564,-0.5323395104979586,8.958636967903999e-05,0.8544745445251465,0.11635112762451172,77.19872808745389,28.4379236900662,176.35619081686366,30.767956189714383,71.28765952480015
0.1363700675,2340,43.64401982000004,0.3075840603943514,-0.3433836035831727,8.974528618691458e-05,0.8087546030680339,0.14197254180908203,76.97651642817257,28.456527747679118,141.3593252346625,29.409673722519983,83.88070437637374
0.1475842925,0,41.02239847999999,0.30711296140869665,-0.33921035996788135,7.711288683433435e-05,0.7397317886352539,0.15915775299072266,76.9193236981147,28.550400227966946,150.36476293091368,29.913123419027247,89.77441697192455
0.072335575,0,37.084839439999996,0.6886116886116885,-0.5955985259941194,0.0001456475671880576,0.7663278579711914,0.07316907246907552,77.22828851202732,28.47594040027295,228.70081858431672,28.666739037669135,67.08330675509158
0.1442179625,0,46.88772080000001,0.37807017107989527,-0.4253600172684942,8.031308860090292e-05,0.8098287582397461,0.1892242431640625,76.92811972459448,28.4635725488461,110.54841142162968,24.72339633363664,57.81620389395258
0.13260255375,3466,43.66452794000003,0.25851563860035986,-0.2959135537678708,0.00014912515112592523,0.7314157485961914,0.06677722930908203,77.32886786586178,28.481182479748043,145.3521747225874,30.212558112268248,91.64460127413179
0.1515660725,2917,43.39450436000004,0.26869021682462496,-0.29655365805782224,8.974528618691458e-05,0.8087546030680339,0.14197254180908203,76.99264019191024,28.47872171014687,131.8174729445459,28.00845025815402,82.15022391161203
0.10746143500000004,1798,43.53122516000002,0.529289232610597,-0.4880348484339482,8.617081325312803e-05,0.9222345352172852,0.10440381368001302,76.99890249038356,28.442380127317612,160.2112989698045,29.583025402859498,67.19500466121508
0.10550445250000001,0,43.36374218000003,0.4734423331860363,-0.45841352041708955,7.711288683433435e-05,0.7397317886352539,0.15915775299072266,76.88007989014302,28.604491581656166,164.21874417431093,31.013914048609752,75.44723944376969
0.07327481,470,38.64003853999998,0.6946713864624412,-0.6082386000766381,8.431705107650853e-05,0.7819669246673584,0.12369108200073242,77.13607306568156,28.506230867863994,217.446617670656,28.157874084965567,62.370858590172894
0.1091691575,0,34.41878384000006,0.5637136018514115,-0.5506455128473824,0.00015186386745350924,0.5615221659342449,0.1089315414428711,77.29571531957039,28.870978362357107,219.19170470664278,31.322913899832432,86.65289586396334
0.1142043525,1,41.21722562000002,0.4236610661034581,-0.422575849208749,7.711288683433435e-05,0.7397317886352539,0.15915775299072266,76.87361727716116,28.570055290514436,173.16727762128392,32.107625639614405,87.44967647979763
0.135072425,0,42.17085320000001,0.33336327603049676,-0.37444587196314694,8.974528618691458e-05,0.8087546030680339,0.14197254180908203,76.95715748973967,28.539768166448276,151.97040978357802,30.38661250146373,87.70759519219634
0.10532735250000001,1048,43.965313700000024,0.3817164463342174,-0.3804545611789532,9.208205715746468e-05,0.7053788503011068,0.10391569137573242,77.22306994338223,28.563466619478756,162.26042329478355,31.989113798076303,86.28737544062999
0.1004452225,2193,40.851497480000035,0.5152811405432359,-0.5078076426419245,8.974528618691458e-05,0.8087546030680339,0.14197254180908203,76.98738913985139,28.51855512503644,184.64200789927736,31.902006111786484,80.11520988371429
0.09766370750000002,1,36.53795624000003,0.5257047001940598,-0.48466556136656064,0.00015186386745350924,0.5615221659342449,0.1089315414428711,77.27320161590455,28.874232679154453,215.44750510080166,32.93795368273943,91.51476862583539
0.14700242000000002,5845,46.38185384000002,0.2278627992847357,-0.27171926111218014,8.397091838929782e-05,0.6301561991373699,0.1371140480041504,76.97228220368476,28.788121582119306,115.49323374926098,26.11384204305026,73.46381738957935
0.12439208499999999,0,45.893076980000046,0.4450548852794308,-0.4616722054713119,8.296685417903404e-05,0.9189741611480713,0.16247224807739258,76.8789407605714,28.44822561337402,131.9385593253254,27.483975886454896,63.376150872210246
0.12178533250000001,4874,42.919399580000004,0.37755155402932,-0.3971982720516734,8.974528618691458e-05,0.8087546030680339,0.14197254180908203,76.99105256050372,28.544382271749317,156.45421544043586,30.939652737276397,84.54146515870407
0.08758449000000001,1174,40.61223608,0.6444619675874163,-0.5947065671437375,0.0001456475671880576,0.7663278579711914,0.07316907246907552,77.17818641316462,28.46676815841273,193.71985128843323,29.07923062198363,63.04218005053203
0.10587141250000001,779,43.080046519999996,0.4651010697978604,-0.4722917282171562,8.431705107650853e-05,0.7819669246673584,0.12369108200073242,77.11362114446561,28.542917740482004,166.0885352009259,31.291124309497185,77.81130664012028
0.10903809250000002,4677,38.76308726000002,0.3456436333340515,-0.3348865377079548,0.00015456825503671703,0.6664888858795166,0.1231832504272461,77.15931071105327,28.68929898172662,195.50109891911734,34.42366104856383,112.54595443471706
0.11726933750000001,729,48.025921460000006,0.4100972754082485,-0.40021853829103043,8.605784747293756e-05,0.720656156539917,0.1136617660522461,76.98555086092213,28.62719075497118,123.1239988110982,26.836256074558,60.94435719847675
0.11182397999999999,0,42.310992020000015,0.48214916931778024,-0.4166200661727015,8.895342588428118e-05,0.6211264928181965,0.1589803695678711,77.14907096516141,28.849435882741673,166.26674801454237,30.829956318117812,74.63282582541972
0.1718204825,1,47.10305606000003,0.26106302825181793,-0.33300189601641583,8.296685417903404e-05,0.9189741611480713,0.16247224807739258,76.90762510687509,28.412695245692085,89.71122079952295,21.332826497826446,55.24266475678673
0.08114099250000001,0,40.54729370000001,0.5916390517461126,-0.5555660294781068,8.958636967903999e-05,0.8544745445251465,0.11635112762451172,77.18529362647344,28.42087696775144,200.4785866511702,31.4754425424389,74.96579824672217
0.13641494750000002,4966,45.342775759999995,0.2472313365303522,-0.2768891409844331,9.330361674741994e-05,0.712843656539917,0.1165914535522461,77.07171861971615,28.64165358242567,130.84933845127944,28.430460314359227,82.6666097801659
0.11316144249999999,0,39.98673842000005,0.2051885968284143,-0.21631610873643958,8.717988434341351e-05,0.668123722076416,0.16960620880126953,76.83977990519008,28.659833565119587,187.100229838146,34.63452757126643,129.53470341557198
0.135675775,3605,44.143050740000035,0.27727472318811347,-0.30321908809657877,9.186525787501725e-05,0.6743142604827881,0.1063375473022461,77.09160093157902,28.72362395014345,139.14060569311334,29.33569131386019,84.7761936640692
0.09196103250000001,1920,39.07070906000001,0.5441507629150861,-0.5104876020169464,0.00014912515112592523,0.7314157485961914,0.06677722930908203,77.26481706997153,28.54579592364343,202.8408703953777,32.45770061387922,83.37350069145067
0.11304525500000001,0,45.14453060000005,0.35825179553253644,-0.3703665568369028,8.895342588428118e-05,0.6211264928181965,0.1589803695678711,77.06637937342418,28.775610370745788,148.35370291978631,30.551259631466287,80.44656619831076
0.17435271,0,36.62340674000001,0.24540269352561897,-0.3103621301300095,8.4618303012062e-05,0.5411269664764404,0.13683176040649414,76.98123270987772,28.863731866015023,159.39104180255498,29.608201622828453,103.40004251796846
0.12010568750000003,0,39.73380494000003,0.4413964245319648,-0.4665414739156323,8.991754130804885e-05,0.5436716079711914,0.14101839065551758,77.07746021204872,28.86834058087286,178.09638808973045,31.945630249328048,86.22576914613454
0.086732705,0,39.033110840000006,0.6014587595461074,-0.5670695314831394,0.00014912515112592523,0.7314157485961914,0.06677722930908203,77.25561846871486,28.450592864320832,206.0411802193173,31.14163869077944,74.82419453987866
0.09209849125000001,0,39.44498225000001,0.621306259859521,-0.5945129966746309,0.0001552692533234929,0.6322150230407715,0.1382284164428711,77.33312903316487,28.762657728519695,198.54492739608474,29.972170111415924,67.9686874383595
0.13197356000000002,1628,44.847162860000026,0.3119920384806768,-0.328614277144571,8.340164291130814e-05,0.6686423619588217,0.11760425567626953,76.92635084160914,28.678510753897545,136.37822232630265,28.943285993418645,78.93429941389432
0.14937891500000003,6273,45.6230534,0.18486762593209136,-0.22998988027956466,8.974528618691458e-05,0.8087546030680339,0.14197254180908203,77.03709006797118,28.516307716748532,119.96476631009477,26.81732419389433,82.1620641207884
0.08266968999999999,0,37.853893940000034,0.6243087572317083,-0.5641025641025641,8.605784747293756e-05,0.720656156539917,0.1136617660522461,77.03713955935307,28.564615535091704,216.68788812425737,30.799924348387044,74.93150147821078
0.0746171675,56,36.62340674000001,0.48566518873965525,-0.44357633419444265,0.00015456825503671703,0.6664888858795166,0.1231832504272461,77.17818918365089,28.748813319787256,234.16176576162587,35.288368606602866,109.2203225808759
0.09991015500000001,254,38.575096160000044,-0.047737004819786065,0.0472338831304815,8.340164291130814e-05,0.6686423619588217,0.11760425567626953,76.86297474639179,28.74773134361094,192.71287896673266,33.74504418857382,177.8641027940421
0.18604147499999998,4020,47.47562024000001,0.31002977525798425,-0.29427824483812953,8.895342588428118e-05,0.6211264928181965,0.1589803695678711,77.13569443268467,28.787591002530146,74.4905230564708,18.141585705565014,41.3718204094097
0.12049704,2177,44.82323672000001,0.3831930211289075,-0.40447772744319505,8.031308860090292e-05,0.8098287582397461,0.1892242431640625,76.91273038908149,28.46987817296607,144.07658018814914,29.65854879313567,76.44305730703375
0.13816336999999998,2858,42.998014040000044,0.30381298568398163,-0.34733780933129915,8.467832677738762e-05,0.8969619274139404,0.1082615852355957,77.07118951509615,28.42585647822258,144.47895396971535,29.70815854171112,87.12085201714366
0.14461026375,6119,41.641060100000004,0.16183755679859363,-0.20276513994501874,0.00014912515112592523,0.7314157485961914,0.06677722930908203,77.32344877676941,28.509812952921816,151.77996967536342,30.759798013035827,108.88450289356864
0.14852091500000003,129,46.668967520000024,0.29872943750262937,-0.3688067089021544,8.031308860090292e-05,0.8098287582397461,0.1892242431640625,76.85397117998977,28.4676265045182,110.55661345601447,25.07971068515514,64.92750045319913
0.13598633250000003,4125,41.680367330000024,0.2841233632101737,-0.3086439338700771,0.00013992699419169697,0.707304318745931,0.08461403846740723,77.3450468566738,28.579757563641312,155.6883376654049,30.989597332975887,95.62796351008778
0.1244269275,2359,40.769465000000025,0.35567671777570264,-0.3828955616465296,8.895342588428118e-05,0.6211264928181965,0.1589803695678711,77.14866566742428,28.80513248923202,169.5307872895795,32.116642200103115,94.21581643040447
0.1309487175,0,51.21493412000001,0.25670427101597904,-0.3003341001204951,8.605784747293756e-05,0.720656156539917,0.1136617660522461,76.99770936172254,28.64231689855526,92.52715669465579,22.503128906002257,55.845838766088015
0.08909487249999999,0,38.458883480000054,0.5773776564260211,-0.544505586957741,0.0001552692533234929,0.6322150230407715,0.1382284164428711,77.27250463987976,28.83408291827269,208.5153334798796,31.86569156827109,79.48745313179073
0.16856728749999997,4324,51.19442600000002,0.2409351585092589,-0.2305068514523357,8.036239547384044e-05,0.675431489944458,0.08529806137084961,77.00445988296119,28.68105647542016,62.98051391329625,16.22033596021972,37.91042555576623
0.12559958250000003,1519,45.53418488,0.18934289096235357,-0.23815752335451357,8.617081325312803e-05,0.9222345352172852,0.10440381368001302,77.03736331259822,28.428586555297716,139.5083486622508,30.005428435745088,97.00822656871605
0.08938288,0,34.32307928,0.6241668534487844,-0.5685981862097252,0.0001552692533234929,0.6322150230407715,0.1382284164428711,77.29379280455068,28.83531164306745,234.40920831030212,30.556059772238616,81.57289396942704
0.10914998999999999,1548,39.754313060000015,0.5324641174537088,-0.5183733729930415,8.431705107650853e-05,0.7819669246673584,0.12369108200073242,77.06199188096636,28.51853040655143,184.74312519819898,31.174784982490234,77.48293560457455
0.129608175,1352,41.883739520000006,0.3200072494562907,-0.34013711189434576,0.00013992699419169697,0.707304318745931,0.08461403846740723,77.2764757368961,28.622210673464988,158.60416373775286,31.289497129214002,92.74005977122181
0.14428421000000002,6708,41.07025076000002,0.15989308216126766,-0.19762123800762255,0.00015456825503671703,0.6664888858795166,0.1231832504272461,77.16427333019078,28.658932779630756,155.93586195784303,31.154384421628908,111.93490316734967
0.07425482750000001,0,40.051680799999986,0.6428576491519057,-0.5682687037776321,8.431705107650853e-05,0.7819669246673584,0.12369108200073242,77.11828181173537,28.465875454722507,208.2402427901461,30.204650836600788,68.61793026240412
0.11814246249999999,3005,42.87154730000003,0.43903568142796034,-0.4523292742789215,0.0001456475671880576,0.7663278579711914,0.07316907246907552,77.1641697228289,28.462644517507126,158.3083346364524,30.568728545193167,77.17363810183537
0.12445211750000001,4337,42.73311749000004,0.29282880206399153,-0.31310858696982835,0.00013992699419169697,0.707304318745931,0.08461403846740723,77.33430828689248,28.608685354272247,157.52026155017347,31.549264699405725,95.42887014762127
0.13151334750000002,4347,43.79783071999998,0.26658818693125547,-0.28947001306261183,9.330361674741994e-05,0.712843656539917,0.1165914535522461,77.12704506688264,28.642655736864032,145.11494072371727,30.18694968509436,90.37791064753061
0.10717686500000001,0,42.08540270000003,0.4947533979670884,-0.47843298873326096,8.991754130804885e-05,0.5436716079711914,0.14101839065551758,77.07997040404246,28.85936274635615,171.25734175081425,31.160653069506107,74.75901421136211
0.11327174500000001,3495,41.68720337000002,0.45415278872974224,-0.44890061565523304,0.00014912515112592523,0.7314157485961914,0.06677722930908203,77.28289764941505,28.500028553120416,170.02460996032266,31.504382333396894,81.16417967829369
0.164867245,2,37.37195312000006,0.25303572536770025,-0.2981574449617719,8.895342588428118e-05,0.6211264928181965,0.1589803695678711,77.11116833110857,28.797040171150293,161.95711648808157,30.26235974940146,104.67834954732017
0.07380941,689,37.24548637999999,0.7431191482256843,-0.6140544911817523,7.711288683433435e-05,0.7397317886352539,0.15915775299072266,76.86084464542175,28.567596049526262,225.30993712652855,25.57235843500983,55.191087773807176
0.13099863,3812,43.56540536,0.29683145341674333,-0.32169937827624034,8.895342588428118e-05,0.6211264928181965,0.1589803695678711,77.0788988824947,28.836276844497924,146.44714109564143,30.197345819085555,86.98416199298072
0.11815856375,0,41.25140582000006,0.42688806468653145,-0.4441147434791341,0.0001552692533234929,0.6322150230407715,0.1382284164428711,77.342710252183,28.78284755295858,169.69947868337795,31.65727339547545,84.23347317040664
0.1544349275,172,42.74508056000002,0.2572676550641335,-0.27463497116671526,8.974528618691458e-05,0.8087546030680339,0.14197254180908203,76.97467152273111,28.497179887901822,134.25490185028946,28.24375830035343,85.20324245113451
0.1163959375,0,39.658608500000014,0.18664169356343616,-0.19162433025179756,3.897853951489846e-05,0.6287641525268555,0.1431746482849121,76.91675969697987,28.75808024558489,187.10146703016608,34.54679251823079,132.08312811981932
0.13691201,5435,39.68253464000003,0.3009927850602805,-0.321907228743881,0.00015456825503671703,0.6664888858795166,0.1231832504272461,77.15600704236934,28.715418646047155,168.04567994171555,31.838209445063665,101.66311893753603
0.07918764,0,38.93057024000001,0.6726066180709463,-0.5860012268969831,0.0001581757076809691,0.6417844772338868,0.1521444320678711,77.16258231092414,28.801756698781386,211.2354679613153,28.833965516197168,63.655813910367804
0.12799197250000002,0,42.97750592,0.4237291881945326,-0.411205380861354,8.340164291130814e-05,0.6686423619588217,0.11760425567626953,76.92946561572668,28.659602041682067,150.04121754973983,29.64436627188368,74.09152198864075
0.10177955000000001,3811,42.998014040000044,0.5744644774769683,-0.5227729916473521,8.431705107650853e-05,0.7819669246673584,0.12369108200073242,77.10506181736196,28.528962235654618,167.45382413554967,29.28470657298507,63.450672852361436
0.1097203675,3026,34.02912956,0.42855483945886313,-0.42582290217895236,0.00013992699419169697,0.707304318745931,0.08461403846740723,77.25476791554374,28.559773192712854,223.9760002164898,33.98884251965864,116.30100196320211
0.10538623,100,42.574179560000005,0.49235678686251794,-0.48077344986866066,8.031308860090292e-05,0.8098287582397461,0.1892242431640625,76.88331473782765,28.476681089537045,169.3682954970916,31.122207310067648,76.01612612017664
0.0947971625,437,39.38858492000003,0.5718688077810212,-0.48748920463283907,0.0001552692533234929,0.6322150230407715,0.1382284164428711,77.25637097567493,28.79257715000828,197.8365931312926,31.40135082157046,75.86745738291314
0.10909598000000001,3690,42.051222499999994,0.4579762494983119,-0.4496000751142851,8.605784747293756e-05,0.720656156539917,0.1136617660522461,77.03402514169807,28.552835633295537,170.78084418212984,31.661126330716623,80.90755891496168
0.13274658500000003,0,44.64891770000003,0.373143679992965,-0.4126873731290961,7.711288683433435e-05,0.7397317886352539,0.15915775299072266,76.94439689567092,28.564536788218508,135.735389122416,28.432336241294855,72.35316396907267
0.1265020775,0,41.42572484000004,0.3650685933249481,-0.376227521247545,8.974528618691458e-05,0.8087546030680339,0.14197254180908203,76.95374574194977,28.530586537376998,163.20844162436833,31.46361888109376,90.51751719043159
0.1052593725,0,40.74895688000004,0.4644580997872194,-0.4781336120878077,3.897853951489846e-05,0.6287641525268555,0.1431746482849121,76.93604614440135,28.84666814477346,182.60827355449896,32.51832050116803,85.56280170017735
0.0767804,361,39.132233420000034,0.7062449879711307,-0.6266529690729038,8.974528618691458e-05,0.8087546030680339,0.14197254180908203,77.04986218469887,28.457838136480063,211.07632437836105,27.283895546433868,58.423176770800666
0.117640505,4185,45.421390220000035,0.36079216136078,-0.38015061228783403,8.974528618691458e-05,0.8087546030680339,0.14197254180908203,77.00891270514836,28.486411461237726,142.66299944088064,29.76230600435115,78.09279508771712
0.07336193000000002,0,34.302571160000014,0.11223410647758665,-0.10966697640957994,0.00014912515112592523,0.7314157485961914,0.06677722930908203,77.33842468380602,28.523403781374057,257.7323058533654,38.388898719305146,209.02736824096309
0.140300395,5157,46.39552592000001,0.23716619209992842,-0.27606524090670104,8.974528618691458e-05,0.8087546030680339,0.14197254180908203,77.02353035022465,28.46989510979621,120.53782467533915,26.97346178700914,77.2347353481925
0.14361690875,4917,43.78928567000003,0.2439748240118139,-0.2852851251422071,0.00015226489729356117,0.7993351618448893,0.09926128387451172,77.34207280010287,28.419651443295763,136.00886971798786,28.860762387237163,87.53154881327946
0.151378825,9,40.478933299999994,0.33545354556208107,-0.36457902605044684,0.0001581757076809691,0.6417844772338868,0.1521444320678711,77.1790375681528,28.805197421104307,150.37580030251934,29.577873441757536,85.57060336018556
0.14283804000000003,0,45.31543160000001,0.3214522384330425,-0.36449908577966733,8.340164291130814e-05,0.6686423619588217,0.11760425567626953,76.90426600303911,28.6570432092166,124.17167709913576,27.04385291987445,70.38025664302027
0.131017825,1259,39.44327324000005,0.43140531741725446,-0.44060549466751864,0.0001581757076809691,0.6417844772338868,0.1521444320678711,77.15738120196926,28.816229130771713,171.53333893513854,31.174491130524878,85.071160323411
0.1743479525,0,41.880321500000036,0.1882185139078589,-0.2637452761920077,8.036239547384044e-05,0.675431489944458,0.08529806137084961,76.9666487832801,28.70293152617233,125.77962957227896,26.780491575856324,85.8369314063745
0.16806780500000004,0,43.917461419999995,0.24033371575790508,-0.30718891858639846,7.711288683433435e-05,0.7397317886352539,0.15915775299072266,76.92380479603241,28.59555362307448,115.64281626774266,25.531893392158924,73.63388750522036
0.12562238,791,39.316806499999984,0.3843690248565966,-0.3953746085280656,9.208205715746468e-05,0.7053788503011068,0.10391569137573242,77.24630433216805,28.63219057144555,177.7135343813187,32.33948679004823,95.8778158093689
0.09927243000000002,4385,42.081984680000005,0.3654956195610771,-0.36242179734549496,0.0001456475671880576,0.7663278579711914,0.07316907246907552,77.24617829753676,28.544359994227314,180.49925506932857,33.841510941789245,100.2184747553214
0.10593029000000001,0,41.35565543000001,0.5231237995060826,-0.5126132954097087,0.0001552692533234929,0.6322150230407715,0.1382284164428711,77.32942953098672,28.78652124319792,176.63566524595524,31.02725531473573,73.93081170366389
0.13066692500000002,1747,43.77732260000005,0.3900376863837457,-0.40072539943751273,8.036239547384044e-05,0.675431489944458,0.08529806137084961,77.02777517608934,28.650893852361726,143.10963964448263,29.187299031547543,74.21907381062978
0.1006037325,1141,42.406696580000016,0.285487055287789,-0.2987329710174187,0.0001456475671880576,0.7663278579711914,0.07316907246907552,77.23245563079887,28.540706965852415,179.00471405903454,34.272476318618615,111.37392927319395
0.09018233249999999,216,40.10636912000001,0.6211943901527454,-0.5456690889548335,3.897853951489846e-05,0.6287641525268555,0.1431746482849121,76.93637673670064,28.824373709098907,195.59943629831605,29.931312147186137,66.80289391575788
0.12396468,0,41.07025076000002,0.44522909437601843,-0.42601333428135446,7.711288683433435e-05,0.7397317886352539,0.15915775299072266,76.90571721283952,28.636985186208662,165.88283759393823,30.900902774608113,80.55022653839727
0.13929142000000003,0,41.114685020000024,0.3011248303782705,-0.34483977721237274,3.897853951489846e-05,0.6287641525268555,0.1431746482849121,76.9317214108462,28.7892878152567,156.50667408451966,30.834107189207653,93.49319819224198
0.154807965,4792,46.37159978,0.1943343768471289,-0.23886028305582216,8.340164291130814e-05,0.6686423619588217,0.11760425567626953,76.92519494544277,28.70062484078427,110.11416961389523,25.217670889525714,73.04178480557809
0.159444685,1701,47.581578860000036,0.40917102130422683,-0.37214600415491617,8.895342588428118e-05,0.6211264928181965,0.1589803695678711,77.1191830557809,28.776530971659028,92.6258868727374,21.34491420855071,44.81505734299159
0.11646185500000003,0,43.39792238000001,0.43342409390694003,-0.4139435501680125,8.895342588428118e-05,0.6211264928181965,0.1589803695678711,77.08478230001113,28.771768615688657,156.12590612143697,30.493942879433565,75.74374942372893
0.09773372250000002,4456,44.570303240000044,0.47428687995104196,-0.46193057690751677,9.330361674741994e-05,0.712843656539917,0.1165914535522461,77.09963207836111,28.617324156383233,161.9601315119952,31.03226834657237,73.80222864865983
0.10193594249999999,3145,41.33343830000001,0.4518683315013131,-0.43843334681048096,9.208205715746468e-05,0.7053788503011068,0.10391569137573242,77.16471606176425,28.57444314847107,181.5640332936341,32.78223209921143,87.36661164774834
0.107395655,0,37.83338581999999,0.4779735119656372,-0.43892117938442016,8.991754130804885e-05,0.5436716079711914,0.14101839065551758,77.06164029466562,28.882489206317853,200.1476525484792,33.012870882319795,92.14922192884367
0.10452405,0,34.770839900000055,0.4356199634319768,-0.43305798531777695,8.4618303012062e-05,0.5411269664764404,0.13683176040649414,77.02370449648602,28.881109068605348,223.2562314316234,34.25010766306902,112.62523532789986
0.1132600025,1,41.456487020000054,0.5068767245598843,-0.5003079295885525,8.974528618691458e-05,0.8087546030680339,0.14197254180908203,76.9623914987844,28.46073999262234,170.44181401062815,30.652556119862624,74.59359991812155
0.0998877425,626,42.89205542000002,0.5097287718492615,-0.5075808793702491,8.467832677738762e-05,0.8969619274139404,0.1082615852355957,77.09946657559222,28.42593620144628,171.17050481280364,31.121143916218678,74.86560570795083
0.12303680250000001,4127,40.877132630000006,0.3349328643075179,-0.34449903565044654,0.00013992699419169697,0.707304318745931,0.08461403846740723,77.29444837936936,28.60461350905863,170.3716359703933,32.400585915674114,98.29651234979767
0.16623462749999998,3148,45.43848032000005,0.1938421301636748,-0.22441391342274566,8.974528618691458e-05,0.8087546030680339,0.14197254180908203,77.0148529908068,28.481818145256604,107.56759795910739,24.551820469437654,72.41908003106755
0.0971129925,0,40.595145979999984,0.4581221979276831,-0.4396279474975498,8.974528618691458e-05,0.8087546030680339,0.14197254180908203,76.96524300399747,28.533028110556348,190.30889214697356,33.402327197738806,92.00570155021057
0.07907317125,0,36.02696225,0.6424715848201774,-0.5897120024510429,0.0001552692533234929,0.6322150230407715,0.1382284164428711,77.33155005675864,28.837648391700068,231.23424496858382,30.43150143676772,76.43874931065302
0.13099748875,4815,43.39792238000001,0.23537279659603408,-0.2768803388220599,0.00015226489729356117,0.7993351618448893,0.09926128387451172,77.31040567433357,28.43515662831006,149.00742061376252,30.74897510447981,97.7070187101374
0.13300373750000002,0,39.720132860000035,0.26425999446034526,-0.29395978228001207,0.0001552692533234929,0.6322150230407715,0.1382284164428711,77.25199383336667,28.797116109273965,171.71937585423223,32.47590720802703,109.07684585645212
0.11096202,2251,39.69278870000005,0.3636067385482934,-0.3729146011797349,9.208205715746468e-05,0.7053788503011068,0.10391569137573242,77.23065784607037,28.63341673758573,187.3769220766735,33.78088339349231,104.71680279499938
0.08019350750000001,0,37.37878916,0.6202659999305484,-0.4935021702111314,8.397091838929782e-05,0.6301561991373699,0.1371140480041504,77.026394245494,28.84426973861308,221.9071122373898,31.15570885960514,77.10611935859316
0.12140498,6166,44.39256620000003,0.34780669334488834,-0.35607629427792914,9.330361674741994e-05,0.712843656539917,0.1165914535522461,77.07914286459513,28.627988356231192,147.19140818424637,30.260013915565153,81.77038576031032
0.13309998750000002,6373,43.57736842999998,0.26527298683315664,-0.28894520193114903,0.00014912515112592523,0.7314157485961914,0.06677722930908203,77.30363989863504,28.476436806696245,145.40341952534413,30.171673932809316,90.88208032024136
0.07368304749999999,0,39.91154198000004,0.3450736007220841,-0.2721130444258781,3.897853951489846e-05,0.6287641525268555,0.1431746482849121,76.88554495295854,28.79849259210431,216.13710655548618,36.96289856247608,124.91307798137156
0.130405675,3115,40.277270120000026,0.3591495823842065,-0.33378423303107774,0.00015186386745350924,0.5615221659342449,0.1089315414428711,77.2837568574358,28.87022995205079,167.99372477440716,31.715862483666694,92.32913175979999
0.11996525875,231,43.127898800000025,0.4319777811605151,-0.44632584800953823,0.0001552692533234929,0.6322150230407715,0.1382284164428711,77.34414332361736,28.755075123653715,155.23266454285977,30.312807159480784,75.54925224462848
0.16653853,663,45.85206074000001,0.3480786706477995,-0.33544456411657847,8.617081325312803e-05,0.9222345352172852,0.10440381368001302,76.98178551500942,28.443439183503468,100.79134245743512,22.922547715277684,55.47589424879077
0.0950341575,11,40.803645200000005,0.533077509561886,-0.49403745778323604,8.605784747293756e-05,0.720656156539917,0.1136617660522461,77.0379689120406,28.557626784910287,188.90477603957868,31.964106346485018,78.62531307253651
0.07250919625,0,37.059204290000025,0.6971688692509876,-0.6284304300455041,0.00014912515112592523,0.7314157485961914,0.06677722930908203,77.25003236848299,28.486298099331606,228.55188425154324,28.226874529061668,65.12021142565105
0.0797057675,973,38.14442564000001,0.5024342389434305,-0.47452902039115386,8.031308860090292e-05,0.8098287582397461,0.1892242431640625,76.92730616065148,28.47231937148567,219.71940731595282,34.49373420993413,99.82652818545449
0.14952029249999998,5070,46.29982136000001,0.19421989719951405,-0.2309899738319956,8.340164291130814e-05,0.6686423619588217,0.11760425567626953,76.9367182697325,28.689266892934043,114.85546821966125,26.05507707328027,76.41140441388558
0.14542411250000004,3379,44.02342004000002,0.21811156013096955,-0.2553411398484904,9.186525787501725e-05,0.6743142604827881,0.1063375473022461,77.11609009383673,28.730548278196977,133.532382663548,28.60105904414901,87.64534098713474
0.0838741625,0,32.84991266000003,0.47941077743343147,-0.41827380016913257,8.397091838929782e-05,0.6301561991373699,0.1371140480041504,77.02818281904152,28.841869520107767,251.0958801676121,34.57614878545945,119.98702154743445
0.14617021500000002,0,41.25824186,0.38634528113222066,-0.43365216353802116,8.617081325312803e-05,0.9222345352172852,0.10440381368001302,76.97145585034518,28.42083059313763,148.14208820572253,29.185648067426772,79.77332715768294
0.1370250075,6444,46.80568832000006,0.16099085198551302,-0.20791241268135405,8.036239547384044e-05,0.675431489944458,0.08529806137084961,77.03999210521269,28.70282966753458,122.05079913819498,27.482612002081627,84.74525444101411
0.09849679249999999,0,40.02433664,0.5258262520984438,-0.4340121467601532,8.895342588428118e-05,0.6211264928181965,0.1589803695678711,77.13873897979038,28.76941243699363,191.5857873383095,32.12605445319562,80.45945552424827
0.12167032750000001,0,43.72605229999999,0.39502534616693286,-0.4181460028609619,8.431705107650853e-05,0.7819669246673584,0.12369108200073242,77.06312554192898,28.546943584604655,150.55020612086616,30.203935797653,78.57045055038228
0.19797917,35,46.419452060000026,0.18023573701429652,-0.25668556376338547,8.036239547384044e-05,0.675431489944458,0.08529806137084961,76.96545678201616,28.677068828750244,75.57153285171717,18.450622988694825,50.01355508358521
0.1054789325,2997,41.555609600000025,0.47873964171615374,-0.4703442682379833,9.208205715746468e-05,0.7053788503011068,0.10391569137573242,77.19695313715671,28.611436892303292,176.6130747260047,31.887236225833423,80.81864390784409
0.10733609,847,41.72992862000001,0.5256613133115609,-0.5100025547891188,7.711288683433435e-05,0.7397317886352539,0.15915775299072266,76.9385691358112,28.583876931907756,172.88595881171545,30.665433274982405,72.56517821967319
0.11064992249999998,393,41.8461413,0.5138548077634747,-0.4878575585299253,7.711288683433435e-05,0.7397317886352539,0.15915775299072266,76.92617426873434,28.635366692219144,169.69904557023528,30.558265936706288,72.76086742196438
0.1337096625,0,40.099533080000015,0.3582700043441713,-0.38781157047660786,8.397091838929782e-05,0.6301561991373699,0.1371140480041504,76.98652122710048,28.81298940591234,166.5656671950527,31.473221060447074,92.2837056808795
0.08782734250000002,0,39.89103385999999,0.18778473091364214,-0.1019767398654925,8.37094887439586e-05,0.5485732555389404,0.15003156661987305,76.92821485707204,28.877789535583783,208.38487720540138,36.94573921473842,147.1646505582005
0.09953850625,636,38.911771130000034,0.5575207651128388,-0.5319942377843352,0.00015226489729356117,0.7993351618448893,0.09926128387451172,77.28536511739918,28.442104380939792,197.55665990687316,31.57203525781631,79.36053854289159
0.11032869500000002,3853,42.97750592,0.414994118739553,-0.41210923019893725,9.330361674741994e-05,0.712843656539917,0.1165914535522461,77.05271496488815,28.598713773974158,164.36969979938385,31.663498513522637,83.24152556356682
0.07287078,0,40.15080338000001,0.566002501042101,-0.3634463235827829,8.895342588428118e-05,0.6211264928181965,0.1589803695678711,77.06486287155145,28.842815501180247,210.35266788629167,32.962505297346844,81.92289848838058
0.13077161750000002,878,47.66361133999999,0.3961531198575629,-0.42240715903344256,8.031308860090292e-05,0.8098287582397461,0.1892242431640625,76.91550436130552,28.473529200035387,115.28366862893358,25.565455465643005,58.68157210951771
0.09829744500000001,0,42.72799046,0.4768393422373195,-0.4644032764296102,8.296685417903404e-05,0.9189741611480713,0.16247224807739258,76.8511283019538,28.436465167552978,174.3243213661358,32.01389943613921,81.39919469474
0.10520008249999999,0,34.31966126000003,0.5053486738645334,-0.4744987731891603,0.00015456825503671703,0.6664888858795166,0.1231832504272461,77.21575361672734,28.747773784393754,224.18585138709864,32.97529512416969,100.99314248770624
0.17562083125000003,3836,46.357927700000005,0.1760666468631496,-0.21546078105985178,0.00014701965174594988,0.6609047651290894,0.12557220458984375,77.34463645675213,28.675852171713803,93.99252365726966,22.199528481423982,63.13200949441391
0.128000855,0,42.30415598000002,0.29451025347089554,-0.31243906376109776,7.711288683433435e-05,0.7397317886352539,0.15915775299072266,76.8655527343045,28.647645539984328,157.58658375560992,31.41424234657424,95.74857272843498
0.1254280375,281,34.79476604000001,0.4811096832716003,-0.5130660406499042,0.00015186386745350924,0.5615221659342449,0.1089315414428711,77.29569722570861,28.870932516211436,205.45197045384452,32.025351839011826,95.13670157492463
0.14723839749999998,0,43.95847766000003,0.28905906023062305,-0.32990639159134294,7.711288683433435e-05,0.7397317886352539,0.15915775299072266,76.91043034884775,28.645700797569354,130.90428925268975,27.94377572580413,78.73750777145102
0.08802077750000001,49,38.26063832,0.6105419873926955,-0.5628385066056817,9.186525787501725e-05,0.6743142604827881,0.1063375473022461,77.07091555604258,28.65948249594997,209.98979888431052,30.893686264111267,74.51190971309599
0.14557979000000001,5541,43.11764474000006,0.21713960330264778,-0.2544627573727197,0.0001581757076809691,0.6417844772338868,0.1521444320678711,77.16826099376549,28.757422683049754,139.6871943190074,29.311837665817436,92.10775804680206
0.11519861499999998,0,43.02535820000003,0.47990742446573326,-0.4691150584093454,8.036239547384044e-05,0.675431489944458,0.08529806137084961,77.00596596513272,28.67668442224277,158.67101009525265,30.11078375934109,71.41524173876414
0.11360939000000002,2901,39.921796040000004,0.34194179771920996,-0.34546222667402565,0.00014701965174594988,0.6609047651290894,0.12557220458984375,77.28053175172629,28.701632140012972,184.19549239242542,33.667860005518264,105.71971768157047
0.15900171500000002,14,42.632285900000056,0.2675905618596569,-0.3139129432049685,0.00015456825503671703,0.6664888858795166,0.1231832504272461,77.17991228881125,28.725553322402998,131.1426457916932,27.683991540768904,80.90988806319082
0.1041111925,4885,45.585455180000054,0.45278757126494884,-0.43590943587149,9.330361674741994e-05,0.712843656539917,0.1165914535522461,77.08778675949691,28.593402016327243,150.17187549330094,29.99876030607211,70.51018484719873
0.13766650000000002,3293,42.181107259999976,0.30397281143794685,-0.3363599240950254,9.186525787501725e-05,0.6743142604827881,0.1063375473022461,77.09025260765733,28.69452614906658,150.48395561042264,30.33136584816794,89.33841275454883
0.11953767500000001,0,36.03208928000004,0.3143693231482536,-0.31317989381158207,8.031308860090292e-05,0.8098287582397461,0.1892242431640625,76.93960056449589,28.4887235310623,205.6291206870477,34.37697636273321,127.18050845901466
0.124122695,3588,42.83736710000005,0.502268439493307,-0.46879306085476646,0.0001456475671880576,0.7663278579711914,0.07316907246907552,77.22604067785005,28.53276664960175,152.33107340130232,28.870071779984244,66.18097170043912
0.1393951225,421,44.98388366000006,0.27710043768057896,-0.3038510738964596,3.897853951489846e-05,0.6287641525268555,0.1431746482849121,76.86039503921796,28.844865086259027,130.29124009273073,28.153972485684765,78.59630277608915
0.1015733275,5,40.755792919999976,0.5172766437643629,-0.49561721135295783,8.431705107650853e-05,0.7819669246673584,0.12369108200073242,77.06113096335866,28.525310818814106,184.34753555424004,31.798084037182768,79.46911767429623
0.10601457750000003,0,36.640496840000026,0.680542447693581,-0.5811301853285369,0.0001581757076809691,0.6417844772338868,0.1521444320678711,77.22827049827998,28.775637032947255,204.86136308266157,27.178624574864813,60.50596152057362
0.10837044750000002,0,40.82757134000002,0.4178516319015387,-0.4156497827101083,3.897853951489846e-05,0.6287641525268555,0.1431746482849121,76.93356999605072,28.77478265749268,180.61234728822615,32.92073729104015,91.52282756101992
0.0785765625,417,36.84899605999999,0.6632267256022941,-0.6095448519664163,8.974528618691458e-05,0.8087546030680339,0.14197254180908203,76.98642799593574,28.46716629037312,225.79920094430747,29.54327349638374,71.52085009178585
0.10885241250000002,0,37.50867391999998,0.4315504003811409,-0.4296293133421578,0.0001581757076809691,0.6417844772338868,0.1521444320678711,77.21596534052803,28.832165173735863,202.10602577679845,33.726407762521895,102.02844152042185
0.0797464675,260,38.58193219999998,0.6559098770871834,-0.5673576097105508,0.0001456475671880576,0.7663278579711914,0.07316907246907552,77.23401830865761,28.489941825249964,213.48992479279184,29.601759190220886,68.14502427577855
0.09557839625,0,37.50183788000004,0.5500192253304057,-0.5142382615444316,0.00014912515112592523,0.7314157485961914,0.06677722930908203,77.32356107630449,28.534796640640877,210.2678789801106,32.35414947475029,85.93766194522875
0.09850749000000002,62,42.632285900000056,0.4732883530582901,-0.4036936533445742,8.895342588428118e-05,0.6211264928181965,0.1589803695678711,77.10841075783773,28.76612792193502,174.89903259864946,32.10890110176505,80.03126220249482
0.11230248000000001,0,45.58887320000002,0.46169134336081286,-0.45407324648888314,9.186525787501725e-05,0.6743142604827881,0.1063375473022461,77.07776560117001,28.725117521872225,143.3861149873211,28.924263334499845,65.8219922019009
0.10695543500000002,4081,41.85639536000002,0.3888277623907627,-0.39816406299733914,8.617081325312803e-05,0.9222345352172852,0.10440381368001302,77.04718245631662,28.41398716813935,175.3761442299757,32.94922041496258,95.12647002246128
0.073064325,0,36.42174355999998,0.6349806490026794,-0.5522501960839735,8.895342588428118e-05,0.6211264928181965,0.1589803695678711,77.10428339666609,28.80849120275213,233.6105239741646,31.04857340212098,78.6796301911104
0.11455362999999998,0,36.85583210000004,0.41367871785314947,-0.4015162245884577,0.0001581757076809691,0.6417844772338868,0.1521444320678711,77.24128137353556,28.779164632836174,202.19973183151075,33.64171061940495,105.34764961451499
0.14843917124999997,14,38.77505033,0.22611161518048373,-0.27651383916541555,0.00014912515112592523,0.7314157485961914,0.06677722930908203,77.31004530041471,28.519772254989253,166.4672978624592,31.53741084300469,112.08992959940298
0.11707066375,3644,41.183045419999985,0.41718263642915193,-0.4161794089165104,0.00013992699419169697,0.707304318745931,0.08461403846740723,77.30310950995266,28.60915870417135,171.25051134981118,31.93287756473104,86.98076506505728
0.07272016249999999,0,38.869045880000044,0.33562238309155246,-0.2675350066528482,3.897853951489846e-05,0.6287641525268555,0.1431746482849121,76.91847412499011,28.806830209711475,224.06763043598664,37.312244610391666,132.07725905502326
0.0839864725,0,42.013624280000045,0.6196741656271963,-0.575026168339388,8.397091838929782e-05,0.6301561991373699,0.1371140480041504,76.96583874266643,28.81585439542652,187.50878872949397,29.798844030668548,63.849356778773036
0.1141568875,2,41.27874998000004,0.42781831737514747,-0.4292950959362971,8.605784747293756e-05,0.720656156539917,0.1136617660522461,76.96478121234034,28.59888759029071,172.6937837519124,32.023564887267504,86.3611082093434
0.12248339250000002,0,41.93842784000003,0.3204287253549082,-0.32189469301759316,8.37094887439586e-05,0.5485732555389404,0.15003156661987305,76.91337152604781,28.870542218822166,163.92109560750464,32.02016639741836,94.73386311534566
0.1296289375,4607,43.12960781000004,0.22076580400207926,-0.27450219320090546,0.00014701965174594988,0.6609047651290894,0.12557220458984375,77.32050088368334,28.660385404540698,152.28328943029533,31.185628963798717,100.71153447198421
0.11561489625,2936,40.23283586000002,0.3709322517147286,-0.380619750114366,0.00014912515112592523,0.7314157485961914,0.06677722930908203,77.27559487713698,28.503983804098425,179.8677763158339,33.06526920002004,99.13134615244859
0.14498312250000003,4538,41.81196110000002,0.13881085389921374,-0.19473950429944364,0.00014701965174594988,0.6609047651290894,0.12557220458984375,77.28957412580687,28.710762897765076,150.83822201651935,30.721270819540198,110.40234681506884
0.11296275499999998,2858,41.79487100000006,0.41590971321087167,-0.42948143963750657,8.958636967903999e-05,0.8544745445251465,0.11635112762451172,77.19551456104419,28.43196726345879,170.38699095839115,32.04572377189377,87.77198404737354
0.13347077,0,33.29425526,0.4565247718123481,-0.4900887400543348,0.00015186386745350924,0.5615221659342449,0.1089315414428711,77.31072576407823,28.85624210811486,209.0717170646737,31.90788149277935,101.79151898506404
0.10504685250000001,2601,42.816858980000006,0.5238035927601298,-0.4995236583042236,8.617081325312803e-05,0.9222345352172852,0.10440381368001302,77.04154313190848,28.43802923226543,167.24728696773718,30.3602211634018,71.23512609591195
0.11098822750000002,1478,41.04632462000001,0.355178330929153,-0.36472289156626503,8.974528618691458e-05,0.8087546030680339,0.14197254180908203,76.97759762850893,28.498616517102246,178.41728830381317,33.31577907129446,101.2473858718327
0.10634694250000001,832,40.05338981,0.5327218288104176,-0.5107553483959935,0.00013992699419169697,0.707304318745931,0.08461403846740723,77.2725724098335,28.613966168806762,184.95861578861638,31.299207168886973,76.91646256998553
0.0881575075,181,40.76433797000004,0.5616914776051486,-0.5297500031838616,0.00014912515112592523,0.7314157485961914,0.06677722930908203,77.28547576288591,28.451726858099345,194.0438276732899,31.783026925606798,76.34377681327074
0.102704375,2768,40.10978713999998,0.4111380480709288,-0.4056758043482761,9.208205715746468e-05,0.7053788503011068,0.10391569137573242,77.23897811099229,28.624363565487492,190.14629734202094,33.80414664124629,98.62803088830388
0.0879881625,3,40.86858758000005,0.6679078957367582,-0.5635476888511384,3.897853951489846e-05,0.6287641525268555,0.1431746482849121,76.88973794965504,28.75840140466369,191.12531961847583,27.987125746250374,57.67055351726142
0.15140065999999996,1617,42.05464052000002,0.31410081314479027,-0.3307091640247665,8.340164291130814e-05,0.6686423619588217,0.11760425567626953,76.94624966883019,28.672037191155262,140.13466230061442,28.720645158939803,81.60690091195738
0.13540652250000001,5090,43.28854574000002,0.16583678064075025,-0.20596366649759615,0.00015456825503671703,0.6664888858795166,0.1231832504272461,77.19311062963142,28.650310575389756,147.81599358823428,30.704024048693356,104.31173395322939
0.06962413000000002,311,44.768548399999986,0.3791823037668035,-0.3085835939560647,8.340164291130814e-05,0.6686423619588217,0.11760425567626953,76.88042922176928,28.70044422098449,185.25266512407927,35.06320015818824,99.57041611629512
0.0835309075,16,43.47995486000002,0.44006132071819576,-0.38861596810559784,8.036239547384044e-05,0.675431489944458,0.08529806137084961,77.02696547518352,28.69445578378391,181.74828856876786,33.630705291581464,88.58306727783578
0.13189063375,2170,39.84147257000001,0.4498467395263148,-0.4483643258919324,0.00014912515112592523,0.7314157485961914,0.06677722930908203,77.33896097191284,28.526777845900618,167.76036386477153,30.6407925620961,80.97729198754955
0.1335930075,3427,44.09178043999998,0.31993020168466707,-0.34044519801951056,8.340164291130814e-05,0.6686423619588217,0.11760425567626953,76.94164237091766,28.706461590922604,140.18382774888403,29.29416081444466,80.53252785801209
0.16121257749999998,2118,45.110350400000016,0.2766341081950718,-0.32137609618031737,0.0001456475671880576,0.7663278579711914,0.07316907246907552,77.1836288723042,28.46376242604376,111.96001146394963,25.07256059822837,67.68980245606642
0.08746943,0,40.53703963999999,0.40150667444169513,-0.35795437192682406,3.897853951489846e-05,0.6287641525268555,0.1431746482849121,76.85404886943756,28.769030807886878,199.66101217243465,35.07803104813304,104.85379554095391
0.10811808,0,39.42276512000001,0.5220095977249838,-0.504265697003765,8.4618303012062e-05,0.5411269664764404,0.13683176040649414,76.95743119645215,28.883383187444608,188.0290051184196,31.61732858221638,78.9362589890806
0.0887051425,0,40.087570010000036,0.5510013538116801,-0.5217530704251157,0.00014912515112592523,0.7314157485961914,0.06677722930908203,77.26015100177987,28.459738595620415,198.44155611662256,32.248660718487244,80.10093709622926
0.1447162075,6318,41.470159100000046,0.11285755025433897,-0.16211424455648518,0.00015456825503671703,0.6664888858795166,0.1231832504272461,77.16831069932859,28.665603767037283,153.93917464364608,31.09030714279339,116.37115938603901
0.10909563624999997,2671,40.42937201000001,0.40848602057318156,-0.41091827327748615,0.00014912515112592523,0.7314157485961914,0.06677722930908203,77.29509524347445,28.530678760115805,182.93476947075396,33.14559186199872,95.10986396306104
0.15341146,0,43.89011726000001,0.1330902672952324,-0.18993268949370792,3.897853951489846e-05,0.6287641525268555,0.1431746482849121,76.92517241478177,28.830282199262516,130.0149349065241,28.15367729393558,93.99891320770334
0.106800335,2032,38.53407992000001,0.5207230988604358,-0.4550825957038958,0.0001552692533234929,0.6322150230407715,0.1382284164428711,77.2509743374375,28.78262022534494,195.06129389753346,32.017126801137465,83.2003458591317
0.127549525,840,41.23773374000001,0.35601237685386067,-0.38223938223938214,8.4618303012062e-05,0.5411269664764404,0.13683176040649414,76.95625330715399,28.85272284547856,163.85027096038698,31.548806920925553,89.95604714797983
0.108533935,1,42.56050748000001,0.5281999932495529,-0.5120137586339324,8.605784747293756e-05,0.720656156539917,0.1136617660522461,76.97357953512658,28.550576171746712,166.13713880174976,30.065495421538984,68.8823040883695
0.1202552875,3431,39.313388480000015,0.3352906866246796,-0.33770155995587997,0.00014701965174594988,0.6609047651290894,0.12557220458984375,77.26727894251964,28.702733035613974,183.0910733932069,33.339393956122706,106.23776429017205
0.07712739500000002,0,37.32410084000003,0.6570659596689965,-0.5674857504749843,8.031308860090292e-05,0.8098287582397461,0.1892242431640625,76.91444148933869,28.524548079258413,223.94643435611988,29.859832633923656,72.09422044508526
0.07778676250000001,243,37.48474778000002,0.7112239970168779,-0.6333539495641418,0.0001456475671880576,0.7663278579711914,0.07316907246907552,77.23484726231685,28.527778892352483,221.2098768701012,27.184544829582357,60.34311147578002
0.09655243250000001,0,41.94526388000003,0.40942463343524566,-0.375298506946127,3.897853951489846e-05,0.6287641525268555,0.1431746482849121,76.87879461694001,28.75844727071843,182.62949721661084,33.630652455362664,93.6694886169254
0.12419524000000001,4,41.80170704,0.3499745709588523,-0.3817946296699838,8.036239547384044e-05,0.675431489944458,0.08529806137084961,76.99377546736906,28.744029926580744,162.82560058780598,31.647431663630307,91.07423650488016
0.12118588750000002,3321,42.47163896000001,0.39095121286454076,-0.4079768988127535,0.00014912515112592523,0.7314157485961914,0.06677722930908203,77.25685680093106,28.50929209180155,159.72025646935208,31.131542023936763,84.06883873443073
0.0860845575,0,38.99551262,0.5709217765362397,-0.5368882958248864,8.431705107650853e-05,0.7819669246673584,0.12369108200073242,77.13026100618325,28.525624197222378,207.46986593708687,32.15967416184625,81.17701300854347
0.0775734725,346,38.61611240000002,0.6867348242034265,-0.6093238632407214,8.431705107650853e-05,0.7819669246673584,0.12369108200073242,77.10689048714971,28.456150525028296,214.338547245796,28.312574841379288,62.88906396896846
0.14192512250000003,1523,44.618155520000016,0.264764530105237,-0.30423132485204335,8.895342588428118e-05,0.6211264928181965,0.1589803695678711,77.05638139243608,28.76310611228266,131.1148901282237,28.237801025316934,80.48846943438559
0.15042732500000003,6510,42.87154730000003,0.12205668559499985,-0.18029487112458822,0.00015456825503671703,0.6664888858795166,0.1231832504272461,77.15906264915775,28.745897356580684,139.65079399236743,29.408928233892627,103.34604806015815
0.11943280374999998,3909,43.03903028000002,0.2008084339323757,-0.23892289137614262,0.00014912515112592523,0.7314157485961914,0.06677722930908203,77.2993323523621,28.51695272614758,161.51552807101473,32.507438769387306,110.67459627672443
0.08656204,0,40.05509882000001,0.31920486564497286,-0.2820136077138205,8.036239547384044e-05,0.675431489944458,0.08529806137084961,77.01955421194295,28.729079285037432,205.435022225725,36.16834822638699,123.08114618375888
0.1138718775,0,44.83690880000006,0.508458979259574,-0.5037753157857597,8.719183587195072e-05,0.8373379707336426,0.24370765686035156,76.84787973544314,28.46790738895739,146.37569207921138,28.47406413480963,63.007510060301506
0.08159961,0,34.71615158000003,0.5442105263157894,-0.45598306150130674,0.0001520350962984842,0.547762393951416,0.12106871604919434,77.22988515610335,28.876212726475668,239.73351779320848,33.50094251163906,99.27179521606317
0.1201213075,0,42.36568034000004,0.4370930856320054,-0.4478850803584128,0.0001552692533234929,0.6322150230407715,0.1382284164428711,77.33756029775644,28.755437077671406,160.26406519594195,30.697402433289017,77.65389114919341
0.13362232250000003,4489,45.65723360000004,0.28249240229619493,-0.3001147057587095,8.991754130804885e-05,0.5436716079711914,0.14101839065551758,77.08728329793345,28.853270235977117,130.0423298804061,28.255473321261224,77.13482540143164
0.11807374000000001,328,42.461384899999985,0.4264707536874318,-0.431964491427797,8.974528618691458e-05,0.8087546030680339,0.14197254180908203,77.029401436435,28.542467243315624,161.4812583187886,31.007677712841613,80.97489915662496
0.07527681,796,41.26849592000002,0.580886874898851,-0.46375562864785075,3.897853951489846e-05,0.6287641525268555,0.1431746482849121,76.89727658281981,28.847736997142338,200.47493492374235,32.024966356554636,75.15227217445413
0.0910379125,385,43.15182493999998,0.3546720522274149,-0.3383084192373425,8.036239547384044e-05,0.675431489944458,0.08529806137084961,77.04015825038017,28.717837457203892,179.96339621583775,34.202736364326874,100.46722982469493
0.14096529000000002,575,39.70646078000004,0.24091690116293552,-0.27523751639422933,9.186525787501725e-05,0.6743142604827881,0.1063375473022461,77.12824498159999,28.658602605838198,165.9485529651181,31.80722723318431,108.77542973943507
